,chromosome,source,feature_type,start,end,score,strand,phase,attributes
1731171,NC_000007.14,Gnomon,gene,13605,16154,.,-,.,ID=gene-LOC102723872;Dbxref=GeneID:102723872;Name=LOC102723872;description=uncharacterized LOC102723872;gbkey=Gene;gene=LOC102723872;gene_biotype=lncRNA
1731181,NC_000007.14,Gnomon,gene,31570,36997,.,-,.,ID=gene-LOC105375112;Dbxref=GeneID:105375112;Name=LOC105375112;description=putative protein FAM157B;gbkey=Gene;gene=LOC105375112;gene_biotype=protein_coding
1731205,NC_000007.14,BestRefSeq,gene,70417,95612,.,-,.,ID=gene-LOC105375113;Dbxref=GeneID:105375113;Name=LOC105375113;description=uncharacterized LOC105375113;gbkey=Gene;gene=LOC105375113;gene_biotype=lncRNA
1731219,NC_000007.14,BestRefSeq,gene,76966,83349,.,+,.,ID=gene-LOC101929756;Dbxref=GeneID:101929756;Name=LOC101929756;description=uncharacterized LOC101929756;gbkey=Gene;gene=LOC101929756;gene_biotype=lncRNA
1731242,NC_000007.14,Gnomon,gene,112656,119431,.,-,.,ID=gene-LOC105375114;Dbxref=GeneID:105375114;Name=LOC105375114;description=uncharacterized LOC105375114;gbkey=Gene;gene=LOC105375114;gene_biotype=lncRNA
1731255,NC_000007.14,BestRefSeq,gene,144444,149438,.,-,.,"ID=gene-LINC03015;Dbxref=GeneID:102723672,HGNC:HGNC:56143;Name=LINC03015;description=long intergenic non-protein coding RNA 3015;gbkey=Gene;gene=LINC03015;gene_biotype=lncRNA"
1731262,NC_000007.14,BestRefSeq,gene,149718,155465,.,+,.,"ID=gene-LINC03014;Dbxref=GeneID:100507642,HGNC:HGNC:56142;Name=LINC03014;description=long intergenic non-protein coding RNA 3014;gbkey=Gene;gene=LINC03014;gene_biotype=lncRNA"
1731272,NC_000007.14,Gnomon,gene,173171,180726,.,+,.,ID=gene-LOC105375116;Dbxref=GeneID:105375116;Name=LOC105375116;description=TRIO and F-actin-binding protein-like;gbkey=Gene;gene=LOC105375116;gene_biotype=protein_coding
1731280,NC_000007.14,BestRefSeq,gene,174920,176013,.,+,.,ID=gene-LOC105375115;Dbxref=GeneID:105375115;Name=LOC105375115;description=uncharacterized LOC105375115;gbkey=Gene;gene=LOC105375115;gene_biotype=lncRNA
1731285,NC_000007.14,Gnomon,gene,180761,182333,.,-,.,ID=gene-LOC124901806;Dbxref=GeneID:124901806;Name=LOC124901806;description=uncharacterized LOC124901806;gbkey=Gene;gene=LOC124901806;gene_biotype=lncRNA
1731289,NC_000007.14,Gnomon,gene,186258,190118,.,-,.,ID=gene-LOC124901808;Dbxref=GeneID:124901808;Name=LOC124901808;description=uncharacterized LOC124901808;gbkey=Gene;gene=LOC124901808;gene_biotype=lncRNA
1731295,NC_000007.14,BestRefSeq%2CGnomon,gene,192571,260772,.,+,.,"ID=gene-FAM20C;Dbxref=GeneID:56975,HGNC:HGNC:22140,MIM:611061;Name=FAM20C;description=FAM20C golgi associated secretory pathway kinase;gbkey=Gene;gene=FAM20C;gene_biotype=protein_coding;gene_synonym=DMP-4,DMP4,G-CK,GEF-CK,RNS"
1731365,NC_000007.14,Gnomon,gene,262723,264214,.,+,.,ID=gene-LOC124901807;Dbxref=GeneID:124901807;Name=LOC124901807;description=G patch domain-containing protein 8-like;gbkey=Gene;gene=LOC124901807;gene_biotype=protein_coding
1731371,NC_000007.14,BestRefSeq,gene,290170,291488,.,+,.,"ID=gene-FOXL3;Dbxref=GeneID:116033993,HGNC:HGNC:54201;Name=FOXL3;description=forkhead box L3;gbkey=Gene;gene=FOXL3;gene_biotype=protein_coding"
1731379,NC_000007.14,BestRefSeq,gene,291229,294422,.,+,.,"ID=gene-FOXL3-OT1;Dbxref=GeneID:100288524,HGNC:HGNC:54640;Name=FOXL3-OT1;description=FOXL3 overlapping transcript 1;gbkey=Gene;gene=FOXL3-OT1;gene_biotype=lncRNA;gene_synonym=FOXL3,WI2-2373I1.2"
1731385,NC_000007.14,Gnomon,gene,329627,333265,.,-,.,ID=gene-LOC105375118;Dbxref=GeneID:105375118;Name=LOC105375118;description=uncharacterized LOC105375118;gbkey=Gene;gene=LOC105375118;gene_biotype=lncRNA
1731406,NC_000007.14,Gnomon,gene,344861,350940,.,-,.,ID=gene-LOC124901809;Dbxref=GeneID:124901809;Name=LOC124901809;description=uncharacterized LOC124901809;gbkey=Gene;gene=LOC124901809;gene_biotype=lncRNA
1731420,NC_000007.14,BestRefSeq,gene,379425,382879,.,+,.,ID=gene-LOC442497;Dbxref=GeneID:442497;Name=LOC442497;description=uncharacterized LOC442497;gbkey=Gene;gene=LOC442497;gene_biotype=lncRNA
1731431,NC_000007.14,BestRefSeq,gene,425462,439389,.,+,.,ID=gene-LOC116435278;Dbxref=GeneID:116435278;Name=LOC116435278;description=uncharacterized LOC116435278;gbkey=Gene;gene=LOC116435278;gene_biotype=lncRNA
1731443,NC_000007.14,BestRefSeq,gene,427049,431801,.,-,.,ID=gene-LOC112267991;Dbxref=GeneID:112267991;Name=LOC112267991;description=uncharacterized LOC112267991;gbkey=Gene;gene=LOC112267991;gene_biotype=lncRNA
1731455,NC_000007.14,Gnomon,gene,446228,447448,.,+,.,ID=gene-LOC124901566;Dbxref=GeneID:124901566;Name=LOC124901566;description=uncharacterized LOC124901566;gbkey=Gene;gene=LOC124901566;gene_biotype=lncRNA
1731483,NC_000007.14,BestRefSeq%2CGnomon,gene,497258,520700,.,-,.,"ID=gene-PDGFA;Dbxref=GeneID:5154,HGNC:HGNC:8799,MIM:173430;Name=PDGFA;description=platelet derived growth factor subunit A;gbkey=Gene;gene=PDGFA;gene_biotype=protein_coding;gene_synonym=PDGF-A,PDGF1"
1731734,NC_000007.14,BestRefSeq,gene,520391,525232,.,+,.,"ID=gene-PDGFA-DT;Dbxref=GeneID:441307,HGNC:HGNC:55865;Name=PDGFA-DT;description=PDGFA divergent transcript;gbkey=Gene;gene=PDGFA-DT;gene_biotype=lncRNA;gene_synonym=HRAT92"
1731753,NC_000007.14,BestRefSeq%2CGnomon,gene,549197,728934,.,-,.,"ID=gene-PRKAR1B;Dbxref=GeneID:5575,HGNC:HGNC:9390,MIM:176911;Name=PRKAR1B;description=protein kinase cAMP-dependent type I regulatory subunit beta;gbkey=Gene;gene=PRKAR1B;gene_biotype=protein_coding;gene_synonym=MASNS,PRKAR1"
1731985,NC_000007.14,BestRefSeq,gene,561958,565619,.,+,.,"ID=gene-PRKAR1B-AS2;Dbxref=GeneID:101927000,HGNC:HGNC:40469;Name=PRKAR1B-AS2;description=PRKAR1B antisense RNA 2;gbkey=Gene;gene=PRKAR1B-AS2;gene_biotype=lncRNA"
1731999,NC_000007.14,BestRefSeq,gene,602845,608502,.,+,.,"ID=gene-PRKAR1B-AS1;Dbxref=GeneID:101926963,HGNC:HGNC:40470;Name=PRKAR1B-AS1;description=PRKAR1B antisense RNA 1;gbkey=Gene;gene=PRKAR1B-AS1;gene_biotype=lncRNA"
1732013,NC_000007.14,Gnomon,gene,612961,614574,.,-,.,ID=gene-LOC105375119;Dbxref=GeneID:105375119;Name=LOC105375119;description=uncharacterized LOC105375119;gbkey=Gene;gene=LOC105375119;gene_biotype=lncRNA
1732033,NC_000007.14,BestRefSeq%2CGnomon,gene,726699,786475,.,+,.,"ID=gene-DNAAF5;Dbxref=GeneID:54919,HGNC:HGNC:26013,MIM:614864;Name=DNAAF5;description=dynein axonemal assembly factor 5;gbkey=Gene;gene=DNAAF5;gene_biotype=protein_coding;gene_synonym=CILD18,HEATR2"
1732117,NC_000007.14,Gnomon,gene,789453,797819,.,+,.,ID=gene-LOC124901567;Dbxref=GeneID:124901567;Name=LOC124901567;description=uncharacterized LOC124901567;gbkey=Gene;gene=LOC124901567;gene_biotype=lncRNA
1732131,NC_000007.14,BestRefSeq,gene,815557,874934,.,+,.,"ID=gene-SUN1;Dbxref=GeneID:23353,HGNC:HGNC:18587,MIM:607723;Name=SUN1;description=Sad1 and UNC84 domain containing 1;gbkey=Gene;gene=SUN1;gene_biotype=protein_coding;gene_synonym=UNC84A"
1735060,NC_000007.14,Gnomon,gene,866916,872150,.,-,.,ID=gene-LOC124901568;Dbxref=GeneID:124901568;Name=LOC124901568;description=uncharacterized LOC124901568;gbkey=Gene;gene=LOC124901568;gene_biotype=lncRNA
1735068,NC_000007.14,BestRefSeq,gene,876554,896436,.,+,.,"ID=gene-GET4;Dbxref=GeneID:51608,HGNC:HGNC:21690,MIM:612056;Name=GET4;description=guided entry of tail-anchored proteins factor 4;gbkey=Gene;gene=GET4;gene_biotype=protein_coding;gene_synonym=C7orf20,CDG2Y,CEE,CGI-20,TRC35"
1735103,NC_000007.14,BestRefSeq,gene,897900,955407,.,-,.,"ID=gene-ADAP1;Dbxref=GeneID:11033,HGNC:HGNC:16486,MIM:608114;Name=ADAP1;description=ArfGAP with dual PH domains 1;gbkey=Gene;gene=ADAP1;gene_biotype=protein_coding;gene_synonym=CENTA1,GCS1L,p42IP4"
1735250,NC_000007.14,Gnomon,gene,954854,955490,.,+,.,ID=gene-LOC124901569;Dbxref=GeneID:124901569;Name=LOC124901569;description=uncharacterized LOC124901569;gbkey=Gene;gene=LOC124901569;gene_biotype=lncRNA
1735264,NC_000007.14,BestRefSeq,gene,964852,975549,.,-,.,"ID=gene-COX19;Dbxref=GeneID:90639,HGNC:HGNC:28074,MIM:610429;Name=COX19;description=cytochrome c oxidase assembly factor COX19;gbkey=Gene;gene=COX19;gene_biotype=protein_coding"
1735283,NC_000007.14,BestRefSeq,gene,977964,1138257,.,-,.,"ID=gene-C7orf50;Dbxref=GeneID:84310,HGNC:HGNC:22421;Name=C7orf50;description=chromosome 7 open reading frame 50;gbkey=Gene;gene=C7orf50;gene_biotype=protein_coding;gene_synonym=Cholesin,YCR016W"
1735456,NC_000007.14,BestRefSeq%2CGnomon,gene,983181,989640,.,+,.,"ID=gene-CYP2W1;Dbxref=GeneID:54905,HGNC:HGNC:20243,MIM:615967;Name=CYP2W1;description=cytochrome P450 family 2 subfamily W member 1;gbkey=Gene;gene=CYP2W1;gene_biotype=protein_coding"
1735530,NC_000007.14,Gnomon,gene,1004159,1006071,.,+,.,ID=gene-LOC124901570;Dbxref=GeneID:124901570;Name=LOC124901570;description=uncharacterized LOC124901570;gbkey=Gene;gene=LOC124901570;gene_biotype=lncRNA
1735535,NC_000007.14,BestRefSeq,gene,1022933,1023026,.,-,.,"ID=gene-MIR339;Dbxref=GeneID:442907,HGNC:HGNC:31776,MIM:615977,miRBase:MI0000815;Name=MIR339;description=microRNA 339;gbkey=Gene;gene=MIR339;gene_biotype=miRNA;gene_synonym=hsa-mir-339,mir-339,MIRN339"
1735565,NC_000007.14,BestRefSeq%2CGnomon,gene,1044546,1059261,.,+,.,"ID=gene-GPR146;Dbxref=GeneID:115330,HGNC:HGNC:21718;Name=GPR146;description=G protein-coupled receptor 146;gbkey=Gene;gene=GPR146;gene_biotype=protein_coding;gene_synonym=PGR8"
1735613,NC_000007.14,BestRefSeq,gene,1065731,1078062,.,+,.,ID=gene-LOC105375120;Dbxref=GeneID:105375120;Name=LOC105375120;description=uncharacterized LOC105375120;gbkey=Gene;gene=LOC105375120;gene_biotype=lncRNA
1735641,NC_000007.14,BestRefSeq,gene,1087118,1093810,.,+,.,"ID=gene-GPER1;Dbxref=GeneID:2852,HGNC:HGNC:4485,MIM:601805;Name=GPER1;description=G protein-coupled estrogen receptor 1;gbkey=Gene;gene=GPER1;gene_biotype=protein_coding;gene_synonym=CEPR,CMKRL2,DRY12,FEG-1,GPCR-Br,GPER,GPR30,LERGU,LERGU2,LyGPR,mER"
1735663,NC_000007.14,Gnomon,gene,1112775,1131692,.,+,.,ID=gene-LOC102723758;Dbxref=GeneID:102723758;Name=LOC102723758;description=uncharacterized LOC102723758;gbkey=Gene;gene=LOC102723758;gene_biotype=lncRNA
1735690,NC_000007.14,BestRefSeq,gene,1148850,1160196,.,-,.,"ID=gene-ZFAND2A;Dbxref=GeneID:90637,HGNC:HGNC:28073,MIM:610699;Name=ZFAND2A;description=zinc finger AN1-type containing 2A;gbkey=Gene;gene=ZFAND2A;gene_biotype=protein_coding;gene_synonym=AIRAP"
1735735,NC_000007.14,BestRefSeq,gene,1160374,1165958,.,+,.,"ID=gene-ZFAND2A-DT;Dbxref=GeneID:101927021,HGNC:HGNC:41187;Name=ZFAND2A-DT;description=ZFAND2A divergent transcript;gbkey=Gene;gene=ZFAND2A-DT;gene_biotype=lncRNA"
1735781,NC_000007.14,BestRefSeq,gene,1232872,1237326,.,+,.,"ID=gene-UNCX;Dbxref=GeneID:340260,HGNC:HGNC:33194;Name=UNCX;description=UNC homeobox;gbkey=Gene;gene=UNCX;gene_biotype=protein_coding;gene_synonym=UNCX4.1"
1735829,NC_000007.14,BestRefSeq%2CGnomon,gene,1434359,1459470,.,-,.,"ID=gene-MICALL2;Dbxref=GeneID:79778,HGNC:HGNC:29672,MIM:620912;Name=MICALL2;description=MICAL like 2;gbkey=Gene;gene=MICALL2;gene_biotype=protein_coding;gene_synonym=JRAB,MICAL-L2"
1735958,NC_000007.14,Gnomon,gene,1459919,1464586,.,+,.,"ID=gene-MICALL2-DT;Dbxref=GeneID:107986756,HGNC:HGNC:56050;Name=MICALL2-DT;description=MICALL2 divergent transcript;gbkey=Gene;gene=MICALL2-DT;gene_biotype=lncRNA"
1735973,NC_000007.14,BestRefSeq%2CGnomon,gene,1470277,1504389,.,-,.,"ID=gene-INTS1;Dbxref=GeneID:26173,HGNC:HGNC:24555,MIM:611345;Name=INTS1;description=integrator complex subunit 1;gbkey=Gene;gene=INTS1;gene_biotype=protein_coding;gene_synonym=INT1,NDCAGF,NET28"
1736242,NC_000007.14,Gnomon,gene,1521639,1525609,.,-,.,ID=gene-LOC124901572;Dbxref=GeneID:124901572;Name=LOC124901572;description=uncharacterized LOC124901572;gbkey=Gene;gene=LOC124901572;gene_biotype=lncRNA
1736250,NC_000007.14,BestRefSeq%2CGnomon,gene,1530702,1543043,.,+,.,"ID=gene-MAFK;Dbxref=GeneID:7975,HGNC:HGNC:6782,MIM:600197;Name=MAFK;description=MAF bZIP transcription factor K;gbkey=Gene;gene=MAFK;gene_biotype=protein_coding;gene_synonym=NFE2U,P18"
1736281,NC_000007.14,BestRefSeq,gene,1532453,1534880,.,-,.,ID=gene-LOC100128653;Dbxref=GeneID:100128653;Name=LOC100128653;description=uncharacterized LOC100128653;gbkey=Gene;gene=LOC100128653;gene_biotype=lncRNA
1736294,NC_000007.14,BestRefSeq,gene,1542235,1556205,.,-,.,"ID=gene-TMEM184A;Dbxref=GeneID:202915,HGNC:HGNC:28797;Name=TMEM184A;description=transmembrane protein 184A;gbkey=Gene;gene=TMEM184A;gene_biotype=protein_coding;gene_synonym=SDMG1,SLC51C1"
1736331,NC_000007.14,BestRefSeq,gene,1567332,1570032,.,-,.,"ID=gene-PSMG3;Dbxref=GeneID:84262,HGNC:HGNC:22420,MIM:617528;Name=PSMG3;description=proteasome assembly chaperone 3;gbkey=Gene;gene=PSMG3;gene_biotype=protein_coding;gene_synonym=C7orf48,PAC3"
1736347,NC_000007.14,BestRefSeq,gene,1570073,1589626,.,+,.,"ID=gene-PSMG3-AS1;Dbxref=GeneID:114796,HGNC:HGNC:22230;Name=PSMG3-AS1;description=PSMG3 antisense RNA 1 (head to head);gbkey=Gene;gene=PSMG3-AS1;gene_biotype=lncRNA"
1736376,NC_000007.14,Gnomon,gene,1592439,1604790,.,+,.,ID=gene-LOC105375123;Dbxref=GeneID:105375123;Name=LOC105375123;description=uncharacterized LOC105375123;gbkey=Gene;gene=LOC105375123;gene_biotype=lncRNA
1736397,NC_000007.14,BestRefSeq,gene,1619595,1621404,.,+,.,ID=gene-LOC105375303;Dbxref=GeneID:105375303;Name=LOC105375303;description=uncharacterized LOC105375303;gbkey=Gene;gene=LOC105375303;gene_biotype=lncRNA
1736403,NC_000007.14,BestRefSeq%2CGnomon,gene,1666064,1747946,.,+,.,"ID=gene-ELFN1;Dbxref=GeneID:392617,HGNC:HGNC:33154,MIM:614964;Name=ELFN1;description=extracellular leucine rich repeat and fibronectin type III domain containing 1;gbkey=Gene;gene=ELFN1;gene_biotype=protein_coding;gene_synonym=PPP1R28"
1736462,NC_000007.14,Gnomon,gene,1691906,1694350,.,-,.,"ID=gene-LNCRI;Dbxref=GeneID:401296,HGNC:HGNC:53790;Name=LNCRI;description=lncRNA radiation induced regulator of PLK1 and RAD51;gbkey=Gene;gene=LNCRI;gene_biotype=lncRNA"
1736488,NC_000007.14,Gnomon,gene,1718139,1720385,.,-,.,ID=gene-LOC124901819;Dbxref=GeneID:124901819;Name=LOC124901819;description=uncharacterized LOC124901819;gbkey=Gene;gene=LOC124901819;gene_biotype=protein_coding
1736498,NC_000007.14,Gnomon,gene,1721024,1726380,.,-,.,ID=gene-LOC105375124;Dbxref=GeneID:105375124;Name=LOC105375124;description=uncharacterized LOC105375124;gbkey=Gene;gene=LOC105375124;gene_biotype=lncRNA
1736512,NC_000007.14,BestRefSeq,gene,1738630,1742310,.,-,.,"ID=gene-ELFN1-AS1;Dbxref=GeneID:101927125,HGNC:HGNC:39071;Name=ELFN1-AS1;description=ELFN1 antisense RNA 1;gbkey=Gene;gene=ELFN1-AS1;gene_biotype=lncRNA;gene_synonym=MYCLo-2"
1736532,NC_000007.14,BestRefSeq,gene,1815795,2232945,.,-,.,"ID=gene-MAD1L1;Dbxref=GeneID:8379,HGNC:HGNC:6762,MIM:602686;Name=MAD1L1;description=mitotic arrest deficient 1 like 1;gbkey=Gene;gene=MAD1L1;gene_biotype=protein_coding;gene_synonym=MAD1,MVA7,PIG9,TP53I9,TXBP181"
1736724,NC_000007.14,Gnomon,gene,1838667,1847782,.,+,.,ID=gene-LOC100127955;Dbxref=GeneID:100127955;Name=LOC100127955;description=uncharacterized LOC100127955;gbkey=Gene;gene=LOC100127955;gene_biotype=lncRNA
1736728,NC_000007.14,BestRefSeq,gene,1844180,1844253,.,-,.,"ID=gene-MIR4655;Dbxref=GeneID:100616160,HGNC:HGNC:41754,miRBase:MI0017283;Name=MIR4655;description=microRNA 4655;gbkey=Gene;gene=MIR4655;gene_biotype=miRNA"
1736794,NC_000007.14,Gnomon,gene,1980509,1986339,.,+,.,ID=gene-LOC124901573;Dbxref=GeneID:124901573;Name=LOC124901573;description=uncharacterized LOC124901573;gbkey=Gene;gene=LOC124901573;gene_biotype=lncRNA
1736843,NC_000007.14,BestRefSeq,gene,2088912,2089052,.,-,.,"ID=gene-SNORA114;Dbxref=GeneID:109623488,HGNC:HGNC:51852;Name=SNORA114;description=small nucleolar RNA%2C H/ACA box 114;gbkey=Gene;gene=SNORA114;gene_biotype=snoRNA"
1736858,NC_000007.14,Gnomon,gene,2110580,2117740,.,+,.,ID=gene-LOC105375127;Dbxref=GeneID:105375127;Name=LOC105375127;description=uncharacterized LOC105375127;gbkey=Gene;gene=LOC105375127;gene_biotype=lncRNA
1736887,NC_000007.14,Gnomon,gene,2199718,2205200,.,+,.,ID=gene-LOC105375126;Dbxref=GeneID:105375126;Name=LOC105375126;description=uncharacterized LOC105375126;gbkey=Gene;gene=LOC105375126;gene_biotype=lncRNA
1736906,NC_000007.14,BestRefSeq,gene,2234195,2242205,.,-,.,"ID=gene-MRM2;Dbxref=GeneID:29960,HGNC:HGNC:16352,MIM:606906;Name=MRM2;description=mitochondrial rRNA methyltransferase 2;gbkey=Gene;gene=MRM2;gene_biotype=protein_coding;gene_synonym=FJH1,FTSJ2,HEL97,MTDPS17,RRMJ2"
1736921,NC_000007.14,BestRefSeq,gene,2242226,2251145,.,+,.,"ID=gene-NUDT1;Dbxref=GeneID:4521,HGNC:HGNC:8048,MIM:600312;Name=NUDT1;description=nudix hydrolase 1;gbkey=Gene;gene=NUDT1;gene_biotype=protein_coding;gene_synonym=MTH1"
1737021,NC_000007.14,BestRefSeq%2CGnomon,gene,2251770,2354497,.,-,.,"ID=gene-SNX8;Dbxref=GeneID:29886,HGNC:HGNC:14972,MIM:614905;Name=SNX8;description=sorting nexin 8;gbkey=Gene;gene=SNX8;gene_biotype=protein_coding;gene_synonym=Mvp1"
1737137,NC_000007.14,BestRefSeq,gene,2257515,2257577,.,-,.,"ID=gene-MIR6836;Dbxref=GeneID:102465503,HGNC:HGNC:50067,miRBase:MI0022682;Name=MIR6836;description=microRNA 6836;gbkey=Gene;gene=MIR6836;gene_biotype=miRNA;gene_synonym=hsa-mir-6836"
1737195,NC_000007.14,BestRefSeq%2CGnomon,gene,2354086,2380745,.,+,.,"ID=gene-EIF3B;Dbxref=GeneID:8662,HGNC:HGNC:3280,MIM:603917;Name=EIF3B;description=eukaryotic translation initiation factor 3 subunit B;gbkey=Gene;gene=EIF3B;gene_biotype=protein_coding;gene_synonym=EIF3-ETA,EIF3-P110,EIF3-P116,EIF3S9,PRT1"
1737538,NC_000007.14,BestRefSeq%2CGnomon,gene,2403448,2448484,.,+,.,"ID=gene-CHST12;Dbxref=GeneID:55501,HGNC:HGNC:17423,MIM:610129;Name=CHST12;description=carbohydrate sulfotransferase 12;gbkey=Gene;gene=CHST12;gene_biotype=protein_coding;gene_synonym=C4S-2,C4ST-2,C4ST2"
1737657,NC_000007.14,BestRefSeq,gene,2474728,2476398,.,-,.,"ID=gene-GRIFIN;Dbxref=GeneID:402635,HGNC:HGNC:4577,MIM:619187;Name=GRIFIN;description=galectin-related inter-fiber protein;gbkey=Gene;gene=GRIFIN;gene_biotype=protein_coding"
1737681,NC_000007.14,Gnomon,gene,2505857,2509071,.,-,.,ID=gene-LOC107986759;Dbxref=GeneID:107986759;Name=LOC107986759;description=uncharacterized LOC107986759;gbkey=Gene;gene=LOC107986759;gene_biotype=lncRNA
1737692,NC_000007.14,BestRefSeq,gene,2512529,2529177,.,+,.,"ID=gene-LFNG;Dbxref=GeneID:3955,HGNC:HGNC:6560,MIM:602576;Name=LFNG;description=LFNG O-fucosylpeptide 3-beta-N-acetylglucosaminyltransferase;gbkey=Gene;gene=LFNG;gene_biotype=protein_coding;gene_synonym=SCDO3"
1737774,NC_000007.14,BestRefSeq,gene,2527074,2527145,.,+,.,"ID=gene-MIR4648;Dbxref=GeneID:100616116,HGNC:HGNC:41560,miRBase:MI0017275;Name=MIR4648;description=microRNA 4648;gbkey=Gene;gene=MIR4648;gene_biotype=miRNA"
1737797,NC_000007.14,BestRefSeq%2CGnomon,gene,2537810,2555524,.,-,.,"ID=gene-BRAT1;Dbxref=GeneID:221927,HGNC:HGNC:21701,MIM:614506;Name=BRAT1;description=BRCA1 associated ATM activator 1;gbkey=Gene;gene=BRAT1;gene_biotype=protein_coding;gene_synonym=BAAT1,C7orf27,NEDCAS,RMFSL"
1738347,NC_000007.14,BestRefSeq%2CGnomon,gene,2558979,2614728,.,+,.,"ID=gene-IQCE;Dbxref=GeneID:23288,HGNC:HGNC:29171,MIM:617631;Name=IQCE;description=IQ motif containing E;gbkey=Gene;gene=IQCE;gene_biotype=protein_coding;gene_synonym=1700028P05Rik,PAPA7"
1738963,NC_000007.14,Gnomon,gene,2614583,2622188,.,-,.,ID=gene-LOC107986760;Dbxref=GeneID:107986760;Name=LOC107986760;description=uncharacterized LOC107986760;gbkey=Gene;gene=LOC107986760;gene_biotype=lncRNA
1738979,NC_000007.14,BestRefSeq,gene,2631986,2664802,.,+,.,"ID=gene-TTYH3;Dbxref=GeneID:80727,HGNC:HGNC:22222,MIM:608919;Name=TTYH3;description=tweety family member 3;gbkey=Gene;gene=TTYH3;gene_biotype=protein_coding"
1739039,NC_000007.14,BestRefSeq%2CGnomon,gene,2679522,2765138,.,+,.,"ID=gene-AMZ1;Dbxref=GeneID:155185,HGNC:HGNC:22231,MIM:615168;Name=AMZ1;description=archaelysin family metallopeptidase 1;gbkey=Gene;gene=AMZ1;gene_biotype=protein_coding"
1739212,NC_000007.14,BestRefSeq,gene,2728105,2844308,.,-,.,"ID=gene-GNA12;Dbxref=GeneID:2768,HGNC:HGNC:4380,MIM:604394;Name=GNA12;description=G protein subunit alpha 12;gbkey=Gene;gene=GNA12;gene_biotype=protein_coding;gene_synonym=gep,HG1M1,NNX3,RMP"
1739306,NC_000007.14,BestRefSeq,gene,2906142,3043867,.,-,.,"ID=gene-CARD11;Dbxref=GeneID:84433,HGNC:HGNC:16393,MIM:607210;Name=CARD11;description=caspase recruitment domain family member 11;gbkey=Gene;gene=CARD11;gene_biotype=protein_coding;gene_synonym=BENTA,BIMP3,CARMA1,IMD11,IMD11A,PPBL"
1739418,NC_000007.14,BestRefSeq,gene,2944035,2947087,.,+,.,"ID=gene-CARD11-AS1;Dbxref=GeneID:101927256,HGNC:HGNC:40766;Name=CARD11-AS1;description=CARD11 antisense RNA 1;gbkey=Gene;gene=CARD11-AS1;gene_biotype=lncRNA"
1739443,NC_000007.14,Gnomon,gene,3094126,3118034,.,-,.,ID=gene-LOC105375130;Dbxref=GeneID:105375130;Name=LOC105375130;description=uncharacterized LOC105375130;gbkey=Gene;gene=LOC105375130;gene_biotype=lncRNA
1739447,NC_000007.14,BestRefSeq,gene,3140917,3158573,.,-,.,ID=gene-LOC100129603;Dbxref=GeneID:100129603;Name=LOC100129603;description=uncharacterized LOC100129603;gbkey=Gene;gene=LOC100129603;gene_biotype=lncRNA
1739457,NC_000007.14,Gnomon,gene,3194094,3198304,.,-,.,ID=gene-LOC124901574;Dbxref=GeneID:124901574;Name=LOC124901574;description=uncharacterized LOC124901574;gbkey=Gene;gene=LOC124901574;gene_biotype=lncRNA
1739463,NC_000007.14,Gnomon,gene,3202869,3203973,.,-,.,ID=gene-LOC124901575;Dbxref=GeneID:124901575;Name=LOC124901575;description=uncharacterized LOC124901575;gbkey=Gene;gene=LOC124901575;gene_biotype=lncRNA
1739467,NC_000007.14,Gnomon,gene,3243547,3352085,.,-,.,"ID=gene-SDK1-AS1;Dbxref=GeneID:105375132,HGNC:HGNC:40883;Name=SDK1-AS1;description=SDK1 antisense RNA 1;gbkey=Gene;gene=SDK1-AS1;gene_biotype=lncRNA"
1739492,NC_000007.14,BestRefSeq%2CGnomon,gene,3301252,4269000,.,+,.,"ID=gene-SDK1;Dbxref=GeneID:221935,HGNC:HGNC:19307,MIM:607216;Name=SDK1;description=sidekick cell adhesion molecule 1;gbkey=Gene;gene=SDK1;gene_biotype=protein_coding"
1739957,NC_000007.14,Gnomon,gene,3398787,3448730,.,+,.,ID=gene-LOC124901577;Dbxref=GeneID:124901577;Name=LOC124901577;description=uncharacterized LOC124901577;gbkey=Gene;gene=LOC124901577;gene_biotype=lncRNA
1739980,NC_000007.14,Gnomon,gene,3951935,3958287,.,+,.,ID=gene-LOC124901576;Dbxref=GeneID:124901576;Name=LOC124901576;description=uncharacterized LOC124901576;gbkey=Gene;gene=LOC124901576;gene_biotype=lncRNA
1740004,NC_000007.14,BestRefSeq,gene,4127612,4134837,.,-,.,ID=gene-LOC105375131;Dbxref=GeneID:105375131;Name=LOC105375131;description=uncharacterized LOC105375131;gbkey=Gene;gene=LOC105375131;gene_biotype=lncRNA
1740054,NC_000007.14,Gnomon,gene,4412907,4416516,.,-,.,ID=gene-LOC124901578;Dbxref=GeneID:124901578;Name=LOC124901578;description=uncharacterized LOC124901578;gbkey=Gene;gene=LOC124901578;gene_biotype=lncRNA
1740058,NC_000007.14,Gnomon,gene,4434478,4476442,.,+,.,ID=gene-LOC124901579;Dbxref=GeneID:124901579;Name=LOC124901579;description=uncharacterized LOC124901579;gbkey=Gene;gene=LOC124901579;gene_biotype=lncRNA
1740063,NC_000007.14,Gnomon,gene,4533744,4569716,.,+,.,ID=gene-LOC105375133;Dbxref=GeneID:105375133;Name=LOC105375133;description=uncharacterized LOC105375133;gbkey=Gene;gene=LOC105375133;gene_biotype=lncRNA
1740070,NC_000007.14,Gnomon,gene,4591852,4599507,.,-,.,ID=gene-LOC124901580;Dbxref=GeneID:124901580;Name=LOC124901580;description=endogenous retrovirus group K member 6 Env polyprotein;gbkey=Gene;gene=LOC124901580;gene_biotype=protein_coding
1740095,NC_000007.14,BestRefSeq,gene,4682295,4771442,.,+,.,"ID=gene-FOXK1;Dbxref=GeneID:221937,HGNC:HGNC:23480,MIM:616302;Name=FOXK1;description=forkhead box K1;gbkey=Gene;gene=FOXK1;gene_biotype=protein_coding;gene_synonym=FOXK1L"
1740138,NC_000007.14,Gnomon,gene,4722485,4730021,.,+,.,ID=gene-LOC124901581;Dbxref=GeneID:124901581;Name=LOC124901581;description=uncharacterized LOC124901581;gbkey=Gene;gene=LOC124901581;gene_biotype=lncRNA
1740175,NC_000007.14,BestRefSeq%2CGnomon,gene,4775623,4794397,.,+,.,"ID=gene-AP5Z1;Dbxref=GeneID:9907,HGNC:HGNC:22197,MIM:613653;Name=AP5Z1;description=adaptor related protein complex 5 subunit zeta 1;gbkey=Gene;gene=AP5Z1;gene_biotype=protein_coding;gene_synonym=KIAA0415,SPG48,zeta"
1740297,NC_000007.14,BestRefSeq,gene,4788565,4788639,.,-,.,"ID=gene-MIR4656;Dbxref=GeneID:100616465,HGNC:HGNC:41749,miRBase:MI0017284;Name=MIR4656;description=microRNA 4656;gbkey=Gene;gene=MIR4656;gene_biotype=miRNA"
1740308,NC_000007.14,BestRefSeq,gene,4797055,4883716,.,-,.,"ID=gene-RADIL;Dbxref=GeneID:55698,HGNC:HGNC:22226,MIM:611491;Name=RADIL;description=Rap associating with DIL domain;gbkey=Gene;gene=RADIL;gene_biotype=protein_coding;gene_synonym=RASIP2"
1740345,NC_000007.14,BestRefSeq,gene,4837388,4837450,.,-,.,"ID=gene-SNORD165;Dbxref=GeneID:109623455,HGNC:HGNC:51879;Name=SNORD165;description=small nucleolar RNA%2C C/D box 165;gbkey=Gene;gene=SNORD165;gene_biotype=snoRNA"
1740350,NC_000007.14,BestRefSeq,gene,4857738,4862030,.,-,.,"ID=gene-PAPOLB;Dbxref=GeneID:56903,HGNC:HGNC:15970,MIM:607436;Name=PAPOLB;description=poly(A) polymerase beta;gbkey=Gene;gene=PAPOLB;gene_biotype=protein_coding;gene_synonym=PAPT,TPAP"
1740364,NC_000007.14,BestRefSeq,gene,4892245,4959187,.,-,.,"ID=gene-MMD2;Dbxref=GeneID:221938,HGNC:HGNC:30133,MIM:614581;Name=MMD2;description=monocyte to macrophage differentiation associated 2;gbkey=Gene;gene=MMD2;gene_biotype=protein_coding;gene_synonym=PAQR10"
1740450,NC_000007.14,BestRefSeq,gene,5045860,5073221,.,+,.,"ID=gene-RBAK-RBAKDN;Dbxref=GeneID:100533952,HGNC:HGNC:42971;Name=RBAK-RBAKDN;description=RBAK-RBAKDN readthrough;gbkey=Gene;gene=RBAK-RBAKDN;gene_biotype=protein_coding;gene_synonym=hRBaK,RBAK,RBAK-LOC389458,ZNF769"
1740462,NC_000007.14,BestRefSeq,gene,5045860,5069487,.,+,.,"ID=gene-RBAK;Dbxref=GeneID:57786,HGNC:HGNC:17680,MIM:608191;Name=RBAK;description=RB associated KRAB zinc finger;gbkey=Gene;gene=RBAK;gene_biotype=protein_coding;gene_synonym=ZNF769"
1740488,NC_000007.14,BestRefSeq,gene,5072060,5073223,.,+,.,"ID=gene-RBAKDN;Dbxref=GeneID:389458,HGNC:HGNC:33770;Name=RBAKDN;description=RBAK downstream neighbor;gbkey=Gene;gene=RBAKDN;gene_biotype=lncRNA"
1740517,NC_000007.14,BestRefSeq%2CGnomon,gene,5190233,5233855,.,+,.,"ID=gene-WIPI2;Dbxref=GeneID:26100,HGNC:HGNC:32225,MIM:609225;Name=WIPI2;description=WD repeat domain%2C phosphoinositide interacting 2;gbkey=Gene;gene=WIPI2;gene_biotype=protein_coding;gene_synonym=ATG18B,Atg21,CGI-50,IDDSSA,WIPI-2"
1740705,NC_000007.14,BestRefSeq,gene,5282943,5306912,.,+,.,"ID=gene-SLC29A4;Dbxref=GeneID:222962,HGNC:HGNC:23097,MIM:609149;Name=SLC29A4;description=solute carrier family 29 member 4;gbkey=Gene;gene=SLC29A4;gene_biotype=protein_coding;gene_synonym=ENT4,PMAT"
1740782,NC_000007.14,BestRefSeq%2CGnomon,gene,5306811,5423834,.,-,.,"ID=gene-TNRC18;Dbxref=GeneID:84629,HGNC:HGNC:11962,MIM:620902;Name=TNRC18;description=trinucleotide repeat containing 18;gbkey=Gene;gene=TNRC18;gene_biotype=protein_coding;gene_synonym=CAGL79,TNRC18A"
1741764,NC_000007.14,BestRefSeq,gene,5426277,5428927,.,-,.,"ID=gene-LINC02983;Dbxref=GeneID:100129484,HGNC:HGNC:56060;Name=LINC02983;description=long intergenic non-protein coding RNA 2983;gbkey=Gene;gene=LINC02983;gene_biotype=lncRNA"
1741769,NC_000007.14,BestRefSeq,gene,5428184,5429636,.,+,.,"ID=gene-LINC03073;Dbxref=GeneID:128071541,HGNC:HGNC:56651;Name=LINC03073;description=long intergenic non-protein coding RNA 3073;gbkey=Gene;gene=LINC03073;gene_biotype=lncRNA"
1741776,NC_000007.14,BestRefSeq,gene,5454425,5513809,.,-,.,"ID=gene-FBXL18;Dbxref=GeneID:80028,HGNC:HGNC:21874,MIM:609084;Name=FBXL18;description=F-box and leucine rich repeat protein 18;gbkey=Gene;gene=FBXL18;gene_biotype=protein_coding;gene_synonym=Fbl18"
1741841,NC_000007.14,cmsearch,gene,5485395,5485501,.,+,.,ID=gene-LOC124901847;Dbxref=GeneID:124901847;Name=LOC124901847;description=small nucleolar RNA U13;gbkey=Gene;gene=LOC124901847;gene_biotype=snoRNA
1741856,NC_000007.14,BestRefSeq,gene,5495819,5495917,.,-,.,"ID=gene-MIR589;Dbxref=GeneID:693174,HGNC:HGNC:32845,miRBase:MI0003599;Name=MIR589;description=microRNA 589;gbkey=Gene;gene=MIR589;gene_biotype=miRNA;gene_synonym=hsa-mir-589,mir-589,MIRN589"
1741873,NC_000007.14,BestRefSeq,gene,5513854,5525545,.,+,.,ID=gene-LOC221946;Dbxref=GeneID:221946;Name=LOC221946;description=uncharacterized LOC221946;gbkey=Gene;gene=LOC221946;gene_biotype=lncRNA
1741895,NC_000007.14,BestRefSeq,gene,5527148,5530601,.,-,.,"ID=gene-ACTB;Dbxref=GeneID:60,HGNC:HGNC:132,MIM:102630;Name=ACTB;description=actin beta;gbkey=Gene;gene=ACTB;gene_biotype=protein_coding;gene_synonym=BKRNS,BNS,BRWS1,CSMH,DDS1,PS1TP5BP1,THC8"
1741978,NC_000007.14,BestRefSeq,gene,5592816,5606655,.,+,.,"ID=gene-FSCN1;Dbxref=GeneID:6624,HGNC:HGNC:11148,MIM:602689;Name=FSCN1;description=fascin actin-bundling protein 1;gbkey=Gene;gene=FSCN1;gene_biotype=protein_coding;gene_synonym=FAN1,HSN,p55,SNL"
1742011,NC_000007.14,BestRefSeq%2CGnomon,gene,5620047,5781663,.,-,.,"ID=gene-RNF216;Dbxref=GeneID:54476,HGNC:HGNC:21698,MIM:609948;Name=RNF216;description=ring finger protein 216;gbkey=Gene;gene=RNF216;gene_biotype=protein_coding;gene_synonym=CAHH,TRIAD3,U7I1,UBCE7IP1,ZIN"
1742344,NC_000007.14,BestRefSeq,gene,5662432,5680461,.,-,.,"ID=gene-RNF216-IT1;Dbxref=GeneID:100874342,HGNC:HGNC:41463;Name=RNF216-IT1;description=RNF216 intronic transcript 1;gbkey=Gene;gene=RNF216-IT1;gene_biotype=lncRNA"
1742371,NC_000007.14,BestRefSeq,gene,5711840,5711910,.,-,.,"ID=gene-MIR6874;Dbxref=GeneID:102466203,HGNC:HGNC:50146,miRBase:MI0022721;Name=MIR6874;description=microRNA 6874;gbkey=Gene;gene=MIR6874;gene_biotype=miRNA;gene_synonym=hsa-mir-6874"
1742397,NC_000007.14,BestRefSeq%2CGnomon,gene,5859718,5886363,.,+,.,"ID=gene-OCM;Dbxref=GeneID:654231,HGNC:HGNC:8105,MIM:164795;Name=OCM;description=oncomodulin;gbkey=Gene;gene=OCM;gene_biotype=protein_coding;gene_synonym=OCM1,OM,ONCM"
1742439,NC_000007.14,BestRefSeq%2CGnomon,gene,5898733,5926550,.,+,.,"ID=gene-CCZ1;Dbxref=GeneID:51622,HGNC:HGNC:21691,MIM:620660;Name=CCZ1;description=CCZ1 homolog%2C vacuolar protein trafficking and biogenesis associated;gbkey=Gene;gene=CCZ1;gene_biotype=protein_coding;gene_synonym=C7orf28A,CCZ1A,CGI-43,H_DJ1163J12.2"
1742496,NC_000007.14,BestRefSeq%2CGnomon,gene,5926136,5970851,.,-,.,"ID=gene-RSPH10B;Dbxref=GeneID:222967,HGNC:HGNC:27362;Name=RSPH10B;description=radial spoke head 10 homolog B;gbkey=Gene;gene=RSPH10B;gene_biotype=protein_coding"
1742948,NC_000007.14,BestRefSeq%2CGnomon,gene,5970925,6009106,.,-,.,"ID=gene-PMS2;Dbxref=GeneID:5395,HGNC:HGNC:9122,MIM:600259;Name=PMS2;description=PMS1 homolog 2%2C mismatch repair system component;gbkey=Gene;gene=PMS2;gene_biotype=protein_coding;gene_synonym=HNPCC4,LYNCH4,MLH4,MMRCS4,PMS-2,PMS2CL,PMSL2"
1744677,NC_000007.14,BestRefSeq%2CGnomon,gene,6009272,6023834,.,+,.,"ID=gene-AIMP2;Dbxref=GeneID:7965,HGNC:HGNC:20609,MIM:600859;Name=AIMP2;description=aminoacyl tRNA synthetase complex interacting multifunctional protein 2;gbkey=Gene;gene=AIMP2;gene_biotype=protein_coding;gene_synonym=HLD17,JTV-1,JTV1,P38"
1744782,NC_000007.14,BestRefSeq,gene,6016877,6017011,.,+,.,"ID=gene-SNORA80D;Dbxref=GeneID:109616999,HGNC:HGNC:50435;Name=SNORA80D;description=small nucleolar RNA%2C H/ACA box 80D;gbkey=Gene;gene=SNORA80D;gene_biotype=snoRNA"
1744785,NC_000007.14,BestRefSeq%2CGnomon,gene,6022247,6059175,.,-,.,"ID=gene-EIF2AK1;Dbxref=GeneID:27102,HGNC:HGNC:24921,MIM:613635;Name=EIF2AK1;description=eukaryotic translation initiation factor 2 alpha kinase 1;gbkey=Gene;gene=EIF2AK1;gene_biotype=protein_coding;gene_synonym=HCR,hHRI,HRI,LEMSPAD"
1744873,NC_000007.14,BestRefSeq,gene,6031376,6036552,.,+,.,"ID=gene-ANKRD61;Dbxref=GeneID:100310846,HGNC:HGNC:22467;Name=ANKRD61;description=ankyrin repeat domain 61;gbkey=Gene;gene=ANKRD61;gene_biotype=protein_coding"
1744893,NC_000007.14,BestRefSeq%2CGnomon,gene,6081241,6161564,.,+,.,"ID=gene-USP42;Dbxref=GeneID:84132,HGNC:HGNC:20068;Name=USP42;description=ubiquitin specific peptidase 42;gbkey=Gene;gene=USP42;gene_biotype=protein_coding"
1745582,NC_000007.14,BestRefSeq,gene,6161779,6272624,.,-,.,"ID=gene-CYTH3;Dbxref=GeneID:9265,HGNC:HGNC:9504,MIM:605081;Name=CYTH3;description=cytohesin 3;gbkey=Gene;gene=CYTH3;gene_biotype=protein_coding;gene_synonym=ARNO3,cytohesin-3,GRP1,PSCD3"
1745690,NC_000007.14,BestRefSeq,gene,6329411,6348967,.,-,.,"ID=gene-FAM220A;Dbxref=GeneID:84792,HGNC:HGNC:22422,MIM:616628;Name=FAM220A;description=family with sequence similarity 220 member A;exception=dicistronic gene;gbkey=Gene;gene=FAM220A;gene_biotype=protein_coding;gene_synonym=ACPIN1,C7orf70,SIPAR,SMIM10L3"
1745695,NC_000007.14,BestRefSeq,gene,6329411,6348967,.,-,.,"ID=gene-SMIM10L3;Dbxref=GeneID:122526779,HGNC:HGNC:56768;Name=SMIM10L3;description=small integral membrane protein 10 like 3;exception=dicistronic gene;gbkey=Gene;gene=SMIM10L3;gene_biotype=protein_coding;gene_synonym=C7orf70,SAGSIN1"
1745716,NC_000007.14,BestRefSeq,gene,6374527,6403967,.,+,.,"ID=gene-RAC1;Dbxref=GeneID:5879,HGNC:HGNC:9801,MIM:602048;Name=RAC1;description=Rac family small GTPase 1;gbkey=Gene;gene=RAC1;gene_biotype=protein_coding;gene_synonym=MIG5,MRD48,p21-Rac1,Rac-1,TC-25"
1745749,NC_000007.14,BestRefSeq,gene,6409129,6447954,.,-,.,"ID=gene-DAGLB;Dbxref=GeneID:221955,HGNC:HGNC:28923,MIM:614016;Name=DAGLB;description=diacylglycerol lipase beta;gbkey=Gene;gene=DAGLB;gene_biotype=protein_coding;gene_synonym=DAGLBETA,KCCR13L"
1745820,NC_000007.14,BestRefSeq,gene,6461089,6484152,.,-,.,"ID=gene-KDELR2;Dbxref=GeneID:11014,HGNC:HGNC:6305,MIM:609024;Name=KDELR2;description=KDEL endoplasmic reticulum protein retention receptor 2;gbkey=Gene;gene=KDELR2;gene_biotype=protein_coding;gene_synonym=ELP-1,ELP1,ERD2.2,OI21"
1745852,NC_000007.14,BestRefSeq%2CGnomon,gene,6496778,6551461,.,-,.,"ID=gene-GRID2IP;Dbxref=GeneID:392862,HGNC:HGNC:18464,MIM:610639;Name=GRID2IP;description=Grid2 interacting protein;gbkey=Gene;gene=GRID2IP;gene_biotype=protein_coding;gene_synonym=DELPHILIN"
1746037,NC_000007.14,Gnomon,gene,6504511,6517035,.,+,.,ID=gene-LOC101927325;Dbxref=GeneID:101927325;Name=LOC101927325;description=uncharacterized LOC101927325;gbkey=Gene;gene=LOC101927325;gene_biotype=lncRNA
1746062,NC_000007.14,BestRefSeq%2CGnomon,gene,6577454,6589374,.,+,.,"ID=gene-ZDHHC4;Dbxref=GeneID:55146,HGNC:HGNC:18471;Name=ZDHHC4;description=zinc finger DHHC-type palmitoyltransferase 4;gbkey=Gene;gene=ZDHHC4;gene_biotype=protein_coding;gene_synonym=ZNF374"
1746342,NC_000007.14,Gnomon,gene,6588923,6589904,.,-,.,ID=gene-LOC124901582;Dbxref=GeneID:124901582;Name=LOC124901582;description=uncharacterized LOC124901582;gbkey=Gene;gene=LOC124901582;gene_biotype=lncRNA
1746350,NC_000007.14,BestRefSeq%2CGnomon,gene,6590021,6608726,.,+,.,"ID=gene-INTS15;Dbxref=GeneID:79034,HGNC:HGNC:21702;Name=INTS15;description=integrator complex subunit 15;gbkey=Gene;gene=INTS15;gene_biotype=protein_coding;gene_synonym=C7orf26"
1746453,NC_000007.14,BestRefSeq%2CGnomon,gene,6615610,6624290,.,+,.,"ID=gene-ZNF853;Dbxref=GeneID:54753,HGNC:HGNC:21767;Name=ZNF853;description=zinc finger protein 853;gbkey=Gene;gene=ZNF853;gene_biotype=protein_coding"
1746488,NC_000007.14,BestRefSeq%2CGnomon,gene,6637318,6658279,.,+,.,"ID=gene-ZNF316;Dbxref=GeneID:100131017,HGNC:HGNC:13843;Name=ZNF316;description=zinc finger protein 316;gbkey=Gene;gene=ZNF316;gene_biotype=protein_coding;gene_synonym=MZF-3"
1746541,NC_000007.14,Gnomon,gene,6664398,6673222,.,+,.,ID=gene-LOC124901583;Dbxref=GeneID:124901583;Name=LOC124901583;description=uncharacterized LOC124901583;gbkey=Gene;gene=LOC124901583;gene_biotype=lncRNA
1746547,NC_000007.14,BestRefSeq,gene,6688433,6706947,.,-,.,"ID=gene-ZNF12;Dbxref=GeneID:7559,HGNC:HGNC:12902,MIM:194536;Name=ZNF12;description=zinc finger protein 12;gbkey=Gene;gene=ZNF12;gene_biotype=protein_coding;gene_synonym=GIOT-3,HZF11,KOX3,ZNF325"
1746600,NC_000007.14,BestRefSeq%2CGnomon,gene,6752100,6798765,.,+,.,"ID=gene-RSPH10B2;Dbxref=GeneID:728194,HGNC:HGNC:34385;Name=RSPH10B2;description=radial spoke head 10 homolog B2;gbkey=Gene;gene=RSPH10B2;gene_biotype=protein_coding"
1747128,NC_000007.14,BestRefSeq,gene,6798937,6826275,.,-,.,"ID=gene-CCZ1B;Dbxref=GeneID:221960,HGNC:HGNC:21717;Name=CCZ1B;description=CCZ1 homolog B%2C vacuolar protein trafficking and biogenesis associated;gbkey=Gene;gene=CCZ1B;gene_biotype=protein_coding;gene_synonym=C7orf28A,C7orf28B,CCZ1,H_NH0577018.2"
1747196,NC_000007.14,Gnomon,gene,6950450,6960048,.,-,.,ID=gene-LOC112267992;Dbxref=GeneID:112267992;Name=LOC112267992;description=uncharacterized LOC112267992;gbkey=Gene;gene=LOC112267992;gene_biotype=protein_coding
1747210,NC_000007.14,Gnomon,gene,6961845,6987583,.,-,.,ID=gene-LOC107986763;Dbxref=GeneID:107986763;Name=LOC107986763;description=uncharacterized LOC107986763;gbkey=Gene;gene=LOC107986763;gene_biotype=lncRNA
1747223,NC_000007.14,Gnomon,gene,6990241,7111275,.,+,.,ID=gene-LOC105375138;Dbxref=GeneID:105375138;Name=LOC105375138;description=uncharacterized LOC105375138;gbkey=Gene;gene=LOC105375138;gene_biotype=lncRNA
1747250,NC_000007.14,Gnomon,gene,7001528,7003188,.,-,.,ID=gene-LOC124901585;Dbxref=GeneID:124901585;Name=LOC124901585;description=uncharacterized LOC124901585;gbkey=Gene;gene=LOC124901585;gene_biotype=lncRNA
1747262,NC_000007.14,BestRefSeq,gene,7066964,7067045,.,-,.,"ID=gene-MIR3683;Dbxref=GeneID:100500886,HGNC:HGNC:38999,miRBase:MI0016084;Name=MIR3683;description=microRNA 3683;gbkey=Gene;gene=MIR3683;gene_biotype=miRNA"
1747272,NC_000007.14,Gnomon,gene,7100516,7104431,.,-,.,ID=gene-LOC124901584;Dbxref=GeneID:124901584;Name=LOC124901584;description=uncharacterized LOC124901584;gbkey=Gene;gene=LOC124901584;gene_biotype=lncRNA
1747280,NC_000007.14,BestRefSeq%2CGnomon,gene,7157377,7248616,.,+,.,"ID=gene-C1GALT1;Dbxref=GeneID:56913,HGNC:HGNC:24337,MIM:610555;Name=C1GALT1;description=core 1 synthase%2C glycoprotein-N-acetylgalactosamine 3-beta-galactosyltransferase 1;gbkey=Gene;gene=C1GALT1;gene_biotype=protein_coding;gene_synonym=C1GALT,T-synthase"
1747436,NC_000007.14,BestRefSeq,gene,7255154,7278069,.,+,.,"ID=gene-LINC03016;Dbxref=GeneID:101927354,HGNC:HGNC:56145;Name=LINC03016;description=long intergenic non-protein coding RNA 3016;gbkey=Gene;gene=LINC03016;gene_biotype=lncRNA"
1747442,NC_000007.14,Gnomon,gene,7271404,7377412,.,+,.,ID=gene-LOC107986764;Dbxref=GeneID:107986764;Name=LOC107986764;description=uncharacterized LOC107986764;gbkey=Gene;gene=LOC107986764;gene_biotype=lncRNA
1747451,NC_000007.14,BestRefSeq%2CGnomon,gene,7338194,7543870,.,-,.,"ID=gene-COL28A1;Dbxref=GeneID:340267,HGNC:HGNC:22442,MIM:609996;Name=COL28A1;description=collagen type XXVIII alpha 1 chain;gbkey=Gene;gene=COL28A1;gene_biotype=protein_coding;gene_synonym=COL28"
1748167,NC_000007.14,BestRefSeq,gene,7550104,7566065,.,-,.,"ID=gene-MIOS-DT;Dbxref=GeneID:101927391,HGNC:HGNC:55187;Name=MIOS-DT;description=MIOS divergent transcript;gbkey=Gene;gene=MIOS-DT;gene_biotype=lncRNA"
1748180,NC_000007.14,BestRefSeq%2CGnomon,gene,7566884,7609144,.,+,.,"ID=gene-MIOS;Dbxref=GeneID:54468,HGNC:HGNC:21905,MIM:615359;Name=MIOS;description=meiosis regulator for oocyte development;gbkey=Gene;gene=MIOS;gene_biotype=protein_coding;gene_synonym=MIO,Sea4,Yulink"
1748627,NC_000007.14,BestRefSeq,gene,7636518,7718607,.,-,.,"ID=gene-RPA3;Dbxref=GeneID:6119,HGNC:HGNC:10291,MIM:179837;Name=RPA3;description=replication protein A3;gbkey=Gene;gene=RPA3;gene_biotype=protein_coding;gene_synonym=REPA3,RP-A p14"
1748649,NC_000007.14,BestRefSeq,gene,7640752,7879223,.,+,.,"ID=gene-UMAD1;Dbxref=GeneID:729852,HGNC:HGNC:48955;Name=UMAD1;description=UBAP1-MVB12-associated (UMA) domain containing 1;gbkey=Gene;gene=UMAD1;gene_biotype=protein_coding;gene_synonym=RPA3-AS1,RPA3OS"
1748683,NC_000007.14,Gnomon,gene,7796448,7796964,.,+,.,ID=gene-LOC105379719;Dbxref=GeneID:105379719;Name=LOC105379719;description=uncharacterized LOC105379719;gbkey=Gene;gene=LOC105379719;gene_biotype=lncRNA
1748695,NC_000007.14,Gnomon,gene,7870668,7923221,.,-,.,ID=gene-LOC124901586;Dbxref=GeneID:124901586;Name=LOC124901586;description=uncharacterized LOC124901586;gbkey=Gene;gene=LOC124901586;gene_biotype=lncRNA
1748714,NC_000007.14,BestRefSeq,gene,7949839,7968752,.,-,.,"ID=gene-GLCCI1-DT;Dbxref=GeneID:100505921,HGNC:HGNC:40852;Name=GLCCI1-DT;description=GLCCI1 divergent transcript;gbkey=Gene;gene=GLCCI1-DT;gene_biotype=lncRNA"
1748725,NC_000007.14,BestRefSeq,gene,7968796,8089080,.,+,.,"ID=gene-GLCCI1;Dbxref=GeneID:113263,HGNC:HGNC:18713,MIM:614283;Name=GLCCI1;description=glucocorticoid induced 1;gbkey=Gene;gene=GLCCI1;gene_biotype=protein_coding;gene_synonym=FAM117C,GCTR,GIG18,TSSN1"
1748757,NC_000007.14,Gnomon,gene,8091204,8095687,.,+,.,ID=gene-LOC105375142;Dbxref=GeneID:105375142;Name=LOC105375142;description=uncharacterized LOC105375142;gbkey=Gene;gene=LOC105375142;gene_biotype=lncRNA
1748764,NC_000007.14,BestRefSeq%2CGnomon,gene,8113184,8262555,.,-,.,"ID=gene-ICA1;Dbxref=GeneID:3382,HGNC:HGNC:5343,MIM:147625;Name=ICA1;description=islet cell autoantigen 1;gbkey=Gene;gene=ICA1;gene_biotype=protein_coding;gene_synonym=ICA69,ICAp69"
1749803,NC_000007.14,Gnomon,gene,8209800,8215651,.,+,.,ID=gene-LOC124901587;Dbxref=GeneID:124901587;Name=LOC124901587;description=uncharacterized LOC124901587;gbkey=Gene;gene=LOC124901587;gene_biotype=lncRNA
1749812,NC_000007.14,BestRefSeq,gene,8262225,8343281,.,+,.,"ID=gene-ICA1-AS1;Dbxref=GeneID:100505938,HGNC:HGNC:55606;Name=ICA1-AS1;description=ICA1 antisense RNA 1;gbkey=Gene;gene=ICA1-AS1;gene_biotype=lncRNA"
1749828,NC_000007.14,BestRefSeq,gene,8433609,8752961,.,+,.,"ID=gene-NXPH1;Dbxref=GeneID:30010,HGNC:HGNC:20693,MIM:604639;Name=NXPH1;description=neurexophilin 1;gbkey=Gene;gene=NXPH1;gene_biotype=protein_coding;gene_synonym=Nbla00697,NPH1"
1749845,NC_000007.14,Gnomon,gene,8564525,8632463,.,-,.,ID=gene-LOC105375144;Dbxref=GeneID:105375144;Name=LOC105375144;description=uncharacterized LOC105375144;gbkey=Gene;gene=LOC105375144;gene_biotype=lncRNA
1749883,NC_000007.14,BestRefSeq,gene,9621805,9769513,.,+,.,ID=gene-LOC105375148;Dbxref=GeneID:105375148;Name=LOC105375148;description=uncharacterized LOC105375148;gbkey=Gene;gene=LOC105375148;gene_biotype=lncRNA
1749913,NC_000007.14,Gnomon,gene,9639521,9667188,.,-,.,ID=gene-LOC105375145;Dbxref=GeneID:105375145;Name=LOC105375145;description=uncharacterized LOC105375145;gbkey=Gene;gene=LOC105375145;gene_biotype=lncRNA
1749921,NC_000007.14,Gnomon,gene,9757522,9929556,.,-,.,ID=gene-LOC105375147;Dbxref=GeneID:105375147;Name=LOC105375147;description=uncharacterized LOC105375147;gbkey=Gene;gene=LOC105375147;gene_biotype=lncRNA
1749929,NC_000007.14,BestRefSeq,gene,9960950,9986366,.,+,.,ID=gene-LOC105375146;Dbxref=GeneID:105375146;Name=LOC105375146;description=uncharacterized LOC105375146;gbkey=Gene;gene=LOC105375146;gene_biotype=lncRNA
1749950,NC_000007.14,Gnomon,gene,10087250,10156967,.,-,.,ID=gene-LOC105375149;Dbxref=GeneID:105375149;Name=LOC105375149;description=uncharacterized LOC105375149;gbkey=Gene;gene=LOC105375149;gene_biotype=lncRNA
1749955,NC_000007.14,Gnomon,gene,10207293,10215733,.,-,.,ID=gene-LOC105375150;Dbxref=GeneID:105375150;Name=LOC105375150;description=uncharacterized LOC105375150;gbkey=Gene;gene=LOC105375150;gene_biotype=lncRNA
1749961,NC_000007.14,cmsearch,gene,10222797,10223011,.,+,.,ID=gene-LOC124901860;Dbxref=GeneID:124901860;Name=LOC124901860;description=small nucleolar RNA U3;gbkey=Gene;gene=LOC124901860;gene_biotype=snoRNA
1749964,NC_000007.14,BestRefSeq,gene,10449820,10779944,.,-,.,ID=gene-MGC4859;Dbxref=GeneID:79150;Name=MGC4859;description=uncharacterized LOC79150;gbkey=Gene;gene=MGC4859;gene_biotype=lncRNA
1749979,NC_000007.14,Gnomon,gene,10636962,10638252,.,-,.,ID=gene-LOC124901588;Dbxref=GeneID:124901588;Name=LOC124901588;description=uncharacterized LOC124901588;gbkey=Gene;gene=LOC124901588;gene_biotype=lncRNA
1749983,NC_000007.14,Gnomon,gene,10640344,10675391,.,+,.,ID=gene-LOC107986766;Dbxref=GeneID:107986766;Name=LOC107986766;description=uncharacterized LOC107986766;gbkey=Gene;gene=LOC107986766;gene_biotype=lncRNA
1749993,NC_000007.14,Gnomon,gene,10663337,10703555,.,-,.,ID=gene-LOC124900231;Dbxref=GeneID:124900231;Name=LOC124900231;description=uncharacterized LOC124900231;gbkey=Gene;gene=LOC124900231;gene_biotype=lncRNA
1749999,NC_000007.14,BestRefSeq,gene,10702676,10707538,.,+,.,ID=gene-LOC100131472;Dbxref=GeneID:100131472;Name=LOC100131472;description=uncharacterized LOC100131472;gbkey=Gene;gene=LOC100131472;gene_biotype=lncRNA
1750009,NC_000007.14,BestRefSeq,gene,10931943,10940153,.,-,.,"ID=gene-NDUFA4;Dbxref=GeneID:4697,HGNC:HGNC:7687,MIM:603833;Name=NDUFA4;description=NDUFA4 mitochondrial complex associated;gbkey=Gene;gene=NDUFA4;gene_biotype=protein_coding;gene_synonym=CI-9k,CI-MLRQ,COXFA4,MC4DN21,MISTR1,MLRQ,MRCAF1"
1750021,NC_000007.14,Gnomon,gene,10940256,10968434,.,+,.,ID=gene-LOC107986767;Dbxref=GeneID:107986767;Name=LOC107986767;description=uncharacterized LOC107986767;gbkey=Gene;gene=LOC107986767;gene_biotype=lncRNA
1750033,NC_000007.14,BestRefSeq,gene,10973872,11169618,.,+,.,"ID=gene-PHF14;Dbxref=GeneID:9678,HGNC:HGNC:22203,MIM:619907;Name=PHF14;description=PHD finger protein 14;gbkey=Gene;gene=PHF14;gene_biotype=protein_coding"
1750160,NC_000007.14,Gnomon,gene,11334773,11341442,.,-,.,ID=gene-LOC124901590;Dbxref=GeneID:124901590;Name=LOC124901590;description=uncharacterized LOC124901590;gbkey=Gene;gene=LOC124901590;gene_biotype=lncRNA
1750165,NC_000007.14,BestRefSeq%2CGnomon,gene,11370365,11832198,.,-,.,"ID=gene-THSD7A;Dbxref=GeneID:221981,HGNC:HGNC:22207,MIM:612249;Name=THSD7A;description=thrombospondin type 1 domain containing 7A;gbkey=Gene;gene=THSD7A;gene_biotype=protein_coding"
1750506,NC_000007.14,Gnomon,gene,11583893,11591556,.,+,.,ID=gene-LOC105375151;Dbxref=GeneID:105375151;Name=LOC105375151;description=uncharacterized LOC105375151;gbkey=Gene;gene=LOC105375151;gene_biotype=lncRNA
1750519,NC_000007.14,Gnomon,gene,11889871,12094737,.,-,.,ID=gene-LOC124901589;Dbxref=GeneID:124901589;Name=LOC124901589;description=uncharacterized LOC124901589;gbkey=Gene;gene=LOC124901589;gene_biotype=lncRNA
1750531,NC_000007.14,BestRefSeq,gene,12211294,12243367,.,+,.,"ID=gene-TMEM106B;Dbxref=GeneID:54664,HGNC:HGNC:22407,MIM:613413;Name=TMEM106B;description=transmembrane protein 106B;gbkey=Gene;gene=TMEM106B;gene_biotype=protein_coding;gene_synonym=HLD16"
1750574,NC_000007.14,BestRefSeq,gene,12330885,12403865,.,-,.,"ID=gene-VWDE;Dbxref=GeneID:221806,HGNC:HGNC:21897;Name=VWDE;description=von Willebrand factor D and EGF domains;gbkey=Gene;gene=VWDE;gene_biotype=protein_coding"
1750781,NC_000007.14,Gnomon,gene,12406138,12408426,.,+,.,ID=gene-LOC105375154;Dbxref=GeneID:105375154;Name=LOC105375154;description=uncharacterized LOC105375154;gbkey=Gene;gene=LOC105375154;gene_biotype=lncRNA
1750786,NC_000007.14,Gnomon,gene,12433396,12443799,.,-,.,ID=gene-LOC105375155;Dbxref=GeneID:105375155;Name=LOC105375155;description=uncharacterized LOC105375155;gbkey=Gene;gene=LOC105375155;gene_biotype=lncRNA
1750793,NC_000007.14,Gnomon,gene,12474651,12496511,.,-,.,ID=gene-LOC105375156;Dbxref=GeneID:105375156;Name=LOC105375156;description=uncharacterized LOC105375156;gbkey=Gene;gene=LOC105375156;gene_biotype=lncRNA
1750816,NC_000007.14,BestRefSeq%2CGnomon,gene,12483344,12542188,.,+,.,"ID=gene-C7orf78;Dbxref=GeneID:102725191,HGNC:HGNC:55185;Name=C7orf78;description=chromosome 7 open reading frame 78;gbkey=Gene;gene=C7orf78;gene_biotype=protein_coding"
1750908,NC_000007.14,Gnomon,gene,12563893,12595207,.,-,.,ID=gene-LOC107986768;Dbxref=GeneID:107986768;Name=LOC107986768;description=uncharacterized LOC107986768;gbkey=Gene;gene=LOC107986768;gene_biotype=protein_coding
1750922,NC_000007.14,BestRefSeq,gene,12570720,12660182,.,+,.,"ID=gene-SCIN;Dbxref=GeneID:85477,HGNC:HGNC:21695,MIM:613416;Name=SCIN;description=scinderin;gbkey=Gene;gene=SCIN;gene_biotype=protein_coding"
1751005,NC_000007.14,Gnomon,gene,12674036,12675590,.,-,.,ID=gene-LOC105375157;Dbxref=GeneID:105375157;Name=LOC105375157;description=uncharacterized LOC105375157;gbkey=Gene;gene=LOC105375157;gene_biotype=lncRNA
1751016,NC_000007.14,BestRefSeq,gene,12686903,12690958,.,+,.,"ID=gene-ARL4A;Dbxref=GeneID:10124,HGNC:HGNC:695,MIM:604786;Name=ARL4A;description=ADP ribosylation factor like GTPase 4A;gbkey=Gene;gene=ARL4A;gene_biotype=protein_coding;gene_synonym=ARL4"
1751036,NC_000007.14,cmsearch,gene,12700758,12700889,.,-,.,ID=gene-LOC124900237;Dbxref=GeneID:124900237;Name=LOC124900237;description=small nucleolar RNA SNORA64/SNORA10 family;gbkey=Gene;gene=LOC124900237;gene_biotype=snoRNA
1751058,NC_000007.14,Gnomon,gene,12931678,13061997,.,+,.,ID=gene-LOC105375158;Dbxref=GeneID:105375158;Name=LOC105375158;description=uncharacterized LOC105375158;gbkey=Gene;gene=LOC105375158;gene_biotype=lncRNA
1751078,NC_000007.14,Gnomon,gene,13295236,13702458,.,+,.,ID=gene-LOC107986770;Dbxref=GeneID:107986770;Name=LOC107986770;description=uncharacterized LOC107986770;gbkey=Gene;gene=LOC107986770;gene_biotype=lncRNA
1751095,NC_000007.14,Gnomon,gene,13712690,13750538,.,+,.,ID=gene-LOC105375161;Dbxref=GeneID:105375161;Name=LOC105375161;description=uncharacterized LOC105375161;gbkey=Gene;gene=LOC105375161;gene_biotype=lncRNA
1751137,NC_000007.14,BestRefSeq%2CGnomon,gene,13891229,13991425,.,-,.,"ID=gene-ETV1;Dbxref=GeneID:2115,HGNC:HGNC:3490,MIM:600541;Name=ETV1;description=ETS variant transcription factor 1;gbkey=Gene;gene=ETV1;gene_biotype=protein_coding;gene_synonym=ER81"
1751571,NC_000007.14,Gnomon,gene,14051127,14061685,.,+,.,ID=gene-LOC105375162;Dbxref=GeneID:105375162;Name=LOC105375162;description=uncharacterized LOC105375162;gbkey=Gene;gene=LOC105375162;gene_biotype=lncRNA
1751586,NC_000007.14,BestRefSeq%2CGnomon,gene,14145049,14974858,.,-,.,"ID=gene-DGKB;Dbxref=GeneID:1607,HGNC:HGNC:2850,MIM:604070;Name=DGKB;description=diacylglycerol kinase beta;gbkey=Gene;gene=DGKB;gene_biotype=protein_coding;gene_synonym=DAGK2,DGK,DGK-BETA"
1752843,NC_000007.14,Gnomon,gene,14375755,14386811,.,+,.,ID=gene-LOC105375164;Dbxref=GeneID:105375164;Name=LOC105375164;description=uncharacterized LOC105375164;gbkey=Gene;gene=LOC105375164;gene_biotype=lncRNA
1752858,NC_000007.14,BestRefSeq%2CGnomon,gene,15117223,15562015,.,-,.,"ID=gene-AGMO;Dbxref=GeneID:392636,HGNC:HGNC:33784,MIM:613738;Name=AGMO;description=alkylglycerol monooxygenase;gbkey=Gene;gene=AGMO;gene_biotype=protein_coding;gene_synonym=TMEM195"
1753039,NC_000007.14,Gnomon,gene,15237156,15312750,.,+,.,ID=gene-LOC124901592;Dbxref=GeneID:124901592;Name=LOC124901592;description=uncharacterized LOC124901592;gbkey=Gene;gene=LOC124901592;gene_biotype=lncRNA
1753053,NC_000007.14,Gnomon,gene,15558857,15560200,.,+,.,ID=gene-LOC124901591;Dbxref=GeneID:124901591;Name=LOC124901591;description=uncharacterized LOC124901591;gbkey=Gene;gene=LOC124901591;gene_biotype=lncRNA
1753062,NC_000007.14,BestRefSeq,gene,15611212,15686683,.,-,.,"ID=gene-MEOX2;Dbxref=GeneID:4223,HGNC:HGNC:7014,MIM:600535;Name=MEOX2;description=mesenchyme homeobox 2;gbkey=Gene;gene=MEOX2;gene_biotype=protein_coding;gene_synonym=GAX,MOX2"
1753070,NC_000007.14,BestRefSeq,gene,15667947,15681980,.,+,.,ID=gene-LOC105375166;Dbxref=GeneID:105375166;Name=LOC105375166;description=uncharacterized LOC105375166;gbkey=Gene;gene=LOC105375166;gene_biotype=lncRNA
1753078,NC_000007.14,BestRefSeq,gene,15688378,15696892,.,+,.,"ID=gene-LINC02587;Dbxref=GeneID:101927524,HGNC:HGNC:50672;Name=LINC02587;description=long intergenic non-protein coding RNA 2587;gbkey=Gene;gene=LINC02587;gene_biotype=lncRNA;gene_synonym=MEOX2-AS1"
1753084,NC_000007.14,Gnomon,gene,15702083,15728053,.,+,.,ID=gene-LOC101927558;Dbxref=GeneID:101927558;Name=LOC101927558;description=uncharacterized LOC101927558;gbkey=Gene;gene=LOC101927558;gene_biotype=lncRNA
1753094,NC_000007.14,Gnomon,gene,15735174,15803161,.,-,.,ID=gene-LOC105375167;Dbxref=GeneID:105375167;Name=LOC105375167;description=uncharacterized LOC105375167;gbkey=Gene;gene=LOC105375167;gene_biotype=lncRNA
1753111,NC_000007.14,BestRefSeq,gene,16087525,16421538,.,-,.,"ID=gene-CRPPA;Dbxref=GeneID:729920,HGNC:HGNC:37276,MIM:614631;Name=CRPPA;description=CDP-L-ribitol pyrophosphorylase A;gbkey=Gene;gene=CRPPA;gene_biotype=protein_coding;gene_synonym=hISPD,ISPD,LGMDR20,MDDGA7,MDDGC7,Nip"
1753184,NC_000007.14,BestRefSeq,gene,16210486,16270604,.,+,.,"ID=gene-CRPPA-AS1;Dbxref=GeneID:100506025,HGNC:HGNC:48962;Name=CRPPA-AS1;description=CRPPA antisense RNA 1;gbkey=Gene;gene=CRPPA-AS1;gene_biotype=lncRNA;gene_synonym=ISPD-AS1"
1753201,NC_000007.14,Gnomon,gene,16420686,16471375,.,+,.,ID=gene-LOC105375168;Dbxref=GeneID:105375168;Name=LOC105375168;description=uncharacterized LOC105375168;gbkey=Gene;gene=LOC105375168;gene_biotype=lncRNA
1753241,NC_000007.14,BestRefSeq,gene,16461481,16465738,.,-,.,"ID=gene-SOSTDC1;Dbxref=GeneID:25928,HGNC:HGNC:21748,MIM:609675;Name=SOSTDC1;description=sclerostin domain containing 1;gbkey=Gene;gene=SOSTDC1;gene_biotype=protein_coding;gene_synonym=CDA019,DAND7,ECTODIN,USAG1"
1753251,NC_000007.14,BestRefSeq%2CGnomon,gene,16526825,16581568,.,+,.,"ID=gene-LRRC72;Dbxref=GeneID:100506049,HGNC:HGNC:42972;Name=LRRC72;description=leucine rich repeat containing 72;gbkey=Gene;gene=LRRC72;gene_biotype=protein_coding;gene_synonym=CFAP279,FAP279"
1753293,NC_000007.14,BestRefSeq,gene,16599779,16645754,.,-,.,"ID=gene-ANKMY2;Dbxref=GeneID:57037,HGNC:HGNC:25370;Name=ANKMY2;description=ankyrin repeat and MYND domain containing 2;gbkey=Gene;gene=ANKMY2;gene_biotype=protein_coding;gene_synonym=ZMYND20"
1753315,NC_000007.14,Gnomon,gene,16604825,16628365,.,+,.,ID=gene-LOC105375169;Dbxref=GeneID:105375169;Name=LOC105375169;description=uncharacterized LOC105375169;gbkey=Gene;gene=LOC105375169;gene_biotype=lncRNA
1753335,NC_000007.14,BestRefSeq%2CGnomon,gene,16646181,16706517,.,+,.,"ID=gene-BZW2;Dbxref=GeneID:28969,HGNC:HGNC:18808,MIM:619275;Name=BZW2;description=basic leucine zipper and W2 domains 2;gbkey=Gene;gene=BZW2;gene_biotype=protein_coding;gene_synonym=5MP1,HSPC028,MST017,MSTP017"
1753496,NC_000007.14,BestRefSeq,gene,16753755,16784536,.,+,.,"ID=gene-TSPAN13;Dbxref=GeneID:27075,HGNC:HGNC:21643,MIM:613139;Name=TSPAN13;description=tetraspanin 13;gbkey=Gene;gene=TSPAN13;gene_biotype=protein_coding;gene_synonym=NET-6,NET6,TM4SF13"
1753512,NC_000007.14,Gnomon,gene,16780348,16782546,.,+,.,ID=gene-LOC124901593;Dbxref=GeneID:124901593;Name=LOC124901593;description=uncharacterized LOC124901593;gbkey=Gene;gene=LOC124901593;gene_biotype=lncRNA
1753516,NC_000007.14,BestRefSeq%2CGnomon,gene,16791811,16804999,.,-,.,"ID=gene-AGR2;Dbxref=GeneID:10551,HGNC:HGNC:328,MIM:606358;Name=AGR2;description=anterior gradient 2%2C protein disulphide isomerase family member;gbkey=Gene;gene=AGR2;gene_biotype=protein_coding;gene_synonym=AG-2,AG2,GOB-4,HAG-2,HEL-S-116,HPC8,PDIA17,RIFTD,XAG-2"
1753550,NC_000007.14,BestRefSeq%2CGnomon,gene,16854681,16881983,.,-,.,"ID=gene-AGR3;Dbxref=GeneID:155465,HGNC:HGNC:24167,MIM:609482;Name=AGR3;description=anterior gradient 3%2C protein disulphide isomerase family member;gbkey=Gene;gene=AGR3;gene_biotype=protein_coding;gene_synonym=AG-3,AG3,BCMP11,hAG-3,HAG3,PDIA18"
1753610,NC_000007.14,Gnomon,gene,16967179,16971755,.,-,.,ID=gene-LOC124901594;Dbxref=GeneID:124901594;Name=LOC124901594;description=uncharacterized LOC124901594;gbkey=Gene;gene=LOC124901594;gene_biotype=lncRNA
1753614,NC_000007.14,Gnomon,gene,16990218,17021562,.,+,.,ID=gene-LOC105375170;Dbxref=GeneID:105375170;Name=LOC105375170;description=uncharacterized LOC105375170;gbkey=Gene;gene=LOC105375170;gene_biotype=lncRNA
1753625,NC_000007.14,Gnomon,gene,16990267,17050527,.,-,.,ID=gene-LOC124901595;Dbxref=GeneID:124901595;Name=LOC124901595;description=uncharacterized LOC124901595;gbkey=Gene;gene=LOC124901595;gene_biotype=lncRNA
1753635,NC_000007.14,Gnomon,gene,17066313,17099509,.,-,.,ID=gene-LOC124901596;Dbxref=GeneID:124901596;Name=LOC124901596;description=uncharacterized LOC124901596;gbkey=Gene;gene=LOC124901596;gene_biotype=lncRNA
1753642,NC_000007.14,Gnomon,gene,17099804,17228811,.,+,.,ID=gene-LOC107986772;Dbxref=GeneID:107986772;Name=LOC107986772;description=uncharacterized LOC107986772;gbkey=Gene;gene=LOC107986772;gene_biotype=lncRNA
1753647,NC_000007.14,Gnomon,gene,17134912,17299320,.,-,.,ID=gene-LOC101927609;Dbxref=GeneID:101927609;Name=LOC101927609;description=uncharacterized LOC101927609;gbkey=Gene;gene=LOC101927609;gene_biotype=lncRNA
1753710,NC_000007.14,BestRefSeq,gene,17298652,17346147,.,+,.,"ID=gene-AHR;Dbxref=GeneID:196,HGNC:HGNC:348,MIM:600253;Name=AHR;description=aryl hydrocarbon receptor;gbkey=Gene;gene=AHR;gene_biotype=protein_coding;gene_synonym=bHLHe76,RP85"
1753740,NC_000007.14,Gnomon,gene,17362433,17371846,.,-,.,ID=gene-LOC105375171;Dbxref=GeneID:105375171;Name=LOC105375171;description=uncharacterized LOC105375171;gbkey=Gene;gene=LOC105375171;gene_biotype=lncRNA
1753748,NC_000007.14,BestRefSeq,gene,17374917,17467256,.,+,.,"ID=gene-LINC02888;Dbxref=GeneID:102659288,HGNC:HGNC:53765;Name=LINC02888;description=long intergenic non-protein coding RNA 2888;gbkey=Gene;gene=LINC02888;gene_biotype=lncRNA;gene_synonym=KCCAT333"
1753760,NC_000007.14,Gnomon,gene,17430587,17463138,.,-,.,ID=gene-LOC105375172;Dbxref=GeneID:105375172;Name=LOC105375172;description=uncharacterized LOC105375172;gbkey=Gene;gene=LOC105375172;gene_biotype=lncRNA
1753768,NC_000007.14,BestRefSeq,gene,17463445,17558909,.,-,.,"ID=gene-LINC02889;Dbxref=GeneID:101927630,HGNC:HGNC:55071;Name=LINC02889;description=long intergenic non-protein coding RNA 2889;gbkey=Gene;gene=LINC02889;gene_biotype=lncRNA"
1753788,NC_000007.14,BestRefSeq%2CGnomon,gene,17790761,17940494,.,-,.,"ID=gene-SNX13;Dbxref=GeneID:23161,HGNC:HGNC:21335,MIM:606589;Name=SNX13;description=sorting nexin 13;gbkey=Gene;gene=SNX13;gene_biotype=protein_coding;gene_synonym=RGS-PX1"
1754473,NC_000007.14,BestRefSeq,gene,18026770,18027846,.,-,.,"ID=gene-PRPS1L1;Dbxref=GeneID:221823,HGNC:HGNC:9463,MIM:611566;Name=PRPS1L1;description=phosphoribosyl pyrophosphate synthetase 1 like 1;gbkey=Gene;gene=PRPS1L1;gene_biotype=protein_coding;gene_synonym=PRPS1,PRPS3,PRPSL,PRS-III"
1754479,NC_000007.14,BestRefSeq,gene,18086825,19002416,.,+,.,"ID=gene-HDAC9;Dbxref=GeneID:9734,HGNC:HGNC:14065,MIM:606543;Name=HDAC9;description=histone deacetylase 9;gbkey=Gene;gene=HDAC9;gene_biotype=protein_coding;gene_synonym=ARCND4,HD7,HD7b,HD9,HDAC,HDAC7,HDAC7B,HDAC9B,HDAC9FL,HDRP,MITR"
1755569,NC_000007.14,BestRefSeq,gene,18127220,18127309,.,-,.,"ID=gene-MIR1302-6;Dbxref=GeneID:100302140,HGNC:HGNC:35298,miRBase:MI0006367;Name=MIR1302-6;description=microRNA 1302-6;gbkey=Gene;gene=MIR1302-6;gene_biotype=miRNA;gene_synonym=hsa-mir-1302-6,MIRN1302-6"
1755611,NC_000007.14,Gnomon,gene,18653130,18659820,.,-,.,ID=gene-LOC124901598;Dbxref=GeneID:124901598;Name=LOC124901598;description=uncharacterized LOC124901598;gbkey=Gene;gene=LOC124901598;gene_biotype=lncRNA
1755625,NC_000007.14,Gnomon,gene,18885879,18901992,.,-,.,"ID=gene-HDAC9-AS1;Dbxref=GeneID:105375176,HGNC:HGNC:40664;Name=HDAC9-AS1;description=HDAC9 antisense RNA 1;gbkey=Gene;gene=HDAC9-AS1;gene_biotype=lncRNA"
1755633,NC_000007.14,Gnomon,gene,19106928,19113245,.,+,.,ID=gene-LOC124901597;Dbxref=GeneID:124901597;Name=LOC124901597;description=uncharacterized LOC124901597;gbkey=Gene;gene=LOC124901597;gene_biotype=lncRNA
1755638,NC_000007.14,BestRefSeq,gene,19113047,19117636,.,-,.,"ID=gene-TWIST1;Dbxref=GeneID:7291,HGNC:HGNC:12428,MIM:601622;Name=TWIST1;description=twist family bHLH transcription factor 1;gbkey=Gene;gene=TWIST1;gene_biotype=protein_coding;gene_synonym=ACS3,bHLHa38,BPES2,BPES3,CRS,CRS1,CSO,SCS,SWCOS,TWIST"
1755655,NC_000007.14,BestRefSeq,gene,19144782,19145421,.,-,.,"ID=gene-FERD3L;Dbxref=GeneID:222894,HGNC:HGNC:16660,MIM:617578;Name=FERD3L;description=Fer3 like bHLH transcription factor;gbkey=Gene;gene=FERD3L;gene_biotype=protein_coding;gene_synonym=bHLHa31,N-TWIST,NATO3,NTWIST,PTFB"
1755663,NC_000007.14,Gnomon,gene,19299724,19334273,.,+,.,ID=gene-LOC107986773;Dbxref=GeneID:107986773;Name=LOC107986773;description=uncharacterized LOC107986773;gbkey=Gene;gene=LOC107986773;gene_biotype=lncRNA
1755674,NC_000007.14,Gnomon,gene,19380944,19405903,.,+,.,ID=gene-LOC105375179;Dbxref=GeneID:105375179;Name=LOC105375179;description=uncharacterized LOC105375179;gbkey=Gene;gene=LOC105375179;gene_biotype=lncRNA
1755695,NC_000007.14,Gnomon,gene,19576291,19669551,.,+,.,ID=gene-LOC105375180;Dbxref=GeneID:105375180;Name=LOC105375180;description=uncharacterized LOC105375180;gbkey=Gene;gene=LOC105375180;gene_biotype=lncRNA
1755706,NC_000007.14,BestRefSeq,gene,19695461,19709037,.,-,.,"ID=gene-POLR1F;Dbxref=GeneID:221830,HGNC:HGNC:18027,MIM:608312;Name=POLR1F;description=RNA polymerase I subunit F;gbkey=Gene;gene=POLR1F;gene_biotype=protein_coding;gene_synonym=A43,RPA43,TWISTNB"
1755716,NC_000007.14,BestRefSeq,gene,19705358,19705436,.,-,.,"ID=gene-MIR3146;Dbxref=GeneID:100422967,HGNC:HGNC:38368,miRBase:MI0014172;Name=MIR3146;description=microRNA 3146;gbkey=Gene;gene=MIR3146;gene_biotype=miRNA;gene_synonym=mir-3146"
1755727,NC_000007.14,BestRefSeq%2CGnomon,gene,19719315,19773617,.,-,.,"ID=gene-TMEM196;Dbxref=GeneID:256130,HGNC:HGNC:22431;Name=TMEM196;description=transmembrane protein 196;gbkey=Gene;gene=TMEM196;gene_biotype=protein_coding"
1755802,NC_000007.14,Gnomon,gene,19722018,19814347,.,+,.,ID=gene-LOC107986774;Dbxref=GeneID:107986774;Name=LOC107986774;description=uncharacterized LOC107986774;gbkey=Gene;gene=LOC107986774;gene_biotype=lncRNA
1755809,NC_000007.14,Gnomon,gene,19816230,19834730,.,-,.,ID=gene-LOC105379720;Dbxref=GeneID:105379720;Name=LOC105379720;description=uncharacterized LOC105379720;gbkey=Gene;gene=LOC105379720;gene_biotype=lncRNA
1755817,NC_000007.14,BestRefSeq,gene,19918981,20140426,.,-,.,ID=gene-LOC101927668;Dbxref=GeneID:101927668;Name=LOC101927668;description=uncharacterized LOC101927668;gbkey=Gene;gene=LOC101927668;gene_biotype=lncRNA
1755828,NC_000007.14,BestRefSeq,gene,20103860,20118555,.,+,.,ID=gene-LOC105375181;Dbxref=GeneID:105375181;Name=LOC105375181;description=uncharacterized LOC105375181;gbkey=Gene;gene=LOC105375181;gene_biotype=lncRNA
1755844,NC_000007.14,BestRefSeq,gene,20134655,20217384,.,-,.,"ID=gene-MACC1;Dbxref=GeneID:346389,HGNC:HGNC:30215,MIM:612646;Name=MACC1;description=MET transcriptional regulator MACC1;gbkey=Gene;gene=MACC1;gene_biotype=protein_coding;gene_synonym=7A5,SH3BP4L"
1755857,NC_000007.14,BestRefSeq,gene,20141916,20153531,.,+,.,"ID=gene-MACC1-AS1;Dbxref=GeneID:100874041,HGNC:HGNC:41257;Name=MACC1-AS1;description=MACC1 antisense RNA 1;gbkey=Gene;gene=MACC1-AS1;gene_biotype=lncRNA"
1755873,NC_000007.14,BestRefSeq,gene,20217577,20221700,.,+,.,"ID=gene-GIRGL;Dbxref=GeneID:100506098,HGNC:HGNC:55702;Name=GIRGL;description=glutamine insufficiency regulator of glutaminase lncRNA;gbkey=Gene;gene=GIRGL;gene_biotype=lncRNA;gene_synonym=MACC1-DT"
1755901,NC_000007.14,BestRefSeq,gene,20296708,20311712,.,+,.,ID=gene-LOC101927769;Dbxref=GeneID:101927769;Name=LOC101927769;description=uncharacterized LOC101927769;gbkey=Gene;gene=LOC101927769;gene_biotype=lncRNA
1755908,NC_000007.14,BestRefSeq,gene,20328301,20331762,.,-,.,"ID=gene-ITGB8-AS1;Dbxref=GeneID:101927811,HGNC:HGNC:55257;Name=ITGB8-AS1;description=ITGB8 antisense RNA 1;gbkey=Gene;gene=ITGB8-AS1;gene_biotype=lncRNA"
1755920,NC_000007.14,BestRefSeq%2CGnomon,gene,20329766,20415754,.,+,.,"ID=gene-ITGB8;Dbxref=GeneID:3696,HGNC:HGNC:6163,MIM:604160;Name=ITGB8;description=integrin subunit beta 8;gbkey=Gene;gene=ITGB8;gene_biotype=protein_coding"
1756298,NC_000007.14,cmsearch,gene,20377331,20377401,.,+,.,ID=gene-LOC124900239;Dbxref=GeneID:124900239;Name=LOC124900239;description=small nucleolar RNA SNORD56;gbkey=Gene;gene=LOC124900239;gene_biotype=snoRNA
1756313,NC_000007.14,BestRefSeq,gene,20615667,20757008,.,+,.,"ID=gene-ABCB5;Dbxref=GeneID:340273,HGNC:HGNC:46,MIM:611785;Name=ABCB5;description=ATP binding cassette subfamily B member 5;gbkey=Gene;gene=ABCB5;gene_biotype=protein_coding;gene_synonym=ABCB5alpha,ABCB5beta,EST422562"
1756434,NC_000007.14,BestRefSeq,gene,20782279,20786886,.,-,.,"ID=gene-SP8;Dbxref=GeneID:221833,HGNC:HGNC:19196,MIM:608306;Name=SP8;description=Sp8 transcription factor;gbkey=Gene;gene=SP8;gene_biotype=protein_coding;gene_synonym=BTD"
1756468,NC_000007.14,BestRefSeq,gene,20835431,21023148,.,+,.,"ID=gene-LINC01162;Dbxref=GeneID:104355138,HGNC:HGNC:49528;Name=LINC01162;description=long intergenic non-protein coding RNA 1162;gbkey=Gene;gene=LINC01162;gene_biotype=lncRNA"
1756524,NC_000007.14,BestRefSeq%2CGnomon,gene,21428083,21514822,.,+,.,"ID=gene-SP4;Dbxref=GeneID:6671,HGNC:HGNC:11209,MIM:600540;Name=SP4;description=Sp4 transcription factor;gbkey=Gene;gene=SP4;gene_biotype=protein_coding;gene_synonym=HF1B,SPR-1"
1756622,NC_000007.14,BestRefSeq,gene,21471058,21471146,.,+,.,"ID=gene-MIR1183;Dbxref=GeneID:100302122,HGNC:HGNC:35264,miRBase:MI0006276;Name=MIR1183;description=microRNA 1183;gbkey=Gene;gene=MIR1183;gene_biotype=miRNA;gene_synonym=hsa-mir-1183,MIRN1183"
1756633,NC_000007.14,BestRefSeq,gene,21543039,21901839,.,+,.,"ID=gene-DNAH11;Dbxref=GeneID:8701,HGNC:HGNC:2942,MIM:603339;Name=DNAH11;description=dynein axonemal heavy chain 11;gbkey=Gene;gene=DNAH11;gene_biotype=protein_coding;gene_synonym=CILD7,DNAHBL,DNAHC11,DNHBL,DPL11"
1756801,NC_000007.14,Gnomon,gene,21560086,21576142,.,-,.,ID=gene-LOC105375183;Dbxref=GeneID:105375183;Name=LOC105375183;description=uncharacterized LOC105375183;gbkey=Gene;gene=LOC105375183;gene_biotype=lncRNA
1756816,NC_000007.14,Gnomon,gene,21815765,21816470,.,-,.,ID=gene-LOC124901599;Dbxref=GeneID:124901599;Name=LOC124901599;description=uncharacterized LOC124901599;gbkey=Gene;gene=LOC124901599;gene_biotype=lncRNA
1756820,NC_000007.14,Gnomon,gene,21826211,21827543,.,+,.,ID=gene-LOC107986775;Dbxref=GeneID:107986775;Name=LOC107986775;description=uncharacterized LOC107986775;gbkey=Gene;gene=LOC107986775;gene_biotype=lncRNA
1756827,NC_000007.14,BestRefSeq,gene,21900899,21945899,.,-,.,"ID=gene-CDCA7L;Dbxref=GeneID:55536,HGNC:HGNC:30777,MIM:609685;Name=CDCA7L;description=cell division cycle associated 7 like;gbkey=Gene;gene=CDCA7L;gene_biotype=protein_coding;gene_synonym=JPO2,R1,RAM2"
1756923,NC_000007.14,BestRefSeq%2CGnomon,gene,22118236,22357154,.,-,.,"ID=gene-RAPGEF5;Dbxref=GeneID:9771,HGNC:HGNC:16862,MIM:609527;Name=RAPGEF5;description=Rap guanine nucleotide exchange factor 5;gbkey=Gene;gene=RAPGEF5;gene_biotype=protein_coding;gene_synonym=GFR,MR-GEF,MRGEF,REPAC"
1757273,NC_000007.14,BestRefSeq%2CGnomon,gene,22419444,22500188,.,-,.,"ID=gene-STEAP1B;Dbxref=GeneID:256227,HGNC:HGNC:41907;Name=STEAP1B;description=STEAP family member 1B;gbkey=Gene;gene=STEAP1B;gene_biotype=protein_coding"
1757402,NC_000007.14,BestRefSeq,gene,22563337,22573998,.,+,.,"ID=gene-STEAP1B-AS1;Dbxref=GeneID:100506178,HGNC:HGNC:56137;Name=STEAP1B-AS1;description=STEAP1B antisense RNA 1;gbkey=Gene;gene=STEAP1B-AS1;gene_biotype=lncRNA"
1757413,NC_000007.14,BestRefSeq,gene,22649960,22665533,.,-,.,ID=gene-LOC401312;Dbxref=GeneID:401312;Name=LOC401312;description=uncharacterized LOC401312;gbkey=Gene;gene=LOC401312;gene_biotype=lncRNA
1757436,NC_000007.14,BestRefSeq,gene,22725395,22727620,.,-,.,"ID=gene-IL6-AS1;Dbxref=GeneID:541472,HGNC:HGNC:40301;Name=IL6-AS1;description=IL6 antisense RNA 1;gbkey=Gene;gene=IL6-AS1;gene_biotype=lncRNA"
1757444,NC_000007.14,BestRefSeq%2CGnomon,gene,22727200,22731998,.,+,.,"ID=gene-IL6;Dbxref=GeneID:3569,HGNC:HGNC:6018,MIM:147620;Name=IL6;description=interleukin 6;gbkey=Gene;gene=IL6;gene_biotype=protein_coding;gene_synonym=BSF-2,BSF2,CDF,HGF,HSF,IFN-beta-2,IFNB2,IL-6"
1757493,NC_000007.14,BestRefSeq,gene,22812974,22822849,.,-,.,"ID=gene-TOMM7;Dbxref=GeneID:54543,HGNC:HGNC:21648,MIM:607980;Name=TOMM7;description=translocase of outer mitochondrial membrane 7;gbkey=Gene;gene=TOMM7;gene_biotype=protein_coding;gene_synonym=GMPGS,TOM7"
1757512,NC_000007.14,Gnomon,gene,22822957,22833843,.,+,.,ID=gene-LOC112267993;Dbxref=GeneID:112267993;Name=LOC112267993;description=uncharacterized LOC112267993;gbkey=Gene;gene=LOC112267993;gene_biotype=lncRNA
1757521,NC_000007.14,BestRefSeq,gene,22854240,22861436,.,+,.,"ID=gene-SNHG26;Dbxref=GeneID:109729180,HGNC:HGNC:53131;Name=SNHG26;description=small nucleolar RNA host gene 26;gbkey=Gene;gene=SNHG26;gene_biotype=lncRNA"
1757531,NC_000007.14,BestRefSeq,gene,22856613,22856686,.,+,.,"ID=gene-SNORD93;Dbxref=GeneID:692210,HGNC:HGNC:32755;Name=SNORD93;description=small nucleolar RNA%2C C/D box 93;gbkey=Gene;gene=SNORD93;gene_biotype=snoRNA;gene_synonym=HBII-336"
1757538,NC_000007.14,Gnomon,gene,22874691,22891423,.,-,.,ID=gene-LOC107986776;Dbxref=GeneID:107986776;Name=LOC107986776;description=uncharacterized LOC107986776;gbkey=Gene;gene=LOC107986776;gene_biotype=lncRNA
1757559,NC_000007.14,Gnomon,gene,22889744,22892855,.,+,.,ID=gene-LOC124901600;Dbxref=GeneID:124901600;Name=LOC124901600;description=uncharacterized LOC124901600;gbkey=Gene;gene=LOC124901600;gene_biotype=lncRNA
1757564,NC_000007.14,BestRefSeq%2CGnomon,gene,22895843,23014130,.,-,.,"ID=gene-HYCC1;Dbxref=GeneID:84668,HGNC:HGNC:24587,MIM:610531;Name=HYCC1;description=hyccin PI4KA lipid kinase complex subunit 1;gbkey=Gene;gene=HYCC1;gene_biotype=protein_coding;gene_synonym=DRCTNNB1A,FAM126A,HCC,HLD5"
1757694,NC_000007.14,Gnomon,gene,23021683,23030342,.,+,.,ID=gene-LOC105375185;Dbxref=GeneID:105375185;Name=LOC105375185;description=uncharacterized LOC105375185;gbkey=Gene;gene=LOC105375185;gene_biotype=lncRNA
1757708,NC_000007.14,Gnomon,gene,23077702,23099195,.,-,.,ID=gene-LOC105375186;Dbxref=GeneID:105375186;Name=LOC105375186;description=uncharacterized LOC105375186;gbkey=Gene;gene=LOC105375186;gene_biotype=lncRNA
1757713,NC_000007.14,BestRefSeq,gene,23101228,23105703,.,-,.,"ID=gene-KLHL7-DT;Dbxref=GeneID:100775104,HGNC:HGNC:43431;Name=KLHL7-DT;description=KLHL7 divergent transcript;gbkey=Gene;gene=KLHL7-DT;gene_biotype=lncRNA;gene_synonym=KLHL7-AS1,PLATAK"
1757721,NC_000007.14,BestRefSeq%2CGnomon,gene,23105785,23177914,.,+,.,"ID=gene-KLHL7;Dbxref=GeneID:55975,HGNC:HGNC:15646,MIM:611119;Name=KLHL7;description=kelch like family member 7;gbkey=Gene;gene=KLHL7;gene_biotype=protein_coding;gene_synonym=CISS3,KLHL6,PERCHING,SBBI26"
1757863,NC_000007.14,BestRefSeq%2CGnomon,gene,23182048,23201006,.,+,.,"ID=gene-NUP42;Dbxref=GeneID:11097,HGNC:HGNC:17010,MIM:619998;Name=NUP42;description=nucleoporin 42;gbkey=Gene;gene=NUP42;gene_biotype=protein_coding;gene_synonym=CG1,hCG1,NLP-1,NLP1,NLP_1,NUPL2,UIP1"
1757962,NC_000007.14,Gnomon,gene,23214075,23239759,.,+,.,ID=gene-LOC101927890;Dbxref=GeneID:101927890;Name=LOC101927890;description=uncharacterized LOC101927890;gbkey=Gene;gene=LOC101927890;gene_biotype=lncRNA
1757972,NC_000007.14,BestRefSeq%2CGnomon,gene,23246775,23275108,.,+,.,"ID=gene-GPNMB;Dbxref=GeneID:10457,HGNC:HGNC:4462,MIM:604368;Name=GPNMB;description=glycoprotein nmb;gbkey=Gene;gene=GPNMB;gene_biotype=protein_coding;gene_synonym=HGFIN,NMB,PLCA3"
1758101,NC_000007.14,BestRefSeq,gene,23299339,23311729,.,+,.,"ID=gene-MALSU1;Dbxref=GeneID:115416,HGNC:HGNC:21721,MIM:614624;Name=MALSU1;description=mitochondrial assembly of ribosomal large subunit 1;gbkey=Gene;gene=MALSU1;gene_biotype=protein_coding;gene_synonym=C7orf30,mtRsfA"
1758113,NC_000007.14,BestRefSeq%2CGnomon,gene,23310209,23470491,.,-,.,"ID=gene-IGF2BP3;Dbxref=GeneID:10643,HGNC:HGNC:28868,MIM:608259;Name=IGF2BP3;description=insulin like growth factor 2 mRNA binding protein 3;gbkey=Gene;gene=IGF2BP3;gene_biotype=protein_coding;gene_synonym=CT98,IMP-3,IMP3,KOC,KOC1,VICKZ3"
1758328,NC_000007.14,BestRefSeq,gene,23396446,23396516,.,+,.,"ID=gene-SNORD65C;Dbxref=GeneID:109616981,HGNC:HGNC:52232;Name=SNORD65C;description=small nucleolar RNA%2C C/D box 65C;gbkey=Gene;gene=SNORD65C;gene_biotype=snoRNA"
1758363,NC_000007.14,BestRefSeq%2CGnomon,gene,23504780,23531981,.,-,.,"ID=gene-TRA2A;Dbxref=GeneID:29896,HGNC:HGNC:16645,MIM:602718;Name=TRA2A;description=transformer 2 alpha homolog;gbkey=Gene;gene=TRA2A;gene_biotype=protein_coding;gene_synonym=AWMS1,HSU53209"
1758529,NC_000007.14,Gnomon,gene,23586694,23597325,.,-,.,ID=gene-LOC105375187;Dbxref=GeneID:105375187;Name=LOC105375187;description=uncharacterized LOC105375187;gbkey=Gene;gene=LOC105375187;gene_biotype=lncRNA
1758535,NC_000007.14,BestRefSeq%2CGnomon,gene,23597382,23644708,.,+,.,"ID=gene-CCDC126;Dbxref=GeneID:90693,HGNC:HGNC:22398;Name=CCDC126;description=coiled-coil domain containing 126;gbkey=Gene;gene=CCDC126;gene_biotype=protein_coding"
1758562,NC_000007.14,BestRefSeq%2CGnomon,gene,23680199,23703249,.,+,.,"ID=gene-FAM221A;Dbxref=GeneID:340277,HGNC:HGNC:27977;Name=FAM221A;description=family with sequence similarity 221 member A;gbkey=Gene;gene=FAM221A;gene_biotype=protein_coding;gene_synonym=C7orf46"
1758781,NC_000007.14,BestRefSeq%2CGnomon,gene,23710082,23832513,.,+,.,"ID=gene-STK31;Dbxref=GeneID:56164,HGNC:HGNC:11407,MIM:605790;Name=STK31;description=serine/threonine kinase 31;gbkey=Gene;gene=STK31;gene_biotype=protein_coding;gene_synonym=SGK396,TDRD8"
1759201,NC_000007.14,cmsearch,gene,23895028,23895134,.,-,.,ID=gene-LOC124901835;Dbxref=GeneID:124901835;Name=LOC124901835;description=small nucleolar RNA U13;gbkey=Gene;gene=LOC124901835;gene_biotype=snoRNA
1759208,NC_000007.14,Gnomon,gene,24018619,24027849,.,+,.,ID=gene-LOC105375188;Dbxref=GeneID:105375188;Name=LOC105375188;description=uncharacterized LOC105375188;gbkey=Gene;gene=LOC105375188;gene_biotype=lncRNA
1759218,NC_000007.14,Gnomon,gene,24141282,24445138,.,-,.,ID=gene-LOC107986777;Dbxref=GeneID:107986777;Name=LOC107986777;description=uncharacterized LOC107986777;gbkey=Gene;gene=LOC107986777;gene_biotype=lncRNA
1759303,NC_000007.14,cmsearch,gene,24261609,24261714,.,-,.,ID=gene-LOC124901831;Dbxref=GeneID:124901831;Name=LOC124901831;description=small nucleolar RNA U13;gbkey=Gene;gene=LOC124901831;gene_biotype=snoRNA
1759308,NC_000007.14,BestRefSeq,gene,24284190,24291862,.,+,.,"ID=gene-NPY;Dbxref=GeneID:4852,HGNC:HGNC:7955,MIM:162640;Name=NPY;description=neuropeptide Y;gbkey=Gene;gene=NPY;gene_biotype=protein_coding;gene_synonym=PYY4"
1759348,NC_000007.14,Gnomon,gene,24471283,24480623,.,-,.,ID=gene-LOC124901601;Dbxref=GeneID:124901601;Name=LOC124901601;description=uncharacterized LOC124901601;gbkey=Gene;gene=LOC124901601;gene_biotype=lncRNA
1759372,NC_000007.14,BestRefSeq%2CGnomon,gene,24573452,24694193,.,+,.,"ID=gene-PALS2;Dbxref=GeneID:51678,HGNC:HGNC:18167,MIM:606959;Name=PALS2;description=protein associated with LIN7 2%2C MAGUK p55 family member;gbkey=Gene;gene=PALS2;gene_biotype=protein_coding;gene_synonym=MPP6,p55T,VAM-1,VAM1"
1759600,NC_000007.14,BestRefSeq%2CGnomon,gene,24698355,24795539,.,-,.,"ID=gene-GSDME;Dbxref=GeneID:1687,HGNC:HGNC:2810,MIM:608798;Name=GSDME;description=gasdermin E;gbkey=Gene;gene=GSDME;gene_biotype=protein_coding;gene_synonym=DFNA5,ICERE-1"
1759722,NC_000007.14,Gnomon,gene,24756324,24774185,.,-,.,ID=gene-LOC124901820;Dbxref=GeneID:124901820;Name=LOC124901820;description=translation initiation factor IF-2-like;gbkey=Gene;gene=LOC124901820;gene_biotype=protein_coding
1759750,NC_000007.14,BestRefSeq%2CGnomon,gene,24796537,24981845,.,-,.,"ID=gene-OSBPL3;Dbxref=GeneID:26031,HGNC:HGNC:16370,MIM:606732;Name=OSBPL3;description=oxysterol binding protein like 3;gbkey=Gene;gene=OSBPL3;gene_biotype=protein_coding;gene_synonym=ORP-3,ORP3,OSBP3"
1761469,NC_000007.14,BestRefSeq,gene,25118656,25125260,.,-,.,"ID=gene-CYCS;Dbxref=GeneID:54205,HGNC:HGNC:19986,MIM:123970;Name=CYCS;description=cytochrome c%2C somatic;gbkey=Gene;gene=CYCS;gene_biotype=protein_coding;gene_synonym=CYC,HCS,THC4"
1761482,NC_000007.14,BestRefSeq%2CGnomon,gene,25125772,25180354,.,-,.,"ID=gene-SPMIP4;Dbxref=GeneID:136895,HGNC:HGNC:21722,MIM:616071;Name=SPMIP4;description=sperm microtubule inner protein 4;gbkey=Gene;gene=SPMIP4;gene_biotype=protein_coding;gene_synonym=C7orf31"
1761575,NC_000007.14,Gnomon,gene,25154018,25215459,.,+,.,ID=gene-LOC124901603;Dbxref=GeneID:124901603;Name=LOC124901603;description=uncharacterized LOC124901603;gbkey=Gene;gene=LOC124901603;gene_biotype=lncRNA
1761580,NC_000007.14,Gnomon,gene,25175814,25177631,.,+,.,ID=gene-LOC124901602;Dbxref=GeneID:124901602;Name=LOC124901602;description=uncharacterized LOC124901602;gbkey=Gene;gene=LOC124901602;gene_biotype=lncRNA
1761588,NC_000007.14,Gnomon,gene,25186905,25193979,.,+,.,ID=gene-LOC105375191;Dbxref=GeneID:105375191;Name=LOC105375191;description=uncharacterized LOC105375191;gbkey=Gene;gene=LOC105375191;gene_biotype=lncRNA
1761597,NC_000007.14,BestRefSeq,gene,25224570,25228486,.,-,.,"ID=gene-NPVF;Dbxref=GeneID:64111,HGNC:HGNC:13782,MIM:616984;Name=NPVF;description=neuropeptide VF precursor;gbkey=Gene;gene=NPVF;gene_biotype=protein_coding;gene_synonym=C7orf9,RFRP"
1761609,NC_000007.14,cmsearch,gene,25264656,25264882,.,+,.,ID=gene-LOC124901858;Dbxref=GeneID:124901858;Name=LOC124901858;description=small nucleolar RNA U3;gbkey=Gene;gene=LOC124901858;gene_biotype=snoRNA
1761617,NC_000007.14,Gnomon,gene,25321272,25321920,.,+,.,ID=gene-LOC105375193;Dbxref=GeneID:105375193;Name=LOC105375193;description=uncharacterized LOC105375193;gbkey=Gene;gene=LOC105375193;gene_biotype=lncRNA
1761621,NC_000007.14,Gnomon,gene,25328711,25358335,.,+,.,ID=gene-LOC105375195;Dbxref=GeneID:105375195;Name=LOC105375195;description=uncharacterized LOC105375195;gbkey=Gene;gene=LOC105375195;gene_biotype=lncRNA
1761626,NC_000007.14,Gnomon,gene,25332719,25333714,.,+,.,ID=gene-LOC105375194;Dbxref=GeneID:105375194;Name=LOC105375194;description=uncharacterized LOC105375194;gbkey=Gene;gene=LOC105375194;gene_biotype=lncRNA
1761630,NC_000007.14,Gnomon,gene,25358240,25379428,.,-,.,ID=gene-LOC124901604;Dbxref=GeneID:124901604;Name=LOC124901604;description=uncharacterized LOC124901604;gbkey=Gene;gene=LOC124901604;gene_biotype=lncRNA
1761634,NC_000007.14,Gnomon,gene,25487143,25496741,.,-,.,ID=gene-LOC105375196;Dbxref=GeneID:105375196;Name=LOC105375196;description=uncharacterized LOC105375196;gbkey=Gene;gene=LOC105375196;gene_biotype=lncRNA
1761644,NC_000007.14,BestRefSeq,gene,25593301,25790119,.,-,.,"ID=gene-LINC03007;Dbxref=GeneID:646588,HGNC:HGNC:56132;Name=LINC03007;description=long intergenic non-protein coding RNA 3007;gbkey=Gene;gene=LINC03007;gene_biotype=lncRNA"
1761792,NC_000007.14,Gnomon,gene,25831291,25833084,.,-,.,ID=gene-LOC100506236;Dbxref=GeneID:100506236;Name=LOC100506236;description=uncharacterized LOC100506236;gbkey=Gene;gene=LOC100506236;gene_biotype=lncRNA
1761813,NC_000007.14,Gnomon,gene,25939262,26130789,.,-,.,ID=gene-LOC105375199;Dbxref=GeneID:105375199;Name=LOC105375199;description=uncharacterized LOC105375199;gbkey=Gene;gene=LOC105375199;gene_biotype=lncRNA
1761863,NC_000007.14,Gnomon,gene,25941532,25946001,.,+,.,ID=gene-LOC105375200;Dbxref=GeneID:105375200;Name=LOC105375200;description=uncharacterized LOC105375200;gbkey=Gene;gene=LOC105375200;gene_biotype=lncRNA
1761871,NC_000007.14,BestRefSeq,gene,25949919,25949986,.,-,.,"ID=gene-MIR148A;Dbxref=GeneID:406940,HGNC:HGNC:31535,MIM:613786,miRBase:MI0000253;Name=MIR148A;description=microRNA 148a;gbkey=Gene;gene=MIR148A;gene_biotype=miRNA;gene_synonym=hsa-mir-148,mir-148a,MIRN148,MIRN148A"
1761896,NC_000007.14,Gnomon,gene,26101639,26126807,.,+,.,ID=gene-LOC105375198;Dbxref=GeneID:105375198;Name=LOC105375198;description=uncharacterized LOC105375198;gbkey=Gene;gene=LOC105375198;gene_biotype=lncRNA
1761918,NC_000007.14,BestRefSeq,gene,26152198,26187137,.,+,.,"ID=gene-NFE2L3;Dbxref=GeneID:9603,HGNC:HGNC:7783,MIM:604135;Name=NFE2L3;description=NFE2 like bZIP transcription factor 3;gbkey=Gene;gene=NFE2L3;gene_biotype=protein_coding;gene_synonym=NRF3"
1761957,NC_000007.14,BestRefSeq%2CGnomon,gene,26189927,26200746,.,-,.,"ID=gene-HNRNPA2B1;Dbxref=GeneID:3181,HGNC:HGNC:5033,MIM:600124;Name=HNRNPA2B1;description=heterogeneous nuclear ribonucleoprotein A2/B1;gbkey=Gene;gene=HNRNPA2B1;gene_biotype=protein_coding;gene_synonym=HNRNPA2,HNRNPB1,HNRPA2,HNRPA2B1,HNRPB1,IBMPFD2,OPMD2,RNPA2,SNRPB1"
1762515,NC_000007.14,BestRefSeq%2CGnomon,gene,26201443,26213607,.,+,.,"ID=gene-CBX3;Dbxref=GeneID:11335,HGNC:HGNC:1553,MIM:604477;Name=CBX3;description=chromobox 3;gbkey=Gene;gene=CBX3;gene_biotype=protein_coding;gene_synonym=HECH,HP1-GAMMA,HP1gamma,HP1Hs-gamma"
1762573,NC_000007.14,BestRefSeq%2CGnomon,gene,26291862,26374383,.,+,.,"ID=gene-SNX10;Dbxref=GeneID:29887,HGNC:HGNC:14974,MIM:614780;Name=SNX10;description=sorting nexin 10;gbkey=Gene;gene=SNX10;gene_biotype=protein_coding;gene_synonym=OPTB8"
1762738,NC_000007.14,BestRefSeq,gene,26372019,26399418,.,-,.,"ID=gene-SNX10-AS1;Dbxref=GeneID:105375304,HGNC:HGNC:55845;Name=SNX10-AS1;description=SNX10 antisense RNA 1;gbkey=Gene;gene=SNX10-AS1;gene_biotype=lncRNA"
1762754,NC_000007.14,BestRefSeq,gene,26398569,26540950,.,+,.,"ID=gene-LINC02981;Dbxref=GeneID:441204,HGNC:HGNC:56055;Name=LINC02981;description=long intergenic non-protein coding RNA 2981;gbkey=Gene;gene=LINC02981;gene_biotype=lncRNA"
1762807,NC_000007.14,Gnomon,gene,26428994,26433470,.,+,.,ID=gene-LOC105375202;Dbxref=GeneID:105375202;Name=LOC105375202;description=uncharacterized LOC105375202;gbkey=Gene;gene=LOC105375202;gene_biotype=lncRNA
1762822,NC_000007.14,BestRefSeq,gene,26533121,26538825,.,-,.,"ID=gene-KIAA0087;Dbxref=GeneID:9808,HGNC:HGNC:22191;Name=KIAA0087;description=KIAA0087 lncRNA;gbkey=Gene;gene=KIAA0087;gene_biotype=lncRNA"
1762826,NC_000007.14,Gnomon,gene,26543555,26550993,.,-,.,ID=gene-LOC124901605;Dbxref=GeneID:124901605;Name=LOC124901605;description=uncharacterized LOC124901605;gbkey=Gene;gene=LOC124901605;gene_biotype=lncRNA
1762832,NC_000007.14,BestRefSeq,gene,26551839,26558880,.,+,.,"ID=gene-LINC03095;Dbxref=GeneID:100506289,HGNC:HGNC:56738;Name=LINC03095;description=long intergenic non-protein coding RNA 3095;gbkey=Gene;gene=LINC03095;gene_biotype=lncRNA"
1762849,NC_000007.14,Gnomon,gene,26585570,26623430,.,-,.,ID=gene-LOC101928077;Dbxref=GeneID:101928077;Name=LOC101928077;description=uncharacterized LOC101928077;gbkey=Gene;gene=LOC101928077;gene_biotype=lncRNA
1762865,NC_000007.14,BestRefSeq,gene,26637871,26647272,.,+,.,"ID=gene-LINC02860;Dbxref=GeneID:285941,HGNC:HGNC:22364;Name=LINC02860;description=long intergenic non-protein coding RNA 2860;gbkey=Gene;gene=LINC02860;gene_biotype=lncRNA;gene_synonym=C7orf71"
1762876,NC_000007.14,BestRefSeq%2CGnomon,gene,26654770,26864590,.,-,.,"ID=gene-SKAP2;Dbxref=GeneID:8935,HGNC:HGNC:15687,MIM:605215;Name=SKAP2;description=src kinase associated phosphoprotein 2;gbkey=Gene;gene=SKAP2;gene_biotype=protein_coding;gene_synonym=PRAP,RA70,SAPS,SCAP2,SKAP-HOM,SKAP55R"
1762973,NC_000007.14,Gnomon,gene,26805562,26857541,.,+,.,ID=gene-LOC124901606;Dbxref=GeneID:124901606;Name=LOC124901606;description=uncharacterized LOC124901606;gbkey=Gene;gene=LOC124901606;gene_biotype=lncRNA
1762991,NC_000007.14,BestRefSeq,gene,27092993,27096000,.,-,.,"ID=gene-HOXA1;Dbxref=GeneID:3198,HGNC:HGNC:5099,MIM:142955;Name=HOXA1;description=homeobox A1;gbkey=Gene;gene=HOXA1;gene_biotype=protein_coding;gene_synonym=BSAS,HOX1,HOX1F"
1763009,NC_000007.14,BestRefSeq,gene,27096094,27100258,.,+,.,"ID=gene-HOTAIRM1;Dbxref=GeneID:100506311,HGNC:HGNC:37117;Name=HOTAIRM1;description=HOXA transcript antisense RNA%2C myeloid-specific 1;gbkey=Gene;gene=HOTAIRM1;gene_biotype=lncRNA;gene_synonym=HOXA-AS1,HOXA1-AS1,NCRNA00179"
1763020,NC_000007.14,BestRefSeq,gene,27100354,27102683,.,-,.,"ID=gene-HOXA2;Dbxref=GeneID:3199,HGNC:HGNC:5103,MIM:604685;Name=HOXA2;description=homeobox A2;gbkey=Gene;gene=HOXA2;gene_biotype=protein_coding;gene_synonym=HOX1K,MCOHI"
1763028,NC_000007.14,BestRefSeq,gene,27107010,27152583,.,-,.,"ID=gene-HOXA3;Dbxref=GeneID:3200,HGNC:HGNC:5104,MIM:142954;Name=HOXA3;description=homeobox A3;gbkey=Gene;gene=HOXA3;gene_biotype=protein_coding;gene_synonym=HOX1,HOX1E"
1763141,NC_000007.14,BestRefSeq,gene,27121919,27128760,.,+,.,"ID=gene-HOXA-AS2;Dbxref=GeneID:285943,HGNC:HGNC:43745,MIM:616068;Name=HOXA-AS2;description=HOXA cluster antisense RNA 2;gbkey=Gene;gene=HOXA-AS2;gene_biotype=lncRNA;gene_synonym=HOXA3as"
1763150,NC_000007.14,BestRefSeq,gene,27128525,27130757,.,-,.,"ID=gene-HOXA4;Dbxref=GeneID:3201,HGNC:HGNC:5105,MIM:142953;Name=HOXA4;description=homeobox A4;gbkey=Gene;gene=HOXA4;gene_biotype=protein_coding;gene_synonym=HOX1,HOX1D"
1763160,NC_000007.14,BestRefSeq,gene,27140364,27155928,.,+,.,"ID=gene-HOXA-AS3;Dbxref=GeneID:100133311,HGNC:HGNC:43748,MIM:618706;Name=HOXA-AS3;description=HOXA cluster antisense RNA 3;gbkey=Gene;gene=HOXA-AS3;gene_biotype=lncRNA;gene_synonym=HOXA6as"
1763169,NC_000007.14,BestRefSeq,gene,27141052,27143681,.,-,.,"ID=gene-HOXA5;Dbxref=GeneID:3202,HGNC:HGNC:5106,MIM:142952;Name=HOXA5;description=homeobox A5;gbkey=Gene;gene=HOXA5;gene_biotype=protein_coding;gene_synonym=HOX1,HOX1.3,HOX1C"
1763175,NC_000007.14,BestRefSeq,gene,27145396,27147774,.,-,.,"ID=gene-HOXA6;Dbxref=GeneID:3203,HGNC:HGNC:5107,MIM:142951;Name=HOXA6;description=homeobox A6;gbkey=Gene;gene=HOXA6;gene_biotype=protein_coding;gene_synonym=HOX1,HOX1.2,HOX1B"
1763181,NC_000007.14,BestRefSeq,gene,27153716,27156675,.,-,.,"ID=gene-HOXA7;Dbxref=GeneID:3204,HGNC:HGNC:5108,MIM:142950;Name=HOXA7;description=homeobox A7;gbkey=Gene;gene=HOXA7;gene_biotype=protein_coding;gene_synonym=ANTP,HOX1,HOX1.1,HOX1A"
1763193,NC_000007.14,BestRefSeq,gene,27162438,27180261,.,-,.,ID=gene-HOXA10-HOXA9;Dbxref=GeneID:100534589;Name=HOXA10-HOXA9;description=HOXA10-HOXA9 readthrough;gbkey=Gene;gene=HOXA10-HOXA9;gene_biotype=lncRNA
1763198,NC_000007.14,BestRefSeq,gene,27162438,27165537,.,-,.,"ID=gene-HOXA9;Dbxref=GeneID:3205,HGNC:HGNC:5109,MIM:142956;Name=HOXA9;description=homeobox A9;gbkey=Gene;gene=HOXA9;gene_biotype=protein_coding;gene_synonym=ABD-B,HOX1,HOX1.7,HOX1G"
1763214,NC_000007.14,BestRefSeq,gene,27168899,27171915,.,+,.,"ID=gene-HOXA10-AS;Dbxref=GeneID:100874323,HGNC:HGNC:40281;Name=HOXA10-AS;description=HOXA10 antisense RNA;gbkey=Gene;gene=HOXA10-AS;gene_biotype=lncRNA;gene_synonym=HOXA-AS4"
1763221,NC_000007.14,BestRefSeq,gene,27169480,27169563,.,-,.,"ID=gene-MIR196B;Dbxref=GeneID:442920,HGNC:HGNC:31790,MIM:609688,miRBase:MI0001150;Name=MIR196B;description=microRNA 196b;gbkey=Gene;gene=MIR196B;gene_biotype=miRNA;gene_synonym=miR-196b,MIRN196B,miRNA196B"
1763228,NC_000007.14,BestRefSeq,gene,27170605,27179861,.,-,.,"ID=gene-HOXA10;Dbxref=GeneID:3206,HGNC:HGNC:5100,MIM:142957;Name=HOXA10;description=homeobox A10;gbkey=Gene;gene=HOXA10;gene_biotype=protein_coding;gene_synonym=HOX1,HOX1.8,HOX1H,PL"
1763247,NC_000007.14,BestRefSeq,gene,27181157,27185232,.,-,.,"ID=gene-HOXA11;Dbxref=GeneID:3207,HGNC:HGNC:5101,MIM:142958;Name=HOXA11;description=homeobox A11;gbkey=Gene;gene=HOXA11;gene_biotype=protein_coding;gene_synonym=HOX1,HOX1I,RUSAT1"
1763259,NC_000007.14,BestRefSeq,gene,27185408,27189293,.,+,.,"ID=gene-HOXA11-AS;Dbxref=GeneID:221883,HGNC:HGNC:24957,MIM:607530;Name=HOXA11-AS;description=HOXA11 antisense RNA;gbkey=Gene;gene=HOXA11-AS;gene_biotype=lncRNA;gene_synonym=HOXA-AS5,HOXA11-AS1,HOXA11AS,HOXA11S,LncHOXA11,NCRNA00076"
1763269,NC_000007.14,BestRefSeq,gene,27194364,27200091,.,-,.,"ID=gene-HOXA13;Dbxref=GeneID:3209,HGNC:HGNC:5102,MIM:142959;Name=HOXA13;description=homeobox A13;gbkey=Gene;gene=HOXA13;gene_biotype=protein_coding;gene_synonym=HOX1,HOX1J"
1763277,NC_000007.14,BestRefSeq,gene,27200421,27207259,.,+,.,"ID=gene-HOTTIP;Dbxref=GeneID:100316868,HGNC:HGNC:37461,MIM:614060;Name=HOTTIP;description=HOXA distal transcript antisense RNA;gbkey=Gene;gene=HOTTIP;gene_biotype=lncRNA;gene_synonym=HOXA-AS6,HOXA13-AS1,NCRNA00213"
1763300,NC_000007.14,BestRefSeq,gene,27241429,27247229,.,-,.,"ID=gene-EVX1-AS;Dbxref=GeneID:101410536,HGNC:HGNC:40223;Name=EVX1-AS;description=EVX1 antisense RNA;gbkey=Gene;gene=EVX1-AS;gene_biotype=lncRNA;gene_synonym=EVX1-AS1,EVX1AS"
1763308,NC_000007.14,BestRefSeq,gene,27242802,27247830,.,+,.,"ID=gene-EVX1;Dbxref=GeneID:2128,HGNC:HGNC:3506,MIM:142996;Name=EVX1;description=even-skipped homeobox 1;gbkey=Gene;gene=EVX1;gene_biotype=protein_coding;gene_synonym=EVX-1"
1763343,NC_000007.14,Gnomon,gene,27333855,27346770,.,-,.,ID=gene-LOC107986733;Dbxref=GeneID:107986733;Name=LOC107986733;description=uncharacterized LOC107986733;gbkey=Gene;gene=LOC107986733;gene_biotype=lncRNA
1763348,NC_000007.14,Gnomon,gene,27380217,27381206,.,+,.,ID=gene-LOC105375206;Dbxref=GeneID:105375206;Name=LOC105375206;description=uncharacterized LOC105375206;gbkey=Gene;gene=LOC105375206;gene_biotype=lncRNA
1763352,NC_000007.14,Gnomon,gene,27387768,27410480,.,+,.,ID=gene-LOC105375207;Dbxref=GeneID:105375207;Name=LOC105375207;description=uncharacterized LOC105375207;gbkey=Gene;gene=LOC105375207;gene_biotype=lncRNA
1763372,NC_000007.14,BestRefSeq%2CGnomon,gene,27525442,27662883,.,-,.,"ID=gene-HIBADH;Dbxref=GeneID:11112,HGNC:HGNC:4907,MIM:608475;Name=HIBADH;description=3-hydroxyisobutyrate dehydrogenase;gbkey=Gene;gene=HIBADH;gene_biotype=protein_coding;gene_synonym=NS5ATP1"
1763438,NC_000007.14,Gnomon,gene,27602394,27609264,.,-,.,ID=gene-LOC107986699;Dbxref=GeneID:107986699;Name=LOC107986699;description=uncharacterized LOC107986699;gbkey=Gene;gene=LOC107986699;gene_biotype=lncRNA
1763444,NC_000007.14,BestRefSeq,gene,27615974,27627492,.,+,.,ID=gene-TSL;Dbxref=GeneID:790953;Name=TSL;description=testis-expressed%2C seven-twelve%2C leukemia;gbkey=Gene;gene=TSL;gene_biotype=lncRNA
1763454,NC_000007.14,Gnomon,gene,27647846,27723049,.,+,.,ID=gene-LOC105375211;Dbxref=GeneID:105375211;Name=LOC105375211;description=uncharacterized LOC105375211;gbkey=Gene;gene=LOC105375211;gene_biotype=lncRNA
1763472,NC_000007.14,BestRefSeq,gene,27733059,27740675,.,-,.,"ID=gene-TAX1BP1-AS1;Dbxref=GeneID:105375210,HGNC:HGNC:40576;Name=TAX1BP1-AS1;description=TAX1BP1 antisense RNA 1;gbkey=Gene;gene=TAX1BP1-AS1;gene_biotype=lncRNA"
1763476,NC_000007.14,BestRefSeq,gene,27739373,27829767,.,+,.,"ID=gene-TAX1BP1;Dbxref=GeneID:8887,HGNC:HGNC:11575,MIM:605326;Name=TAX1BP1;description=Tax1 binding protein 1;gbkey=Gene;gene=TAX1BP1;gene_biotype=protein_coding;gene_synonym=CALCOCO3,T6BP,TXBP151"
1763679,NC_000007.14,BestRefSeq%2CGnomon,gene,27830577,28180795,.,-,.,"ID=gene-JAZF1;Dbxref=GeneID:221895,HGNC:HGNC:28917,MIM:606246;Name=JAZF1;description=JAZF zinc finger 1;gbkey=Gene;gene=JAZF1;gene_biotype=protein_coding;gene_synonym=TIP27,ZNF802"
1763740,NC_000007.14,Gnomon,gene,28037516,28062214,.,+,.,ID=gene-LOC105375208;Dbxref=GeneID:105375208;Name=LOC105375208;description=uncharacterized LOC105375208;gbkey=Gene;gene=LOC105375208;gene_biotype=lncRNA
1763759,NC_000007.14,BestRefSeq,gene,28180457,28241377,.,+,.,"ID=gene-JAZF1-AS1;Dbxref=GeneID:100128081,HGNC:HGNC:41218;Name=JAZF1-AS1;description=JAZF1 antisense RNA 1;gbkey=Gene;gene=JAZF1-AS1;gene_biotype=lncRNA"
1763777,NC_000007.14,BestRefSeq%2CGnomon,gene,28299321,28825894,.,+,.,"ID=gene-CREB5;Dbxref=GeneID:9586,HGNC:HGNC:16844,MIM:618262;Name=CREB5;description=cAMP responsive element binding protein 5;gbkey=Gene;gene=CREB5;gene_biotype=protein_coding;gene_synonym=CRE-BPA,CREB-5,CREBPA"
1764098,NC_000007.14,BestRefSeq,gene,28953358,28958330,.,-,.,"ID=gene-TRIL;Dbxref=GeneID:9865,HGNC:HGNC:22200,MIM:613356;Name=TRIL;description=TLR4 interactor with leucine rich repeats;gbkey=Gene;gene=TRIL;gene_biotype=protein_coding"
1764102,NC_000007.14,BestRefSeq,gene,28979967,29013369,.,+,.,"ID=gene-CPVL-AS2;Dbxref=GeneID:100506497,HGNC:HGNC:56138;Name=CPVL-AS2;description=CPVL antisense RNA 2;gbkey=Gene;gene=CPVL-AS2;gene_biotype=lncRNA"
1764111,NC_000007.14,BestRefSeq%2CGnomon,gene,28994636,29195451,.,-,.,"ID=gene-CPVL;Dbxref=GeneID:54504,HGNC:HGNC:14399,MIM:609780;Name=CPVL;description=carboxypeptidase vitellogenic like;gbkey=Gene;gene=CPVL;gene_biotype=protein_coding;gene_synonym=HVLP"
1764689,NC_000007.14,Gnomon,gene,29080284,29082548,.,+,.,"ID=gene-CPVL-AS1;Dbxref=GeneID:107986703,HGNC:HGNC:40685;Name=CPVL-AS1;description=CPVL antisense RNA 1;gbkey=Gene;gene=CPVL-AS1;gene_biotype=lncRNA"
1764694,NC_000007.14,Gnomon,gene,29122435,29128172,.,+,.,ID=gene-LOC128966558;Dbxref=GeneID:128966558;Name=LOC128966558;description=uncharacterized LOC128966558;gbkey=Gene;gene=LOC128966558;gene_biotype=lncRNA
1764719,NC_000007.14,BestRefSeq%2CGnomon,gene,29146591,29514328,.,+,.,"ID=gene-CHN2;Dbxref=GeneID:1124,HGNC:HGNC:1944,MIM:602857;Name=CHN2;description=chimerin 2;gbkey=Gene;gene=CHN2;gene_biotype=protein_coding;gene_synonym=ARHGAP3,BCH,CHN2-3,RHOGAP3"
1765188,NC_000007.14,BestRefSeq,gene,29199040,29208970,.,-,.,"ID=gene-CHN2-AS1;Dbxref=GeneID:102724484,HGNC:HGNC:40149;Name=CHN2-AS1;description=CHN2 antisense RNA 1;gbkey=Gene;gene=CHN2-AS1;gene_biotype=lncRNA"
1765213,NC_000007.14,BestRefSeq,gene,29510185,29563691,.,-,.,"ID=gene-PRR15-DT;Dbxref=GeneID:107986700,HGNC:HGNC:55866;Name=PRR15-DT;description=PRR15 divergent transcript;gbkey=Gene;gene=PRR15-DT;gene_biotype=lncRNA"
1765229,NC_000007.14,BestRefSeq%2CGnomon,gene,29563835,29567295,.,+,.,"ID=gene-PRR15;Dbxref=GeneID:222171,HGNC:HGNC:22310,MIM:618344;Name=PRR15;description=proline rich 15;gbkey=Gene;gene=PRR15;gene_biotype=protein_coding"
1765255,NC_000007.14,BestRefSeq,gene,29645922,29685138,.,-,.,"ID=gene-MIR550A3HG;Dbxref=GeneID:646762,HGNC:HGNC:58072;Name=MIR550A3HG;description=MIR550A3 host gene;gbkey=Gene;gene=MIR550A3HG;gene_biotype=lncRNA"
1765263,NC_000007.14,BestRefSeq,gene,29680734,29680828,.,-,.,"ID=gene-MIR550A3;Dbxref=GeneID:100616354,HGNC:HGNC:41870,miRBase:MI0003762;Name=MIR550A3;description=microRNA 550a-3;gbkey=Gene;gene=MIR550A3;gene_biotype=miRNA;gene_synonym=mir-550a-3"
1765299,NC_000007.14,BestRefSeq%2CGnomon,gene,29806508,29917061,.,+,.,"ID=gene-WIPF3;Dbxref=GeneID:644150,HGNC:HGNC:22004,MIM:612432;Name=WIPF3;description=WAS/WASL interacting protein family member 3;gbkey=Gene;gene=WIPF3;gene_biotype=protein_coding;gene_synonym=CR16"
1765359,NC_000007.14,cmsearch,gene,29912528,29912632,.,+,.,ID=gene-LOC124901827;Dbxref=GeneID:124901827;Name=LOC124901827;description=small nucleolar RNA U13;gbkey=Gene;gene=LOC124901827;gene_biotype=snoRNA
1765362,NC_000007.14,BestRefSeq%2CGnomon,gene,29920103,29990289,.,-,.,"ID=gene-SCRN1;Dbxref=GeneID:9805,HGNC:HGNC:22192,MIM:614965;Name=SCRN1;description=secernin 1;gbkey=Gene;gene=SCRN1;gene_biotype=protein_coding;gene_synonym=SES1"
1765444,NC_000007.14,BestRefSeq,gene,29988656,30027241,.,+,.,"ID=gene-FKBP14-AS1;Dbxref=GeneID:105375215,HGNC:HGNC:40990;Name=FKBP14-AS1;description=FKBP14 antisense RNA 1;gbkey=Gene;gene=FKBP14-AS1;gene_biotype=lncRNA"
1765457,NC_000007.14,BestRefSeq%2CGnomon,gene,30005923,30026702,.,-,.,"ID=gene-FKBP14;Dbxref=GeneID:55033,HGNC:HGNC:18625,MIM:614505;Name=FKBP14;description=FKBP prolyl isomerase 14;gbkey=Gene;gene=FKBP14;gene_biotype=protein_coding;gene_synonym=EDSKMH,EDSKSCL2,FKBP22,IPBP12"
1765488,NC_000007.14,BestRefSeq%2CGnomon,gene,30028412,30130483,.,+,.,"ID=gene-PLEKHA8;Dbxref=GeneID:84725,HGNC:HGNC:30037,MIM:608639;Name=PLEKHA8;description=pleckstrin homology domain containing A8;gbkey=Gene;gene=PLEKHA8;gene_biotype=protein_coding;gene_synonym=FAPP2"
1765838,NC_000007.14,Gnomon,gene,30129464,30134714,.,-,.,ID=gene-LOC105375216;Dbxref=GeneID:105375216;Name=LOC105375216;description=uncharacterized LOC105375216;gbkey=Gene;gene=LOC105375216;gene_biotype=lncRNA
1765852,NC_000007.14,BestRefSeq%2CGnomon,gene,30134986,30162762,.,+,.,"ID=gene-MTURN;Dbxref=GeneID:222166,HGNC:HGNC:25457,MIM:620491;Name=MTURN;description=maturin%2C neural progenitor differentiation regulator homolog;gbkey=Gene;gene=MTURN;gene_biotype=protein_coding;gene_synonym=C7orf41,Ells1"
1765882,NC_000007.14,Gnomon,gene,30176389,30185138,.,-,.,ID=gene-LOC105375217;Dbxref=GeneID:105375217;Name=LOC105375217;description=uncharacterized LOC105375217;gbkey=Gene;gene=LOC105375217;gene_biotype=lncRNA
1765892,NC_000007.14,Gnomon,gene,30188528,30284254,.,+,.,ID=gene-LOC124901607;Dbxref=GeneID:124901607;Name=LOC124901607;description=uncharacterized LOC124901607;gbkey=Gene;gene=LOC124901607;gene_biotype=lncRNA
1765903,NC_000007.14,BestRefSeq,gene,30247427,30286085,.,-,.,ID=gene-LOC105375218;Dbxref=GeneID:105375218;Name=LOC105375218;description=uncharacterized LOC105375218;gbkey=Gene;gene=LOC105375218;gene_biotype=lncRNA
1765918,NC_000007.14,BestRefSeq%2CGnomon,gene,30284597,30367689,.,+,.,"ID=gene-ZNRF2;Dbxref=GeneID:223082,HGNC:HGNC:22316,MIM:612061;Name=ZNRF2;description=zinc and ring finger 2;gbkey=Gene;gene=ZNRF2;gene_biotype=protein_coding;gene_synonym=RNF202"
1765957,NC_000007.14,BestRefSeq,gene,30289794,30289890,.,-,.,"ID=gene-MIR550B1;Dbxref=GeneID:100500883,HGNC:HGNC:38992,miRBase:MI0016686;Name=MIR550B1;description=microRNA 550b-1;gbkey=Gene;gene=MIR550B1;gene_biotype=miRNA"
1765964,NC_000007.14,BestRefSeq,gene,30289794,30289890,.,+,.,"ID=gene-MIR550A1;Dbxref=GeneID:693133,HGNC:HGNC:32804,miRBase:MI0003600;Name=MIR550A1;description=microRNA 550a-1;gbkey=Gene;gene=MIR550A1;gene_biotype=miRNA;gene_synonym=hsa-mir-550a-1,mir-550a-1,MIR550-1,MIRN550-1"
1765980,NC_000007.14,BestRefSeq,gene,30390885,30404055,.,+,.,"ID=gene-LINC01176;Dbxref=GeneID:100506516,HGNC:HGNC:49548;Name=LINC01176;description=long intergenic non-protein coding RNA 1176;gbkey=Gene;gene=LINC01176;gene_biotype=lncRNA"
1765991,NC_000007.14,BestRefSeq%2CGnomon,gene,30424527,30478784,.,-,.,"ID=gene-NOD1;Dbxref=GeneID:10392,HGNC:HGNC:16390,MIM:605980;Name=NOD1;description=nucleotide binding oligomerization domain containing 1;gbkey=Gene;gene=NOD1;gene_biotype=protein_coding;gene_synonym=CARD4,CLR7.1,hNod1,NLRC1"
1766782,NC_000007.14,BestRefSeq,gene,30496621,30504829,.,-,.,"ID=gene-GGCT;Dbxref=GeneID:79017,HGNC:HGNC:21705,MIM:137170;Name=GGCT;description=gamma-glutamylcyclotransferase;gbkey=Gene;gene=GGCT;gene_biotype=protein_coding;gene_synonym=C7orf24,CRF21,GCTG,GGC"
1766828,NC_000007.14,BestRefSeq,gene,30548357,30577779,.,-,.,"ID=gene-GARS1-DT;Dbxref=GeneID:401320,HGNC:HGNC:48951;Name=GARS1-DT;description=GARS1 divergent transcript;gbkey=Gene;gene=GARS1-DT;gene_biotype=lncRNA;gene_synonym=GARS-DT"
1766844,NC_000007.14,BestRefSeq,gene,30594735,30634033,.,+,.,"ID=gene-GARS1;Dbxref=GeneID:2617,HGNC:HGNC:4162,MIM:600287;Name=GARS1;description=glycyl-tRNA synthetase 1;gbkey=Gene;gene=GARS1;gene_biotype=protein_coding;gene_synonym=CMT2D,DSMAV,GARS,GlyRS,HMN5,HMN5A,HMND5,SMAD1,SMAJI"
1766922,NC_000007.14,Gnomon,gene,30642316,30660041,.,+,.,ID=gene-LOC124901609;Dbxref=GeneID:124901609;Name=LOC124901609;description=uncharacterized LOC124901609;gbkey=Gene;gene=LOC124901609;gene_biotype=lncRNA
1766926,NC_000007.14,BestRefSeq%2CGnomon,gene,30651942,30700103,.,-,.,"ID=gene-CRHR2;Dbxref=GeneID:1395,HGNC:HGNC:2358,MIM:602034;Name=CRHR2;description=corticotropin releasing hormone receptor 2;gbkey=Gene;gene=CRHR2;gene_biotype=protein_coding;gene_synonym=CRF-RB,CRF2,CRFR2,HM-CRF"
1767117,NC_000007.14,Gnomon,gene,30682619,30686771,.,+,.,ID=gene-LOC124901608;Dbxref=GeneID:124901608;Name=LOC124901608;description=uncharacterized LOC124901608;gbkey=Gene;gene=LOC124901608;gene_biotype=lncRNA
1767123,NC_000007.14,Gnomon,gene,30697742,30745898,.,+,.,ID=gene-LOC105375220;Dbxref=GeneID:105375220;Name=LOC105375220;description=uncharacterized LOC105375220;gbkey=Gene;gene=LOC105375220;gene_biotype=lncRNA
1767130,NC_000007.14,Gnomon,gene,30715168,30727287,.,-,.,ID=gene-LOC105375219;Dbxref=GeneID:105375219;Name=LOC105375219;description=uncharacterized LOC105375219;gbkey=Gene;gene=LOC105375219;gene_biotype=lncRNA
1767138,NC_000007.14,BestRefSeq,gene,30752135,30892387,.,+,.,"ID=gene-INMT-MINDY4;Dbxref=GeneID:100526825,HGNC:HGNC:41995;Name=INMT-MINDY4;description=INMT-MINDY4 readthrough (NMD candidate);gbkey=Gene;gene=INMT-MINDY4;gene_biotype=lncRNA;gene_synonym=INMT-FAM188B"
1767160,NC_000007.14,BestRefSeq,gene,30752135,30757602,.,+,.,"ID=gene-INMT;Dbxref=GeneID:11185,HGNC:HGNC:6069,MIM:604854;Name=INMT;description=indolethylamine N-methyltransferase;gbkey=Gene;gene=INMT;gene_biotype=protein_coding;gene_synonym=TEMT"
1767179,NC_000007.14,BestRefSeq,gene,30771417,30892387,.,+,.,"ID=gene-MINDY4;Dbxref=GeneID:84182,HGNC:HGNC:21916;Name=MINDY4;description=MINDY lysine 48 deubiquitinase 4;gbkey=Gene;gene=MINDY4;gene_biotype=protein_coding;gene_synonym=AQP-1,AQP1,C7orf67,CHIP28,FAM188B"
1767245,NC_000007.14,BestRefSeq,gene,30911853,30925516,.,+,.,"ID=gene-AQP1;Dbxref=GeneID:358,HGNC:HGNC:633,MIM:107776;Name=AQP1;description=aquaporin 1 (Colton blood group);gbkey=Gene;gene=AQP1;gene_biotype=protein_coding;gene_synonym=AQP-CHIP,CHIP28,CO"
1767270,NC_000007.14,BestRefSeq,gene,30963953,30979528,.,+,.,"ID=gene-GHRHR;Dbxref=GeneID:2692,HGNC:HGNC:4266,MIM:139191;Name=GHRHR;description=growth hormone releasing hormone receptor;gbkey=Gene;gene=GHRHR;gene_biotype=protein_coding;gene_synonym=GHRFR,GRFR,IGHD1B,IGHD4"
1767303,NC_000007.14,Gnomon,gene,30983824,31029846,.,+,.,ID=gene-LOC105375222;Dbxref=GeneID:105375222;Name=LOC105375222;description=uncharacterized LOC105375222;gbkey=Gene;gene=LOC105375222;gene_biotype=lncRNA
1767328,NC_000007.14,Gnomon,gene,30993625,31006990,.,-,.,ID=gene-LOC105375221;Dbxref=GeneID:105375221;Name=LOC105375221;description=uncharacterized LOC105375221;gbkey=Gene;gene=LOC105375221;gene_biotype=lncRNA
1767343,NC_000007.14,BestRefSeq%2CGnomon,gene,31052308,31111474,.,+,.,"ID=gene-ADCYAP1R1;Dbxref=GeneID:117,HGNC:HGNC:242,MIM:102981;Name=ADCYAP1R1;description=ADCYAP receptor type I;gbkey=Gene;gene=ADCYAP1R1;gene_biotype=protein_coding;gene_synonym=PAC1,PAC1R,PACAPR,PACAPRI"
1767666,NC_000007.14,Gnomon,gene,31134643,31208424,.,+,.,ID=gene-LOC107986781;Dbxref=GeneID:107986781;Name=LOC107986781;description=uncharacterized LOC107986781;gbkey=Gene;gene=LOC107986781;gene_biotype=lncRNA
1767679,NC_000007.14,Gnomon,gene,31231689,31236893,.,+,.,ID=gene-LOC107986782;Dbxref=GeneID:107986782;Name=LOC107986782;description=uncharacterized LOC107986782;gbkey=Gene;gene=LOC107986782;gene_biotype=lncRNA
1767684,NC_000007.14,BestRefSeq,gene,31337465,31340726,.,-,.,"ID=gene-NEUROD6;Dbxref=GeneID:63974,HGNC:HGNC:13804,MIM:611513;Name=NEUROD6;description=neuronal differentiation 6;gbkey=Gene;gene=NEUROD6;gene_biotype=protein_coding;gene_synonym=Atoh2,bHLHa2,Math-2,MATH2,Nex1,NEX1M"
1767693,NC_000007.14,BestRefSeq,gene,31414158,31421303,.,-,.,ID=gene-LOC105375224;Dbxref=GeneID:105375224;Name=LOC105375224;description=uncharacterized LOC105375224;gbkey=Gene;gene=LOC105375224;gene_biotype=lncRNA
1767707,NC_000007.14,BestRefSeq%2CGnomon,gene,31514090,31658720,.,+,.,"ID=gene-ITPRID1;Dbxref=GeneID:223075,HGNC:HGNC:27363;Name=ITPRID1;description=ITPR interacting domain containing 1;gbkey=Gene;gene=ITPRID1;gene_biotype=protein_coding;gene_synonym=CCDC129"
1767918,NC_000007.14,BestRefSeq%2CGnomon,gene,31616777,32428224,.,-,.,"ID=gene-PDE1C;Dbxref=GeneID:5137,HGNC:HGNC:8776,MIM:602987;Name=PDE1C;description=phosphodiesterase 1C;gbkey=Gene;gene=PDE1C;gene_biotype=protein_coding;gene_synonym=cam-PDE 1C,DFNA74,hCam-3,Hcam3"
1768831,NC_000007.14,BestRefSeq%2CGnomon,gene,31687215,31708455,.,+,.,"ID=gene-PPP1R17;Dbxref=GeneID:10842,HGNC:HGNC:16973,MIM:604088;Name=PPP1R17;description=protein phosphatase 1 regulatory subunit 17;gbkey=Gene;gene=PPP1R17;gene_biotype=protein_coding;gene_synonym=C7orf16,GSBS"
1768908,NC_000007.14,BestRefSeq%2CGnomon,gene,32485338,32495283,.,-,.,"ID=gene-LSM5;Dbxref=GeneID:23658,HGNC:HGNC:17162,MIM:607285;Name=LSM5;description=LSM5 homolog%2C U6 small nuclear RNA and mRNA degradation associated;gbkey=Gene;gene=LSM5;gene_biotype=protein_coding;gene_synonym=YER146W"
1768963,NC_000007.14,BestRefSeq%2CGnomon,gene,32495489,32588726,.,+,.,"ID=gene-AVL9;Dbxref=GeneID:23080,HGNC:HGNC:28994,MIM:612927;Name=AVL9;description=AVL9 cell migration associated;gbkey=Gene;gene=AVL9;gene_biotype=protein_coding;gene_synonym=KIAA0241"
1769411,NC_000007.14,BestRefSeq,gene,32732981,32733077,.,-,.,"ID=gene-MIR550B2;Dbxref=GeneID:100500830,HGNC:HGNC:38910,miRBase:MI0016687;Name=MIR550B2;description=microRNA 550b-2;gbkey=Gene;gene=MIR550B2;gene_biotype=miRNA"
1769418,NC_000007.14,BestRefSeq,gene,32732981,32733077,.,+,.,"ID=gene-MIR550A2;Dbxref=GeneID:693134,HGNC:HGNC:32805,miRBase:MI0003601;Name=MIR550A2;description=microRNA 550a-2;gbkey=Gene;gene=MIR550A2;gene_biotype=miRNA;gene_synonym=hsa-mir-550a-2,mir-550a-2,MIR550-2,MIRN550-2"
1769425,NC_000007.14,BestRefSeq,gene,32758286,32762924,.,+,.,"ID=gene-LINC00997;Dbxref=GeneID:401321,HGNC:HGNC:48952;Name=LINC00997;description=long intergenic non-protein coding RNA 997;gbkey=Gene;gene=LINC00997;gene_biotype=lncRNA"
1769446,NC_000007.14,BestRefSeq%2CGnomon,gene,32868172,32892166,.,-,.,"ID=gene-KBTBD2;Dbxref=GeneID:25948,HGNC:HGNC:21751,MIM:619393;Name=KBTBD2;description=kelch repeat and BTB domain containing 2;gbkey=Gene;gene=KBTBD2;gene_biotype=protein_coding;gene_synonym=BKLHD1"
1769537,NC_000007.14,BestRefSeq%2CGnomon,gene,32957440,33006928,.,+,.,"ID=gene-FKBP9;Dbxref=GeneID:11328,HGNC:HGNC:3725,MIM:616257;Name=FKBP9;description=FKBP prolyl isomerase 9;gbkey=Gene;gene=FKBP9;gene_biotype=protein_coding;gene_synonym=FKBP60,FKBP63,PPIase"
1769637,NC_000007.14,BestRefSeq%2CGnomon,gene,33014113,33062776,.,-,.,"ID=gene-NT5C3A;Dbxref=GeneID:51251,HGNC:HGNC:17820,MIM:606224;Name=NT5C3A;description=5'-nucleotidase%2C cytosolic IIIA;gbkey=Gene;gene=NT5C3A;gene_biotype=protein_coding;gene_synonym=cN-III,hUMP1,NT5C3,p36,P5'N-1,P5N-1,PN-I,POMP,PSN1,UMPH,UMPH1"
1769859,NC_000007.14,Gnomon,gene,33063185,33095399,.,+,.,ID=gene-LOC124901610;Dbxref=GeneID:124901610;Name=LOC124901610;description=uncharacterized LOC124901610;gbkey=Gene;gene=LOC124901610;gene_biotype=lncRNA
1769877,NC_000007.14,BestRefSeq%2CGnomon,gene,33094797,33109404,.,-,.,"ID=gene-RP9;Dbxref=GeneID:6100,HGNC:HGNC:10288,MIM:607331;Name=RP9;description=RP9 pre-mRNA splicing factor;gbkey=Gene;gene=RP9;gene_biotype=protein_coding;gene_synonym=PAP-1,PAP1"
1769912,NC_000007.14,BestRefSeq,gene,33129285,33635767,.,+,.,"ID=gene-BBS9;Dbxref=GeneID:27241,HGNC:HGNC:30000,MIM:607968;Name=BBS9;description=Bardet-Biedl syndrome 9;gbkey=Gene;gene=BBS9;gene_biotype=protein_coding;gene_synonym=B1,C18,D1,PTHB1"
1770688,NC_000007.14,Gnomon,gene,33637964,33652674,.,+,.,ID=gene-LOC124901611;Dbxref=GeneID:124901611;Name=LOC124901611;description=uncharacterized LOC124901611;gbkey=Gene;gene=LOC124901611;gene_biotype=lncRNA
1770694,NC_000007.14,BestRefSeq,gene,33725981,33728604,.,+,.,ID=gene-FLJ20712;Dbxref=GeneID:55025;Name=FLJ20712;description=uncharacterized FLJ20712;gbkey=Gene;gene=FLJ20712;gene_biotype=lncRNA
1770702,NC_000007.14,Gnomon,gene,33793167,33803171,.,-,.,ID=gene-LOC124901612;Dbxref=GeneID:124901612;Name=LOC124901612;description=uncharacterized LOC124901612;gbkey=Gene;gene=LOC124901612;gene_biotype=lncRNA
1770706,NC_000007.14,Gnomon,gene,33860592,33877274,.,+,.,ID=gene-LOC124901613;Dbxref=GeneID:124901613;Name=LOC124901613;description=uncharacterized LOC124901613;gbkey=Gene;gene=LOC124901613;gene_biotype=lncRNA
1770712,NC_000007.14,BestRefSeq%2CGnomon,gene,33904915,34156427,.,+,.,"ID=gene-BMPER;Dbxref=GeneID:168667,HGNC:HGNC:24154,MIM:608699;Name=BMPER;description=BMP binding endothelial regulator;gbkey=Gene;gene=BMPER;gene_biotype=protein_coding;gene_synonym=CRIM3,CV-2,CV2"
1770849,NC_000007.14,BestRefSeq,gene,34346512,34834331,.,-,.,"ID=gene-NPSR1-AS1;Dbxref=GeneID:404744,HGNC:HGNC:22128,MIM:608596;Name=NPSR1-AS1;description=NPSR1 antisense RNA 1;gbkey=Gene;gene=NPSR1-AS1;gene_biotype=lncRNA;gene_synonym=AAA1"
1770877,NC_000007.14,BestRefSeq,gene,34658218,34878332,.,+,.,"ID=gene-NPSR1;Dbxref=GeneID:387129,HGNC:HGNC:23631,MIM:608595;Name=NPSR1;description=neuropeptide S receptor 1;gbkey=Gene;gene=NPSR1;gene_biotype=protein_coding;gene_synonym=ASRT2,GPR154,GPRA,NPSR,PGR14,VRR1"
1770979,NC_000007.14,BestRefSeq%2CGnomon,gene,34928881,35038041,.,-,.,"ID=gene-DPY19L1;Dbxref=GeneID:23333,HGNC:HGNC:22205,MIM:613892;Name=DPY19L1;description=dpy-19 like C-mannosyltransferase 1;gbkey=Gene;gene=DPY19L1;gene_biotype=protein_coding"
1771113,NC_000007.14,BestRefSeq,gene,34940760,34940834,.,-,.,"ID=gene-MIR548N;Dbxref=GeneID:100302152,HGNC:HGNC:35330,miRBase:MI0006399;Name=MIR548N;description=microRNA 548n;gbkey=Gene;gene=MIR548N;gene_biotype=miRNA;gene_synonym=hsa-mir-548n,MIRN548N"
1771118,NC_000007.14,Gnomon,gene,34942226,34948608,.,+,.,ID=gene-LOC102724723;Dbxref=GeneID:102724723;Name=LOC102724723;description=uncharacterized LOC102724723;gbkey=Gene;gene=LOC102724723;gene_biotype=lncRNA
1771129,NC_000007.14,Gnomon,gene,35036786,35111082,.,+,.,ID=gene-LOC105375228;Dbxref=GeneID:105375228;Name=LOC105375228;description=uncharacterized LOC105375228;gbkey=Gene;gene=LOC105375228;gene_biotype=lncRNA
1771173,NC_000007.14,BestRefSeq%2CGnomon,gene,35202430,35254100,.,-,.,"ID=gene-TBX20;Dbxref=GeneID:57057,HGNC:HGNC:11598,MIM:606061;Name=TBX20;description=T-box transcription factor 20;gbkey=Gene;gene=TBX20;gene_biotype=protein_coding;gene_synonym=ASD4"
1771232,NC_000007.14,BestRefSeq,gene,35313855,35376476,.,+,.,ID=gene-LOC401324;Dbxref=GeneID:401324;Name=LOC401324;description=uncharacterized LOC401324;gbkey=Gene;gene=LOC401324;gene_biotype=lncRNA
1771241,NC_000007.14,Gnomon,gene,35385048,35387295,.,+,.,ID=gene-LOC105375230;Dbxref=GeneID:105375230;Name=LOC105375230;description=uncharacterized LOC105375230;gbkey=Gene;gene=LOC105375230;gene_biotype=lncRNA
1771256,NC_000007.14,Gnomon,gene,35579868,35591360,.,-,.,ID=gene-LOC124901614;Dbxref=GeneID:124901614;Name=LOC124901614;description=uncharacterized LOC124901614;gbkey=Gene;gene=LOC124901614;gene_biotype=lncRNA
1771260,NC_000007.14,Gnomon,gene,35593993,35631625,.,-,.,ID=gene-LOC101928421;Dbxref=GeneID:101928421;Name=LOC101928421;description=uncharacterized LOC101928421;gbkey=Gene;gene=LOC101928421;gene_biotype=lncRNA
1771292,NC_000007.14,BestRefSeq%2CGnomon,gene,35632659,35695135,.,-,.,"ID=gene-HERPUD2;Dbxref=GeneID:64224,HGNC:HGNC:21915,MIM:620829;Name=HERPUD2;description=HERPUD family member 2;gbkey=Gene;gene=HERPUD2;gene_biotype=protein_coding"
1771373,NC_000007.14,BestRefSeq,gene,35695206,35699413,.,+,.,"ID=gene-HERPUD2-AS1;Dbxref=GeneID:101930085,HGNC:HGNC:55258;Name=HERPUD2-AS1;description=HERPUD2 antisense RNA 1;gbkey=Gene;gene=HERPUD2-AS1;gene_biotype=lncRNA"
1771376,NC_000007.14,BestRefSeq,gene,35716437,35719712,.,+,.,"ID=gene-LINC03013;Dbxref=GeneID:100506725,HGNC:HGNC:56140;Name=LINC03013;description=long intergenic non-protein coding RNA 3013;gbkey=Gene;gene=LINC03013;gene_biotype=lncRNA"
1771390,NC_000007.14,Gnomon,gene,35731962,35733709,.,-,.,ID=gene-LOC124901615;Dbxref=GeneID:124901615;Name=LOC124901615;description=uncharacterized LOC124901615;gbkey=Gene;gene=LOC124901615;gene_biotype=lncRNA
1771394,NC_000007.14,BestRefSeq,gene,35754964,35800625,.,-,.,"ID=gene-SEPTIN7-DT;Dbxref=GeneID:101928545,HGNC:HGNC:51153;Name=SEPTIN7-DT;description=SEPTIN7 divergent transcript;gbkey=Gene;gene=SEPTIN7-DT;gene_biotype=lncRNA;gene_synonym=SEPT7-AS1,SEPTIN7-AS1"
1771416,NC_000007.14,BestRefSeq%2CGnomon,gene,35800986,35915763,.,+,.,"ID=gene-SEPTIN7;Dbxref=GeneID:989,HGNC:HGNC:1717,MIM:603151;Name=SEPTIN7;description=septin 7;gbkey=Gene;gene=SEPTIN7;gene_biotype=protein_coding;gene_synonym=CDC10,CDC3,NBLA02942,SEPT7,SEPT7A,Septin-7"
1771735,NC_000007.14,Gnomon,gene,35977426,35991488,.,-,.,ID=gene-LOC107986734;Dbxref=GeneID:107986734;Name=LOC107986734;description=uncharacterized LOC107986734;gbkey=Gene;gene=LOC107986734;gene_biotype=lncRNA
1771744,NC_000007.14,BestRefSeq,gene,36001351,36036253,.,+,.,ID=gene-LOC105375233;Dbxref=GeneID:105375233;Name=LOC105375233;description=uncharacterized LOC105375233;gbkey=Gene;gene=LOC105375233;gene_biotype=lncRNA
1771755,NC_000007.14,Gnomon,gene,36027222,36028485,.,-,.,ID=gene-LOC124901616;Dbxref=GeneID:124901616;Name=LOC124901616;description=uncharacterized LOC124901616;gbkey=Gene;gene=LOC124901616;gene_biotype=lncRNA
1771763,NC_000007.14,Gnomon,gene,36066113,36066686,.,+,.,ID=gene-LOC124901617;Dbxref=GeneID:124901617;Name=LOC124901617;description=uncharacterized LOC124901617;gbkey=Gene;gene=LOC124901617;gene_biotype=lncRNA
1771769,NC_000007.14,BestRefSeq,gene,36095310,36100653,.,+,.,ID=gene-LOC101928618;Dbxref=GeneID:101928618;Name=LOC101928618;description=uncharacterized LOC101928618;gbkey=Gene;gene=LOC101928618;gene_biotype=lncRNA
1771781,NC_000007.14,BestRefSeq,gene,36153254,36301538,.,+,.,"ID=gene-EEPD1;Dbxref=GeneID:80820,HGNC:HGNC:22223,MIM:617192;Name=EEPD1;description=endonuclease/exonuclease/phosphatase family domain containing 1;gbkey=Gene;gene=EEPD1;gene_biotype=protein_coding;gene_synonym=HSPC107"
1771816,NC_000007.14,BestRefSeq%2CGnomon,gene,36324152,36390357,.,-,.,"ID=gene-MATCAP2;Dbxref=GeneID:23366,HGNC:HGNC:22206,MIM:619896;Name=MATCAP2;description=microtubule associated tyrosine carboxypeptidase 2;gbkey=Gene;gene=MATCAP2;gene_biotype=protein_coding;gene_synonym=KIAA0895,TMCP2"
1771959,NC_000007.14,BestRefSeq%2CGnomon,gene,36389862,36453791,.,+,.,"ID=gene-ANLN;Dbxref=GeneID:54443,HGNC:HGNC:14082,MIM:616027;Name=ANLN;description=anillin%2C actin binding protein;gbkey=Gene;gene=ANLN;gene_biotype=protein_coding;gene_synonym=FSGS8,scra,Scraps"
1772403,NC_000007.14,BestRefSeq%2CGnomon,gene,36512941,36724494,.,-,.,"ID=gene-AOAH;Dbxref=GeneID:313,HGNC:HGNC:548,MIM:102593;Name=AOAH;description=acyloxyacyl hydrolase;gbkey=Gene;gene=AOAH;gene_biotype=protein_coding"
1773051,NC_000007.14,BestRefSeq,gene,36597834,36600120,.,-,.,"ID=gene-AOAH-IT1;Dbxref=GeneID:100874264,HGNC:HGNC:41307;Name=AOAH-IT1;description=AOAH intronic transcript 1;gbkey=Gene;gene=AOAH-IT1;gene_biotype=lncRNA"
1773067,NC_000007.14,BestRefSeq%2CGnomon,gene,36852906,37449326,.,-,.,"ID=gene-ELMO1;Dbxref=GeneID:9844,HGNC:HGNC:16286,MIM:606420;Name=ELMO1;description=engulfment and cell motility 1;gbkey=Gene;gene=ELMO1;gene_biotype=protein_coding;gene_synonym=CED-12,CED12,ELMO-1"
1773699,NC_000007.14,Gnomon,gene,36881326,36894068,.,+,.,ID=gene-LOC105375235;Dbxref=GeneID:105375235;Name=LOC105375235;description=uncharacterized LOC105375235;gbkey=Gene;gene=LOC105375235;gene_biotype=lncRNA
1773713,NC_000007.14,BestRefSeq,gene,36919357,36919432,.,-,.,"ID=gene-MIR1200;Dbxref=GeneID:100302113,HGNC:HGNC:35266,miRBase:MI0006332;Name=MIR1200;description=microRNA 1200;gbkey=Gene;gene=MIR1200;gene_biotype=miRNA;gene_synonym=hsa-mir-1200,MIRN1200"
1773728,NC_000007.14,BestRefSeq,gene,36997796,37013630,.,+,.,"ID=gene-ELMO1-AS1;Dbxref=GeneID:100861514,HGNC:HGNC:40765;Name=ELMO1-AS1;description=ELMO1 antisense RNA 1;gbkey=Gene;gene=ELMO1-AS1;gene_biotype=lncRNA"
1773754,NC_000007.14,cmsearch,gene,37169678,37169779,.,-,.,ID=gene-LOC124901833;Dbxref=GeneID:124901833;Name=LOC124901833;description=small nucleolar RNA U13;gbkey=Gene;gene=LOC124901833;gene_biotype=snoRNA
1773803,NC_000007.14,BestRefSeq%2CGnomon,gene,37683766,37743835,.,+,.,"ID=gene-GPR141;Dbxref=GeneID:353345,HGNC:HGNC:19997,MIM:609045;Name=GPR141;description=G protein-coupled receptor 141;gbkey=Gene;gene=GPR141;gene_biotype=protein_coding;gene_synonym=PGR13"
1773923,NC_000007.14,BestRefSeq,gene,37848597,37900397,.,+,.,"ID=gene-NME8;Dbxref=GeneID:51314,HGNC:HGNC:16473,MIM:607421;Name=NME8;description=NME/NM23 family member 8;gbkey=Gene;gene=NME8;gene_biotype=protein_coding;gene_synonym=CILD6,DNAI8,HEL-S-99,NM23-H8,sptrx-2,SPTRX2,TXNDC3"
1773958,NC_000007.14,BestRefSeq,gene,37905932,37916817,.,-,.,"ID=gene-SFRP4;Dbxref=GeneID:6424,HGNC:HGNC:10778,MIM:606570;Name=SFRP4;description=secreted frizzled related protein 4;gbkey=Gene;gene=SFRP4;gene_biotype=protein_coding;gene_synonym=FRP-4,FRPHE,FRZB-2,PYL,sFRP-4"
1773974,NC_000007.14,BestRefSeq,gene,37920640,37951936,.,+,.,"ID=gene-EPDR1;Dbxref=GeneID:54749,HGNC:HGNC:17572,MIM:619734;Name=EPDR1;description=ependymin related 1;gbkey=Gene;gene=EPDR1;gene_biotype=protein_coding;gene_synonym=EPDR,MERP-1,MERP1,UCC1"
1774008,NC_000007.14,Gnomon,gene,38003258,38044135,.,+,.,ID=gene-LOC105375236;Dbxref=GeneID:105375236;Name=LOC105375236;description=uncharacterized LOC105375236;gbkey=Gene;gene=LOC105375236;gene_biotype=lncRNA
1774035,NC_000007.14,BestRefSeq%2CGnomon,gene,38178245,38230669,.,+,.,"ID=gene-STARD3NL;Dbxref=GeneID:83930,HGNC:HGNC:19169,MIM:611759;Name=STARD3NL;description=STARD3 N-terminal like;gbkey=Gene;gene=STARD3NL;gene_biotype=protein_coding;gene_synonym=MENTHO"
1774263,NC_000007.14,Curated Genomic,gene,38240024,38368055,.,-,.,"ID=gene-TRG;Dbxref=GeneID:6965,HGNC:HGNC:12271;Name=TRG;description=T cell receptor gamma locus;gbkey=Gene;gene=TRG;gene_biotype=other;gene_synonym=TCRG,TRG@"
1774264,NC_000007.14,Curated Genomic,gene,38240024,38249572,.,-,.,"ID=gene-TRGC2;Dbxref=GeneID:6967,HGNC:HGNC:12276,IMGT/GENE-DB:TRGC2,MIM:615450;Name=TRGC2;description=T cell receptor gamma constant 2;end_range=38249572,.;gbkey=Gene;gene=TRGC2;gene_biotype=C_region;gene_synonym=TCRGC2,TRGC2(2X),TRGC2(3X);partial=true"
1774274,NC_000007.14,Curated Genomic,gene,38253380,38253429,.,-,.,"ID=gene-TRGJ2;Dbxref=GeneID:6969,HGNC:HGNC:12278,IMGT/GENE-DB:TRGJ2;Name=TRGJ2;description=T cell receptor gamma joining 2;end_range=38253429,.;gbkey=Gene;gene=TRGJ2;gene_biotype=J_segment;gene_synonym=J2,TCRGJ2;partial=true;start_range=.,38253380"
1774278,NC_000007.14,Curated Genomic,gene,38256337,38256396,.,-,.,"ID=gene-TRGJP2;Dbxref=GeneID:6972,HGNC:HGNC:12281,IMGT/GENE-DB:TRGJP2;Name=TRGJP2;description=T cell receptor gamma joining P2;end_range=38256396,.;gbkey=Gene;gene=TRGJP2;gene_biotype=J_segment;gene_synonym=JP2,TCRGJP2;partial=true;start_range=.,38256337"
1774282,NC_000007.14,BestRefSeq,gene,38259643,38273636,.,-,.,"ID=gene-TARP;Dbxref=GeneID:445347,MIM:609642;Name=TARP;description=TCR gamma alternate reading frame protein;gbkey=Gene;gene=TARP;gene_biotype=protein_coding;gene_synonym=CD3G"
1774297,NC_000007.14,Curated Genomic,gene,38260088,38265678,.,-,.,"ID=gene-TRGC1;Dbxref=GeneID:6966,HGNC:HGNC:12275,IMGT/GENE-DB:TRGC1,MIM:186970;Name=TRGC1;description=T cell receptor gamma constant 1;end_range=38265678,.;gbkey=Gene;gene=TRGC1;gene_biotype=C_region;gene_synonym=C1,TCRG,TCRGC1;partial=true"
1774305,NC_000007.14,Curated Genomic,gene,38269491,38269540,.,-,.,"ID=gene-TRGJ1;Dbxref=GeneID:6968,HGNC:HGNC:12277,IMGT/GENE-DB:TRGJ1;Name=TRGJ1;description=T cell receptor gamma joining 1;end_range=38269540,.;gbkey=Gene;gene=TRGJ1;gene_biotype=J_segment;gene_synonym=J1,TCRGJ1;partial=true;start_range=.,38269491"
1774309,NC_000007.14,Curated Genomic,gene,38273587,38273648,.,-,.,"ID=gene-TRGJP;Dbxref=GeneID:6970,HGNC:HGNC:12279,IMGT/GENE-DB:TRGJP;Name=TRGJP;description=T cell receptor gamma joining P;end_range=38273648,.;gbkey=Gene;gene=TRGJP;gene_biotype=J_segment;gene_synonym=JP,TCRGJP;partial=true;start_range=.,38273587"
1774313,NC_000007.14,Curated Genomic,gene,38276259,38276318,.,-,.,"ID=gene-TRGJP1;Dbxref=GeneID:6971,HGNC:HGNC:12280,IMGT/GENE-DB:TRGJP1;Name=TRGJP1;description=T cell receptor gamma joining P1;end_range=38276318,.;gbkey=Gene;gene=TRGJP1;gene_biotype=J_segment;gene_synonym=JP1,TCRGJP1;partial=true;start_range=.,38276259"
1774343,NC_000007.14,Curated Genomic,gene,38317017,38317492,.,-,.,"ID=gene-TRGV9;Dbxref=GeneID:6983,HGNC:HGNC:12295,IMGT/GENE-DB:TRGV9;Name=TRGV9;description=T cell receptor gamma variable 9;gbkey=Gene;gene=TRGV9;gene_biotype=V_segment;gene_synonym=TCRGV9,TRGC1,V2;partial=true;start_range=.,38317017"
1774361,NC_000007.14,Curated Genomic,gene,38330343,38330821,.,-,.,"ID=gene-TRGV8;Dbxref=GeneID:6982,HGNC:HGNC:12294,IMGT/GENE-DB:TRGV8;Name=TRGV8;description=T cell receptor gamma variable 8;gbkey=Gene;gene=TRGV8;gene_biotype=V_segment;gene_synonym=TCRGV8,V1S8;partial=true;start_range=.,38330343"
1774385,NC_000007.14,BestRefSeq,gene,38341577,38378637,.,+,.,"ID=gene-TRG-AS1;Dbxref=GeneID:100506776,HGNC:HGNC:48974;Name=TRG-AS1;description=T cell receptor gamma locus antisense RNA 1;gbkey=Gene;gene=TRG-AS1;gene_biotype=lncRNA;gene_synonym=TCRGV"
1774401,NC_000007.14,Curated Genomic,gene,38349355,38349824,.,-,.,"ID=gene-TRGV5;Dbxref=GeneID:6978,HGNC:HGNC:12290,IMGT/GENE-DB:TRGV5;Name=TRGV5;description=T cell receptor gamma variable 5;gbkey=Gene;gene=TRGV5;gene_biotype=V_segment;gene_synonym=TCRGV5,V1S5;partial=true;start_range=.,38349355"
1774409,NC_000007.14,Curated Genomic,gene,38353715,38354183,.,-,.,"ID=gene-TRGV4;Dbxref=GeneID:6977,HGNC:HGNC:12289,IMGT/GENE-DB:TRGV4;Name=TRGV4;description=T cell receptor gamma variable 4;gbkey=Gene;gene=TRGV4;gene_biotype=V_segment;gene_synonym=TCRGV4,V1S4;partial=true;start_range=.,38353715"
1774417,NC_000007.14,Curated Genomic,gene,38358512,38358979,.,-,.,"ID=gene-TRGV3;Dbxref=GeneID:6976,HGNC:HGNC:12288,IMGT/GENE-DB:TRGV3;Name=TRGV3;description=T cell receptor gamma variable 3;gbkey=Gene;gene=TRGV3;gene_biotype=V_segment;gene_synonym=TCRGV3,V1S3;partial=true;start_range=.,38358512"
1774425,NC_000007.14,Curated Genomic,gene,38362864,38363328,.,-,.,"ID=gene-TRGV2;Dbxref=GeneID:6974,HGNC:HGNC:12287,IMGT/GENE-DB:TRGV2;Name=TRGV2;description=T cell receptor gamma variable 2;gbkey=Gene;gene=TRGV2;gene_biotype=V_segment;gene_synonym=TCRGV2,VIS2;partial=true;start_range=.,38362864"
1774451,NC_000007.14,BestRefSeq%2CGnomon,gene,38383704,38631373,.,-,.,"ID=gene-AMPH;Dbxref=GeneID:273,HGNC:HGNC:471,MIM:600418;Name=AMPH;description=amphiphysin;gbkey=Gene;gene=AMPH;gene_biotype=protein_coding;gene_synonym=AMPH1"
1774830,NC_000007.14,BestRefSeq%2CGnomon,gene,38722974,38909191,.,-,.,"ID=gene-VPS41;Dbxref=GeneID:27072,HGNC:HGNC:12713,MIM:605485;Name=VPS41;description=VPS41 subunit of HOPS complex;gbkey=Gene;gene=VPS41;gene_biotype=protein_coding;gene_synonym=HVPS41,hVps41p,HVSP41,SCAR29"
1775020,NC_000007.14,BestRefSeq%2CGnomon,gene,38977909,39468601,.,+,.,"ID=gene-POU6F2;Dbxref=GeneID:11281,HGNC:HGNC:21694,MIM:609062;Name=POU6F2;description=POU class 6 homeobox 2;gbkey=Gene;gene=POU6F2;gene_biotype=protein_coding;gene_synonym=RPF-1,WT5,WTSL"
1775122,NC_000007.14,BestRefSeq,gene,38979895,39013567,.,-,.,"ID=gene-POU6F2-AS2;Dbxref=GeneID:100689074,HGNC:HGNC:21887;Name=POU6F2-AS2;description=POU6F2 antisense RNA 2;gbkey=Gene;gene=POU6F2-AS2;gene_biotype=lncRNA"
1775145,NC_000007.14,Gnomon,gene,39327557,39339120,.,-,.,ID=gene-LOC105375239;Dbxref=GeneID:105375239;Name=LOC105375239;description=uncharacterized LOC105375239;gbkey=Gene;gene=LOC105375239;gene_biotype=lncRNA
1775150,NC_000007.14,BestRefSeq,gene,39329003,39329134,.,-,.,"ID=gene-SNORA20B;Dbxref=GeneID:109616963,HGNC:HGNC:52194;Name=SNORA20B;description=small nucleolar RNA%2C H/ACA box 20B;gbkey=Gene;gene=SNORA20B;gene_biotype=snoRNA"
1775159,NC_000007.14,BestRefSeq,gene,39404598,39406346,.,-,.,"ID=gene-POU6F2-AS1;Dbxref=GeneID:100861520,HGNC:HGNC:40979;Name=POU6F2-AS1;description=POU6F2 antisense RNA 1;gbkey=Gene;gene=POU6F2-AS1;gene_biotype=lncRNA"
1775167,NC_000007.14,Gnomon,gene,39416280,39474455,.,-,.,ID=gene-LOC105375238;Dbxref=GeneID:105375238;Name=LOC105375238;description=uncharacterized LOC105375238;gbkey=Gene;gene=LOC105375238;gene_biotype=lncRNA
1775180,NC_000007.14,Gnomon,gene,39507738,39522502,.,-,.,ID=gene-LOC105375237;Dbxref=GeneID:105375237;Name=LOC105375237;description=uncharacterized LOC105375237;gbkey=Gene;gene=LOC105375237;gene_biotype=lncRNA
1775193,NC_000007.14,BestRefSeq,gene,39551329,39566349,.,-,.,"ID=gene-YAE1-DT;Dbxref=GeneID:105375240,HGNC:HGNC:55820;Name=YAE1-DT;description=YAE1 divergent transcript;gbkey=Gene;gene=YAE1-DT;gene_biotype=lncRNA"
1775200,NC_000007.14,BestRefSeq,gene,39566404,39612089,.,+,.,"ID=gene-YAE1;Dbxref=GeneID:57002,HGNC:HGNC:24857;Name=YAE1;description=YAE1 maturation factor of ABCE1;gbkey=Gene;gene=YAE1;gene_biotype=protein_coding;gene_synonym=C7orf36,CIAB2,GK003,YAE1D1"
1775227,NC_000007.14,Gnomon,gene,39618061,39623477,.,-,.,ID=gene-LOC107986785;Dbxref=GeneID:107986785;Name=LOC107986785;description=uncharacterized LOC107986785;gbkey=Gene;gene=LOC107986785;gene_biotype=lncRNA
1775233,NC_000007.14,BestRefSeq%2CGnomon,gene,39623572,39708120,.,+,.,"ID=gene-RALA;Dbxref=GeneID:5898,HGNC:HGNC:9839,MIM:179550;Name=RALA;description=RAS like proto-oncogene A;gbkey=Gene;gene=RALA;gene_biotype=protein_coding;gene_synonym=HINCONS,RAL"
1775287,NC_000007.14,BestRefSeq,gene,39733568,39794623,.,+,.,"ID=gene-LINC00265;Dbxref=GeneID:349114,HGNC:HGNC:28019;Name=LINC00265;description=long intergenic non-protein coding RNA 265;gbkey=Gene;gene=LINC00265;gene_biotype=lncRNA;gene_synonym=NCRNA00265"
1775309,NC_000007.14,Gnomon,gene,39830760,39899238,.,+,.,ID=gene-LOC101928688;Dbxref=GeneID:101928688;Name=LOC101928688;description=uncharacterized LOC101928688;gbkey=Gene;gene=LOC101928688;gene_biotype=lncRNA
1775331,NC_000007.14,BestRefSeq,gene,39947521,39949419,.,-,.,"ID=gene-CDK13-DT;Dbxref=GeneID:112267983,HGNC:HGNC:55407;Name=CDK13-DT;description=CDK13 divergent transcript;gbkey=Gene;gene=CDK13-DT;gene_biotype=lncRNA"
1775345,NC_000007.14,BestRefSeq%2CGnomon,gene,39950256,40099580,.,+,.,"ID=gene-CDK13;Dbxref=GeneID:8621,HGNC:HGNC:1733,MIM:603309;Name=CDK13;description=cyclin dependent kinase 13;gbkey=Gene;gene=CDK13;gene_biotype=protein_coding;gene_synonym=CDC2L,CDC2L5,CHDFIDD,CHED,hCDK13"
1775500,NC_000007.14,BestRefSeq,gene,40126027,40134622,.,-,.,"ID=gene-MPLKIP;Dbxref=GeneID:136647,HGNC:HGNC:16002,MIM:609188;Name=MPLKIP;description=M-phase specific PLK1 interacting protein;gbkey=Gene;gene=MPLKIP;gene_biotype=protein_coding;gene_synonym=ABHS,C7orf11,ORF20,TTD4"
1775512,NC_000007.14,BestRefSeq%2CGnomon,gene,40135005,41038816,.,+,.,"ID=gene-SUGCT;Dbxref=GeneID:79783,HGNC:HGNC:16001,MIM:609187;Name=SUGCT;description=succinyl-CoA:glutarate-CoA transferase;gbkey=Gene;gene=SUGCT;gene_biotype=protein_coding;gene_synonym=C7orf10,DERP13,GA3,ORF19"
1776048,NC_000007.14,Gnomon,gene,40239916,40297210,.,-,.,ID=gene-LOC105375245;Dbxref=GeneID:105375245;Name=LOC105375245;description=uncharacterized LOC105375245;gbkey=Gene;gene=LOC105375245;gene_biotype=lncRNA
1776063,NC_000007.14,BestRefSeq,gene,40538008,40547019,.,-,.,"ID=gene-SUGCT-AS1;Dbxref=GeneID:101928716,HGNC:HGNC:40745;Name=SUGCT-AS1;description=SUGCT antisense RNA 1;gbkey=Gene;gene=SUGCT-AS1;gene_biotype=lncRNA"
1776069,NC_000007.14,Gnomon,gene,40565226,40595209,.,-,.,ID=gene-LOC105375244;Dbxref=GeneID:105375244;Name=LOC105375244;description=uncharacterized LOC105375244;gbkey=Gene;gene=LOC105375244;gene_biotype=lncRNA
1776081,NC_000007.14,Gnomon,gene,40708084,40719850,.,-,.,ID=gene-LOC105375243;Dbxref=GeneID:105375243;Name=LOC105375243;description=uncharacterized LOC105375243;gbkey=Gene;gene=LOC105375243;gene_biotype=lncRNA
1776094,NC_000007.14,Gnomon,gene,40825908,40830092,.,-,.,ID=gene-LOC112267984;Dbxref=GeneID:112267984;Name=LOC112267984;description=uncharacterized LOC112267984;gbkey=Gene;gene=LOC112267984;gene_biotype=lncRNA
1776101,NC_000007.14,Gnomon,gene,40858431,40900306,.,-,.,ID=gene-LOC105375242;Dbxref=GeneID:105375242;Name=LOC105375242;description=uncharacterized LOC105375242;gbkey=Gene;gene=LOC105375242;gene_biotype=lncRNA
1776116,NC_000007.14,BestRefSeq,gene,40964678,40979939,.,-,.,"ID=gene-LINC01450;Dbxref=GeneID:101928744,HGNC:HGNC:50792;Name=LINC01450;description=long intergenic non-protein coding RNA 1450;gbkey=Gene;gene=LINC01450;gene_biotype=lncRNA"
1776131,NC_000007.14,BestRefSeq,gene,41101604,41133501,.,+,.,"ID=gene-LINC01449;Dbxref=GeneID:101928773,HGNC:HGNC:50791;Name=LINC01449;description=long intergenic non-protein coding RNA 1449;gbkey=Gene;gene=LINC01449;gene_biotype=lncRNA"
1776145,NC_000007.14,Gnomon,gene,41108868,41149795,.,-,.,ID=gene-LOC105375241;Dbxref=GeneID:105375241;Name=LOC105375241;description=uncharacterized LOC105375241;gbkey=Gene;gene=LOC105375241;gene_biotype=lncRNA
1776161,NC_000007.14,Gnomon,gene,41332106,41355704,.,+,.,ID=gene-LOC105375246;Dbxref=GeneID:105375246;Name=LOC105375246;description=uncharacterized LOC105375246;gbkey=Gene;gene=LOC105375246;gene_biotype=lncRNA
1776175,NC_000007.14,Gnomon,gene,41465823,41496092,.,+,.,ID=gene-LOC107986787;Dbxref=GeneID:107986787;Name=LOC107986787;description=uncharacterized LOC107986787;gbkey=Gene;gene=LOC107986787;gene_biotype=lncRNA
1776184,NC_000007.14,Gnomon,gene,41586382,41594768,.,+,.,ID=gene-LOC105379725;Dbxref=GeneID:105379725;Name=LOC105379725;description=uncharacterized LOC105379725;gbkey=Gene;gene=LOC105379725;gene_biotype=lncRNA
1776192,NC_000007.14,Gnomon,gene,41647853,41670755,.,-,.,ID=gene-LOC105375247;Dbxref=GeneID:105375247;Name=LOC105375247;description=uncharacterized LOC105375247;gbkey=Gene;gene=LOC105375247;gene_biotype=lncRNA
1776197,NC_000007.14,Gnomon,gene,41683175,41683637,.,+,.,ID=gene-LOC107986789;Dbxref=GeneID:107986789;Name=LOC107986789;description=uncharacterized LOC107986789;gbkey=Gene;gene=LOC107986789;gene_biotype=lncRNA
1776201,NC_000007.14,BestRefSeq%2CGnomon,gene,41685114,41705406,.,-,.,"ID=gene-INHBA;Dbxref=GeneID:3624,HGNC:HGNC:6066,MIM:147290;Name=INHBA;description=inhibin subunit beta A;gbkey=Gene;gene=INHBA;gene_biotype=protein_coding;gene_synonym=EDF,FRP"
1776221,NC_000007.14,BestRefSeq,gene,41693919,41779378,.,+,.,"ID=gene-INHBA-AS1;Dbxref=GeneID:285954,HGNC:HGNC:40303;Name=INHBA-AS1;description=INHBA antisense RNA 1;gbkey=Gene;gene=INHBA-AS1;gene_biotype=lncRNA"
1776239,NC_000007.14,Gnomon,gene,41929597,41933590,.,-,.,ID=gene-LOC124901618;Dbxref=GeneID:124901618;Name=LOC124901618;description=uncharacterized LOC124901618;gbkey=Gene;gene=LOC124901618;gene_biotype=lncRNA
1776243,NC_000007.14,BestRefSeq%2CGnomon,gene,41960949,42264268,.,-,.,"ID=gene-GLI3;Dbxref=GeneID:2737,HGNC:HGNC:4319,MIM:165240;Name=GLI3;description=GLI family zinc finger 3;gbkey=Gene;gene=GLI3;gene_biotype=protein_coding;gene_synonym=ACLS,GCPS,GLI3-190,GLI3FL,PAP-A,PAPA,PAPA1,PAPB,PHS,PPDIV"
1776506,NC_000007.14,Gnomon,gene,42326302,42338336,.,-,.,ID=gene-LOC105375249;Dbxref=GeneID:105375249;Name=LOC105375249;description=uncharacterized LOC105375249;gbkey=Gene;gene=LOC105375249;gene_biotype=lncRNA
1776528,NC_000007.14,Gnomon,gene,42510563,42517035,.,+,.,ID=gene-LOC105375250;Dbxref=GeneID:105375250;Name=LOC105375250;description=uncharacterized LOC105375250;gbkey=Gene;gene=LOC105375250;gene_biotype=lncRNA
1776535,NC_000007.14,Gnomon,gene,42591191,42598349,.,-,.,ID=gene-LOC105375251;Dbxref=GeneID:105375251;Name=LOC105375251;description=uncharacterized LOC105375251;gbkey=Gene;gene=LOC105375251;gene_biotype=lncRNA
1776543,NC_000007.14,BestRefSeq,gene,42661726,42706447,.,-,.,"ID=gene-LINC01448;Dbxref=GeneID:101928795,HGNC:HGNC:50790;Name=LINC01448;description=long intergenic non-protein coding RNA 1448;gbkey=Gene;gene=LINC01448;gene_biotype=lncRNA"
1776557,NC_000007.14,Gnomon,gene,42866329,42869299,.,+,.,ID=gene-LOC107986735;Dbxref=GeneID:107986735;Name=LOC107986735;description=uncharacterized LOC107986735;gbkey=Gene;gene=LOC107986735;gene_biotype=lncRNA
1776575,NC_000007.14,BestRefSeq%2CGnomon,gene,42909273,42912070,.,-,.,"ID=gene-C7orf25;Dbxref=GeneID:79020,HGNC:HGNC:21703;Name=C7orf25;description=chromosome 7 open reading frame 25;gbkey=Gene;gene=C7orf25;gene_biotype=protein_coding"
1776601,NC_000007.14,BestRefSeq,gene,42916861,42932174,.,-,.,"ID=gene-PSMA2;Dbxref=GeneID:5683,HGNC:HGNC:9531,MIM:176842;Name=PSMA2;description=proteasome 20S subunit alpha 2;gbkey=Gene;gene=PSMA2;gene_biotype=protein_coding;gene_synonym=HC3,MU,PMSA2,PSC2"
1776625,NC_000007.14,BestRefSeq,gene,42932376,42937857,.,+,.,"ID=gene-MRPL32;Dbxref=GeneID:64983,HGNC:HGNC:14035,MIM:611839;Name=MRPL32;description=mitochondrial ribosomal protein L32;gbkey=Gene;gene=MRPL32;gene_biotype=protein_coding;gene_synonym=bL32m,bMRP-59b,HSPC283,L32mt,MRP-L32"
1776638,NC_000007.14,Gnomon,gene,42954127,42956129,.,-,.,ID=gene-LOC105375253;Dbxref=GeneID:105375253;Name=LOC105375253;description=uncharacterized LOC105375253;gbkey=Gene;gene=LOC105375253;gene_biotype=lncRNA
1776653,NC_000007.14,Gnomon,gene,43068801,43076379,.,-,.,ID=gene-LOC107986790;Dbxref=GeneID:107986790;Name=LOC107986790;description=uncharacterized LOC107986790;gbkey=Gene;gene=LOC107986790;gene_biotype=lncRNA
1776664,NC_000007.14,BestRefSeq%2CGnomon,gene,43112647,43566001,.,+,.,"ID=gene-HECW1;Dbxref=GeneID:23072,HGNC:HGNC:22195,MIM:610384;Name=HECW1;description=HECT%2C C2 and WW domain containing E3 ubiquitin protein ligase 1;gbkey=Gene;gene=HECW1;gene_biotype=protein_coding;gene_synonym=NEDL1"
1777733,NC_000007.14,BestRefSeq,gene,43117896,43163187,.,+,.,"ID=gene-HECW1-IT1;Dbxref=GeneID:100127950,HGNC:HGNC:41465;Name=HECW1-IT1;description=HECW1 intronic transcript 1;gbkey=Gene;gene=HECW1-IT1;gene_biotype=lncRNA"
1777746,NC_000007.14,BestRefSeq,gene,43150895,43150994,.,+,.,"ID=gene-MIR3943;Dbxref=GeneID:100500829,HGNC:HGNC:38888,miRBase:MI0016600;Name=MIR3943;description=microRNA 3943;gbkey=Gene;gene=MIR3943;gene_biotype=miRNA"
1777764,NC_000007.14,Gnomon,gene,43245609,43249298,.,-,.,ID=gene-LOC124901619;Dbxref=GeneID:124901619;Name=LOC124901619;description=uncharacterized LOC124901619;gbkey=Gene;gene=LOC124901619;gene_biotype=lncRNA
1777776,NC_000007.14,Gnomon,gene,43297343,43300311,.,-,.,ID=gene-LOC102724903;Dbxref=GeneID:102724903;Name=LOC102724903;description=uncharacterized LOC102724903;gbkey=Gene;gene=LOC102724903;gene_biotype=lncRNA
1777789,NC_000007.14,BestRefSeq,gene,43508728,43522542,.,-,.,"ID=gene-LUARIS;Dbxref=GeneID:100506895,HGNC:HGNC:40992,MIM:618172;Name=LUARIS;description=lncRNA upregulator of antiviral response interferon signaling;gbkey=Gene;gene=LUARIS;gene_biotype=lncRNA;gene_synonym=lncRNA32,SCAT6"
1777803,NC_000007.14,BestRefSeq%2CGnomon,gene,43583108,43627379,.,+,.,"ID=gene-STK17A;Dbxref=GeneID:9263,HGNC:HGNC:11395,MIM:604726;Name=STK17A;description=serine/threonine kinase 17a;gbkey=Gene;gene=STK17A;gene_biotype=protein_coding;gene_synonym=DRAK1"
1777839,NC_000007.14,BestRefSeq%2CGnomon,gene,43608457,43729523,.,-,.,"ID=gene-COA1;Dbxref=GeneID:55744,HGNC:HGNC:21868,MIM:614769;Name=COA1;description=cytochrome c oxidase assembly factor 1;gbkey=Gene;gene=COA1;gene_biotype=protein_coding;gene_synonym=C7orf44,MITRAC15"
1778807,NC_000007.14,BestRefSeq%2CGnomon,gene,43758122,43807342,.,+,.,"ID=gene-BLVRA;Dbxref=GeneID:644,HGNC:HGNC:1062,MIM:109750;Name=BLVRA;description=biliverdin reductase A;gbkey=Gene;gene=BLVRA;gene_biotype=protein_coding;gene_synonym=BLVR,BVR,BVRA,BVRalpha"
1778905,NC_000007.14,BestRefSeq,gene,43866558,43906596,.,-,.,"ID=gene-URGCP-MRPS24;Dbxref=GeneID:100534592,HGNC:HGNC:49188;Name=URGCP-MRPS24;description=URGCP-MRPS24 readthrough;gbkey=Gene;gene=URGCP-MRPS24;gene_biotype=protein_coding"
1778920,NC_000007.14,BestRefSeq,gene,43866558,43869517,.,-,.,"ID=gene-MRPS24;Dbxref=GeneID:64951,HGNC:HGNC:14510,MIM:611986;Name=MRPS24;description=mitochondrial ribosomal protein S24;gbkey=Gene;gene=MRPS24;gene_biotype=protein_coding;gene_synonym=bMRP-47,bMRP47,HSPC335,MRP-S24,S24mt"
1778934,NC_000007.14,Gnomon,gene,43869646,43871642,.,+,.,ID=gene-LOC124901620;Dbxref=GeneID:124901620;Name=LOC124901620;description=uncharacterized LOC124901620;gbkey=Gene;gene=LOC124901620;gene_biotype=lncRNA
1778942,NC_000007.14,BestRefSeq,gene,43875913,43926726,.,-,.,"ID=gene-URGCP;Dbxref=GeneID:55665,HGNC:HGNC:30890,MIM:610337;Name=URGCP;description=upregulator of cell proliferation;gbkey=Gene;gene=URGCP;gene_biotype=protein_coding;gene_synonym=URG4"
1779006,NC_000007.14,BestRefSeq%2CGnomon,gene,43926436,43956136,.,+,.,"ID=gene-UBE2D4;Dbxref=GeneID:51619,HGNC:HGNC:21647;Name=UBE2D4;description=ubiquitin conjugating enzyme E2 D4;gbkey=Gene;gene=UBE2D4;gene_biotype=protein_coding;gene_synonym=HBUCE1"
1779142,NC_000007.14,BestRefSeq%2CGnomon,gene,43997897,44010124,.,+,.,"ID=gene-SPDYE1;Dbxref=GeneID:285955,HGNC:HGNC:16408,MIM:617623;Name=SPDYE1;description=speedy/RINGO cell cycle regulator family member E1;gbkey=Gene;gene=SPDYE1;gene_biotype=protein_coding;gene_synonym=Ringo1,SPDYB2L2,SPDYE,WBSCR19"
1779235,NC_000007.14,BestRefSeq,gene,44039049,44044296,.,+,.,"ID=gene-LINC00957;Dbxref=GeneID:255031,HGNC:HGNC:22332;Name=LINC00957;description=long intergenic non-protein coding RNA 957;gbkey=Gene;gene=LINC00957;gene_biotype=lncRNA"
1779252,NC_000007.14,BestRefSeq,gene,44044702,44069456,.,+,.,"ID=gene-DBNL;Dbxref=GeneID:28988,HGNC:HGNC:2696,MIM:610106;Name=DBNL;description=drebrin like;gbkey=Gene;gene=DBNL;gene_biotype=protein_coding;gene_synonym=ABP1,HIP-55,HIP55,SH3P7"
1779408,NC_000007.14,BestRefSeq,gene,44051766,44051829,.,+,.,"ID=gene-MIR6837;Dbxref=GeneID:102466985,HGNC:HGNC:50125,miRBase:MI0022683;Name=MIR6837;description=microRNA 6837;gbkey=Gene;gene=MIR6837;gene_biotype=miRNA;gene_synonym=hsa-mir-6837"
1779420,NC_000007.14,BestRefSeq,gene,44062727,44065567,.,-,.,"ID=gene-PGAM2;Dbxref=GeneID:5224,HGNC:HGNC:8889,MIM:612931;Name=PGAM2;description=phosphoglycerate mutase 2;gbkey=Gene;gene=PGAM2;gene_biotype=protein_coding;gene_synonym=GSD10,PGAM-M,PGAMM"
1779440,NC_000007.14,BestRefSeq,gene,44072062,44082530,.,-,.,"ID=gene-POLM;Dbxref=GeneID:27434,HGNC:HGNC:9185,MIM:606344;Name=POLM;description=DNA polymerase mu;gbkey=Gene;gene=POLM;gene_biotype=protein_coding;gene_synonym=Pol Mu,Tdt-N"
1779562,NC_000007.14,BestRefSeq,gene,44073378,44073433,.,-,.,"ID=gene-MIR6838;Dbxref=GeneID:102465504,HGNC:HGNC:50050,miRBase:MI0022684;Name=MIR6838;description=microRNA 6838;gbkey=Gene;gene=MIR6838;gene_biotype=miRNA;gene_synonym=hsa-mir-6838"
1779586,NC_000007.14,BestRefSeq%2CGnomon,gene,44104345,44114560,.,+,.,"ID=gene-AEBP1;Dbxref=GeneID:165,HGNC:HGNC:303,MIM:602981;Name=AEBP1;description=AE binding protein 1;gbkey=Gene;gene=AEBP1;gene_biotype=protein_coding;gene_synonym=ACLP"
1779671,NC_000007.14,BestRefSeq,gene,44110849,44110912,.,+,.,"ID=gene-MIR4649;Dbxref=GeneID:100616346,HGNC:HGNC:41852,miRBase:MI0017276;Name=MIR4649;description=microRNA 4649;gbkey=Gene;gene=MIR4649;gene_biotype=miRNA;gene_synonym=mir-4649"
1779678,NC_000007.14,BestRefSeq%2CGnomon,gene,44114680,44124325,.,-,.,"ID=gene-POLD2;Dbxref=GeneID:5425,HGNC:HGNC:9176,MIM:600815;Name=POLD2;description=DNA polymerase delta 2%2C accessory subunit;gbkey=Gene;gene=POLD2;gene_biotype=protein_coding"
1779887,NC_000007.14,BestRefSeq%2CGnomon,gene,44138864,44141332,.,-,.,"ID=gene-MYL7;Dbxref=GeneID:58498,HGNC:HGNC:21719,MIM:613993;Name=MYL7;description=myosin light chain 7;gbkey=Gene;gene=MYL7;gene_biotype=protein_coding;gene_synonym=MYL2A,MYLC2A"
1779976,NC_000007.14,BestRefSeq%2CGnomon,gene,44143213,44189439,.,-,.,"ID=gene-GCK;Dbxref=GeneID:2645,HGNC:HGNC:4195,MIM:138079;Name=GCK;description=glucokinase;gbkey=Gene;gene=GCK;gene_biotype=protein_coding;gene_synonym=FGQTL3,GK,GLK,HHF3,HK4,HKIV,HXKP,LGLK,MODY2,PNDM1"
1780092,NC_000007.14,Gnomon,gene,44147651,44149936,.,+,.,ID=gene-LOC105375258;Dbxref=GeneID:105375258;Name=LOC105375258;description=uncharacterized LOC105375258;gbkey=Gene;gene=LOC105375258;gene_biotype=lncRNA
1780097,NC_000007.14,Gnomon,gene,44172375,44184153,.,+,.,ID=gene-LOC105375257;Dbxref=GeneID:105375257;Name=LOC105375257;description=uncharacterized LOC105375257;gbkey=Gene;gene=LOC105375257;gene_biotype=lncRNA
1780110,NC_000007.14,BestRefSeq%2CGnomon,gene,44200978,44214294,.,+,.,"ID=gene-YKT6;Dbxref=GeneID:10652,HGNC:HGNC:16959,MIM:606209;Name=YKT6;description=YKT6 v-SNARE homolog;gbkey=Gene;gene=YKT6;gene_biotype=protein_coding"
1780174,NC_000007.14,BestRefSeq%2CGnomon,gene,44217154,44326013,.,-,.,"ID=gene-CAMK2B;Dbxref=GeneID:816,HGNC:HGNC:1461,MIM:607707;Name=CAMK2B;description=calcium/calmodulin dependent protein kinase II beta;gbkey=Gene;gene=CAMK2B;gene_biotype=protein_coding;gene_synonym=CAM2,CAMK2,CAMKB,CaMKIIbeta,MRD54"
1781738,NC_000007.14,Gnomon,gene,44321269,44322555,.,+,.,ID=gene-LOC124901621;Dbxref=GeneID:124901621;Name=LOC124901621;description=uncharacterized LOC124901621;gbkey=Gene;gene=LOC124901621;gene_biotype=lncRNA
1781751,NC_000007.14,BestRefSeq%2CGnomon,gene,44379119,44490658,.,-,.,"ID=gene-NUDCD3;Dbxref=GeneID:23386,HGNC:HGNC:22208,MIM:610296;Name=NUDCD3;description=NudC domain containing 3;gbkey=Gene;gene=NUDCD3;gene_biotype=protein_coding;gene_synonym=NudCL"
1781804,NC_000007.14,BestRefSeq%2CGnomon,gene,44512535,44541330,.,-,.,"ID=gene-NPC1L1;Dbxref=GeneID:29881,HGNC:HGNC:7898,MIM:608010;Name=NPC1L1;description=NPC1 like intracellular cholesterol transporter 1;gbkey=Gene;gene=NPC1L1;gene_biotype=protein_coding;gene_synonym=LDLCQ7,NPC11L1,SLC65A2"
1782002,NC_000007.14,BestRefSeq,gene,44565804,44573908,.,-,.,"ID=gene-DDX56;Dbxref=GeneID:54606,HGNC:HGNC:18193,MIM:608023;Name=DDX56;description=DEAD-box helicase 56;gbkey=Gene;gene=DDX56;gene_biotype=protein_coding;gene_synonym=DDX21,DDX26,NOH61"
1782061,NC_000007.14,BestRefSeq,gene,44577894,44582231,.,-,.,"ID=gene-TMED4;Dbxref=GeneID:222068,HGNC:HGNC:22301,MIM:612038;Name=TMED4;description=transmembrane p24 trafficking protein 4;gbkey=Gene;gene=TMED4;gene_biotype=protein_coding;gene_synonym=ERS25,GMP25iso,HNLF,p24a3,p24alpha3"
1782127,NC_000007.14,BestRefSeq%2CGnomon,gene,44606627,44709066,.,+,.,"ID=gene-OGDH;Dbxref=GeneID:4967,HGNC:HGNC:8124,MIM:613022;Name=OGDH;description=oxoglutarate dehydrogenase;gbkey=Gene;gene=OGDH;gene_biotype=protein_coding;gene_synonym=AKGDH,E1k,E1o,KGD1,OGDC,OGDH-E1,OGDH2,OGDHD"
1782601,NC_000007.14,Gnomon,gene,44726298,44730017,.,-,.,ID=gene-LOC124901622;Dbxref=GeneID:124901622;Name=LOC124901622;description=uncharacterized LOC124901622;gbkey=Gene;gene=LOC124901622;gene_biotype=lncRNA
1782611,NC_000007.14,BestRefSeq%2CGnomon,gene,44748571,44769881,.,+,.,"ID=gene-ZMIZ2;Dbxref=GeneID:83637,HGNC:HGNC:22229,MIM:611196;Name=ZMIZ2;description=zinc finger MIZ-type containing 2;gbkey=Gene;gene=ZMIZ2;gene_biotype=protein_coding;gene_synonym=hZIMP7,NET27,TRAFIP20,ZIMP7"
1783665,NC_000007.14,Gnomon,gene,44795116,44796530,.,-,.,ID=gene-LOC105375259;Dbxref=GeneID:105375259;Name=LOC105375259;description=uncharacterized LOC105375259;gbkey=Gene;gene=LOC105375259;gene_biotype=lncRNA
1783673,NC_000007.14,BestRefSeq%2CGnomon,gene,44796681,44803117,.,+,.,"ID=gene-PPIA;Dbxref=GeneID:5478,HGNC:HGNC:9253,MIM:123840;Name=PPIA;description=peptidylprolyl isomerase A;gbkey=Gene;gene=PPIA;gene_biotype=protein_coding;gene_synonym=CYPA,CYPH,HEL-S-69p"
1783717,NC_000007.14,BestRefSeq,gene,44826889,44848126,.,-,.,"ID=gene-H2AZ2;Dbxref=GeneID:94239,HGNC:HGNC:20664,MIM:620008;Name=H2AZ2;description=H2A.Z variant histone 2;gbkey=Gene;gene=H2AZ2;gene_biotype=protein_coding;gene_synonym=H2A.Z-2,H2AFV,H2AV"
1783773,NC_000007.14,BestRefSeq,gene,44848471,44849565,.,+,.,"ID=gene-H2AZ2-DT;Dbxref=GeneID:105375261,HGNC:HGNC:52775;Name=H2AZ2-DT;description=H2AZ2 divergent transcript;gbkey=Gene;gene=H2AZ2-DT;gene_biotype=lncRNA;gene_synonym=LINC01952"
1783781,NC_000007.14,BestRefSeq,gene,44876299,44885530,.,-,.,"ID=gene-PURB;Dbxref=GeneID:5814,HGNC:HGNC:9702,MIM:608887;Name=PURB;description=purine rich element binding protein B;gbkey=Gene;gene=PURB;gene_biotype=protein_coding;gene_synonym=PURBETA"
1783787,NC_000007.14,BestRefSeq,gene,44881748,44881800,.,-,.,"ID=gene-MIR4657;Dbxref=GeneID:100616393,HGNC:HGNC:41706,miRBase:MI0017285;Name=MIR4657;description=microRNA 4657;gbkey=Gene;gene=MIR4657;gene_biotype=miRNA;gene_synonym=mir-4657"
1783800,NC_000007.14,Gnomon,gene,44904701,44908780,.,+,.,ID=gene-LOC105375262;Dbxref=GeneID:105375262;Name=LOC105375262;description=uncharacterized LOC105375262;gbkey=Gene;gene=LOC105375262;gene_biotype=lncRNA
1783814,NC_000007.14,BestRefSeq%2CGnomon,gene,44962662,44979015,.,-,.,"ID=gene-MYO1G;Dbxref=GeneID:64005,HGNC:HGNC:13880,MIM:600642;Name=MYO1G;description=myosin IG;gbkey=Gene;gene=MYO1G;gene_biotype=protein_coding;gene_synonym=HA2,HLA-HA2,MHAG"
1783892,NC_000007.14,BestRefSeq,gene,44983023,44986696,.,-,.,"ID=gene-SNHG15;Dbxref=GeneID:285958,HGNC:HGNC:27797;Name=SNHG15;description=small nucleolar RNA host gene 15;gbkey=Gene;gene=SNHG15;gene_biotype=lncRNA;gene_synonym=C7orf40,Linc-Myo1g,MYO1GUT"
1783921,NC_000007.14,BestRefSeq,gene,44985378,44985510,.,-,.,"ID=gene-SNORA9;Dbxref=GeneID:677798,HGNC:HGNC:32597;Name=SNORA9;description=small nucleolar RNA%2C H/ACA box 9;gbkey=Gene;gene=SNORA9;gene_biotype=snoRNA;gene_synonym=ACA9,SNORA9A"
1783931,NC_000007.14,Gnomon,gene,44991694,45000008,.,-,.,ID=gene-LOC102723334;Dbxref=GeneID:102723334;Name=LOC102723334;description=uncharacterized LOC102723334;gbkey=Gene;gene=LOC102723334;gene_biotype=lncRNA
1783958,NC_000007.14,BestRefSeq%2CGnomon,gene,44999746,45076470,.,+,.,"ID=gene-CCM2;Dbxref=GeneID:83605,HGNC:HGNC:21708,MIM:607929;Name=CCM2;description=CCM2 scaffold protein;gbkey=Gene;gene=CCM2;gene_biotype=protein_coding;gene_synonym=C7orf22,OSM,PP10187"
1784245,NC_000007.14,BestRefSeq%2CGnomon,gene,45080437,45088969,.,-,.,"ID=gene-NACAD;Dbxref=GeneID:23148,HGNC:HGNC:22196,MIM:619419;Name=NACAD;description=NAC alpha domain containing;gbkey=Gene;gene=NACAD;gene_biotype=protein_coding"
1784282,NC_000007.14,BestRefSeq,gene,45100100,45111697,.,-,.,"ID=gene-TBRG4;Dbxref=GeneID:9238,HGNC:HGNC:17443,MIM:611325;Name=TBRG4;description=transforming growth factor beta regulator 4;gbkey=Gene;gene=TBRG4;gene_biotype=protein_coding;gene_synonym=CPR2,FASTKD4"
1784366,NC_000007.14,BestRefSeq,gene,45104349,45104482,.,-,.,"ID=gene-SNORA5A;Dbxref=GeneID:654319,HGNC:HGNC:32588;Name=SNORA5A;description=small nucleolar RNA%2C H/ACA box 5A;gbkey=Gene;gene=SNORA5A;gene_biotype=snoRNA;gene_synonym=ACA5,ACA5A/B/C"
1784369,NC_000007.14,BestRefSeq,gene,45104906,45105042,.,-,.,"ID=gene-SNORA5C;Dbxref=GeneID:677796,HGNC:HGNC:32590,MIM:611335;Name=SNORA5C;description=small nucleolar RNA%2C H/ACA box 5C;gbkey=Gene;gene=SNORA5C;gene_biotype=snoRNA;gene_synonym=ACA5c"
1784372,NC_000007.14,BestRefSeq,gene,45105968,45106099,.,-,.,"ID=gene-SNORA5B;Dbxref=GeneID:677795,HGNC:HGNC:32589;Name=SNORA5B;description=small nucleolar RNA%2C H/ACA box 5B;gbkey=Gene;gene=SNORA5B;gene_biotype=snoRNA;gene_synonym=ACA5b"
1784386,NC_000007.14,BestRefSeq%2CGnomon,gene,45157791,45184250,.,+,.,"ID=gene-RAMP3;Dbxref=GeneID:10268,HGNC:HGNC:9845,MIM:605155;Name=RAMP3;description=receptor activity modifying protein 3;gbkey=Gene;gene=RAMP3;gene_biotype=protein_coding"
1784409,NC_000007.14,Gnomon,gene,45201701,45208129,.,+,.,ID=gene-LOC124901623;Dbxref=GeneID:124901623;Name=LOC124901623;description=uncharacterized LOC124901623;gbkey=Gene;gene=LOC124901623;gene_biotype=lncRNA
1784421,NC_000007.14,Gnomon,gene,45258035,45260064,.,-,.,ID=gene-LOC107986736;Dbxref=GeneID:107986736;Name=LOC107986736;description=uncharacterized LOC107986736;gbkey=Gene;gene=LOC107986736;gene_biotype=lncRNA
1784426,NC_000007.14,Gnomon,gene,45306129,45325102,.,+,.,ID=gene-LOC124901624;Dbxref=GeneID:124901624;Name=LOC124901624;description=uncharacterized LOC124901624;gbkey=Gene;gene=LOC124901624;gene_biotype=lncRNA
1784435,NC_000007.14,BestRefSeq%2CGnomon,gene,45574140,45723116,.,+,.,"ID=gene-ADCY1;Dbxref=GeneID:107,HGNC:HGNC:232,MIM:103072;Name=ADCY1;description=adenylate cyclase 1;gbkey=Gene;gene=ADCY1;gene_biotype=protein_coding;gene_synonym=AC1,DFNB44"
1784682,NC_000007.14,Gnomon,gene,45788712,45789060,.,-,.,ID=gene-LOC124901625;Dbxref=GeneID:124901625;Name=LOC124901625;description=uncharacterized LOC124901625;gbkey=Gene;gene=LOC124901625;gene_biotype=lncRNA
1784687,NC_000007.14,BestRefSeq,gene,45805229,45807910,.,+,.,ID=gene-LOC730234;Dbxref=GeneID:730234;Name=LOC730234;description=uncharacterized LOC730234;gbkey=Gene;gene=LOC730234;gene_biotype=lncRNA
1784703,NC_000007.14,BestRefSeq%2CGnomon,gene,45859994,45885172,.,-,.,"ID=gene-CCDC201;Dbxref=GeneID:114515518,HGNC:HGNC:54081;Name=CCDC201;description=coiled-coil domain containing 201;gbkey=Gene;gene=CCDC201;gene_biotype=protein_coding"
1784724,NC_000007.14,BestRefSeq,gene,45888488,45893660,.,+,.,"ID=gene-IGFBP1;Dbxref=GeneID:3484,HGNC:HGNC:5469,MIM:146730;Name=IGFBP1;description=insulin like growth factor binding protein 1;gbkey=Gene;gene=IGFBP1;gene_biotype=protein_coding;gene_synonym=AFBP,hIGFBP-1,IBP1,IGF-BP25,PP12"
1784734,NC_000007.14,BestRefSeq%2CGnomon,gene,45912245,45921272,.,-,.,"ID=gene-IGFBP3;Dbxref=GeneID:3486,HGNC:HGNC:5472,MIM:146732;Name=IGFBP3;description=insulin like growth factor binding protein 3;gbkey=Gene;gene=IGFBP3;gene_biotype=protein_coding;gene_synonym=BP-53,IBP-3,IBP3,IGFBP-3"
1784768,NC_000007.14,BestRefSeq,gene,45940449,45993155,.,+,.,ID=gene-LOC102723446;Dbxref=GeneID:102723446;Name=LOC102723446;description=uncharacterized LOC102723446;gbkey=Gene;gene=LOC102723446;gene_biotype=lncRNA
1784785,NC_000007.14,Gnomon,gene,45992028,46024422,.,-,.,ID=gene-LOC105375264;Dbxref=GeneID:105375264;Name=LOC105375264;description=uncharacterized LOC105375264;gbkey=Gene;gene=LOC105375264;gene_biotype=lncRNA
1784816,NC_000007.14,BestRefSeq,gene,46476455,46481578,.,-,.,ID=gene-LOC105375266;Dbxref=GeneID:105375266;Name=LOC105375266;description=uncharacterized LOC105375266;gbkey=Gene;gene=LOC105375266;gene_biotype=lncRNA
1784841,NC_000007.14,BestRefSeq,gene,46687879,46697122,.,-,.,ID=gene-LOC730338;Dbxref=GeneID:730338;Name=LOC730338;description=uncharacterized LOC730338;gbkey=Gene;gene=LOC730338;gene_biotype=lncRNA
1784849,NC_000007.14,Gnomon,gene,46890625,46937497,.,-,.,ID=gene-LOC124901626;Dbxref=GeneID:124901626;Name=LOC124901626;description=uncharacterized LOC124901626;gbkey=Gene;gene=LOC124901626;gene_biotype=lncRNA
1784853,NC_000007.14,Gnomon,gene,46969662,46973457,.,+,.,ID=gene-LOC105375267;Dbxref=GeneID:105375267;Name=LOC105375267;description=uncharacterized LOC105375267;gbkey=Gene;gene=LOC105375267;gene_biotype=lncRNA
1784858,NC_000007.14,Gnomon,gene,47000620,47079809,.,-,.,ID=gene-LOC105375268;Dbxref=GeneID:105375268;Name=LOC105375268;description=uncharacterized LOC105375268;gbkey=Gene;gene=LOC105375268;gene_biotype=lncRNA
1784865,NC_000007.14,Gnomon,gene,47026137,47027428,.,+,.,ID=gene-LOC124901627;Dbxref=GeneID:124901627;Name=LOC124901627;description=uncharacterized LOC124901627;gbkey=Gene;gene=LOC124901627;gene_biotype=lncRNA
1784880,NC_000007.14,Gnomon,gene,47252100,47254614,.,-,.,ID=gene-LOC124901628;Dbxref=GeneID:124901628;Name=LOC124901628;description=uncharacterized LOC124901628;gbkey=Gene;gene=LOC124901628;gene_biotype=lncRNA
1784886,NC_000007.14,BestRefSeq%2CGnomon,gene,47275154,47582586,.,-,.,"ID=gene-TNS3;Dbxref=GeneID:64759,HGNC:HGNC:21616,MIM:606825;Name=TNS3;description=tensin 3;gbkey=Gene;gene=TNS3;gene_biotype=protein_coding;gene_synonym=TEM6,TENS1"
1786362,NC_000007.14,Gnomon,gene,47350919,47361205,.,-,.,ID=gene-LOC124901629;Dbxref=GeneID:124901629;Name=LOC124901629;description=uncharacterized LOC124901629;gbkey=Gene;gene=LOC124901629;gene_biotype=lncRNA
1786384,NC_000007.14,BestRefSeq,gene,47464720,47464803,.,-,.,"ID=gene-SNORD151;Dbxref=GeneID:109623468,HGNC:HGNC:51865;Name=SNORD151;description=small nucleolar RNA%2C C/D box 151;gbkey=Gene;gene=SNORD151;gene_biotype=snoRNA"
1786439,NC_000007.14,BestRefSeq,gene,47621939,47629893,.,+,.,"ID=gene-LINC01447;Dbxref=GeneID:101929086,HGNC:HGNC:50783;Name=LINC01447;description=long intergenic non-protein coding RNA 1447;gbkey=Gene;gene=LINC01447;gene_biotype=lncRNA"
1786449,NC_000007.14,BestRefSeq,gene,47655244,47661648,.,+,.,"ID=gene-LINC02902;Dbxref=GeneID:401335,HGNC:HGNC:34432;Name=LINC02902;description=long intergenic non-protein coding RNA 2902;gbkey=Gene;gene=LINC02902;gene_biotype=lncRNA;gene_synonym=C7orf65"
1786473,NC_000007.14,BestRefSeq,gene,47761476,47766772,.,+,.,"ID=gene-LINC00525;Dbxref=GeneID:84847,HGNC:HGNC:40290;Name=LINC00525;description=long intergenic non-protein coding RNA 525;gbkey=Gene;gene=LINC00525;gene_biotype=lncRNA"
1786480,NC_000007.14,BestRefSeq%2CGnomon,gene,47774614,47960906,.,-,.,"ID=gene-PKD1L1;Dbxref=GeneID:168507,HGNC:HGNC:18053,MIM:609721;Name=PKD1L1;description=polycystin 1 like 1%2C transient receptor potential channel interacting;gbkey=Gene;gene=PKD1L1;gene_biotype=protein_coding;gene_synonym=HTX8,PRO19563"
1786717,NC_000007.14,BestRefSeq,gene,47795291,47819847,.,+,.,"ID=gene-PKD1L1-AS1;Dbxref=GeneID:80099,HGNC:HGNC:21911;Name=PKD1L1-AS1;description=PKD1L1 antisense RNA 1;gbkey=Gene;gene=PKD1L1-AS1;gene_biotype=lncRNA;gene_synonym=C7orf69"
1786745,NC_000007.14,BestRefSeq,gene,47963288,47979615,.,-,.,"ID=gene-HUS1;Dbxref=GeneID:3364,HGNC:HGNC:5309,MIM:603760;Name=HUS1;description=HUS1 checkpoint clamp component;gbkey=Gene;gene=HUS1;gene_biotype=protein_coding;gene_synonym=hHUS1"
1786797,NC_000007.14,Gnomon,gene,47982442,47987445,.,+,.,ID=gene-LOC105375270;Dbxref=GeneID:105375270;Name=LOC105375270;description=uncharacterized LOC105375270;gbkey=Gene;gene=LOC105375270;gene_biotype=lncRNA
1786802,NC_000007.14,BestRefSeq%2CGnomon,gene,47987148,48035902,.,-,.,"ID=gene-SUN3;Dbxref=GeneID:256979,HGNC:HGNC:22429,MIM:618984;Name=SUN3;description=Sad1 and UNC84 domain containing 3;gbkey=Gene;gene=SUN3;gene_biotype=protein_coding;gene_synonym=SUNC1"
1786944,NC_000007.14,BestRefSeq%2CGnomon,gene,48035543,48061297,.,+,.,"ID=gene-C7orf57;Dbxref=GeneID:136288,HGNC:HGNC:22247;Name=C7orf57;description=chromosome 7 open reading frame 57;gbkey=Gene;gene=C7orf57;gene_biotype=protein_coding"
1787097,NC_000007.14,BestRefSeq%2CGnomon,gene,48088704,48108736,.,+,.,"ID=gene-UPP1;Dbxref=GeneID:7378,HGNC:HGNC:12576,MIM:191730;Name=UPP1;description=uridine phosphorylase 1;gbkey=Gene;gene=UPP1;gene_biotype=protein_coding;gene_synonym=UDRPASE,UP,UPASE,UPP"
1787287,NC_000007.14,Gnomon,gene,48111175,48114375,.,-,.,ID=gene-LOC105375271;Dbxref=GeneID:105375271;Name=LOC105375271;description=uncharacterized LOC105375271;gbkey=Gene;gene=LOC105375271;gene_biotype=lncRNA
1787302,NC_000007.14,BestRefSeq%2CGnomon,gene,48171458,48647497,.,+,.,"ID=gene-ABCA13;Dbxref=GeneID:154664,HGNC:HGNC:14638,MIM:607807;Name=ABCA13;description=ATP binding cassette subfamily A member 13;gbkey=Gene;gene=ABCA13;gene_biotype=protein_coding"
1790090,NC_000007.14,Gnomon,gene,48659486,48669491,.,-,.,ID=gene-LOC105375272;Dbxref=GeneID:105375272;Name=LOC105375272;description=uncharacterized LOC105375272;gbkey=Gene;gene=LOC105375272;gene_biotype=lncRNA
1790095,NC_000007.14,BestRefSeq,gene,48708503,48711484,.,+,.,"ID=gene-LINC02838;Dbxref=GeneID:105375273,HGNC:HGNC:54372;Name=LINC02838;description=long intergenic non-protein coding RNA 2838;gbkey=Gene;gene=LINC02838;gene_biotype=lncRNA"
1790106,NC_000007.14,BestRefSeq,gene,48924547,48927454,.,+,.,"ID=gene-CDC14C;Dbxref=GeneID:168448,HGNC:HGNC:22427;Name=CDC14C;description=cell division cycle 14C;gbkey=Gene;gene=CDC14C;gene_biotype=protein_coding;gene_synonym=CDC14B2,CDC14Bretro"
1790126,NC_000007.14,Gnomon,gene,49524210,49584567,.,+,.,ID=gene-LOC124901804;Dbxref=GeneID:124901804;Name=LOC124901804;description=uncharacterized LOC124901804;gbkey=Gene;gene=LOC124901804;gene_biotype=lncRNA
1790136,NC_000007.14,BestRefSeq%2CGnomon,gene,49773638,49922205,.,+,.,"ID=gene-VWC2;Dbxref=GeneID:375567,HGNC:HGNC:30200,MIM:611108;Name=VWC2;description=von Willebrand factor C domain containing 2;gbkey=Gene;gene=VWC2;gene_biotype=protein_coding;gene_synonym=PSST739,UNQ739"
1790169,NC_000007.14,BestRefSeq%2CGnomon,gene,49840654,50093246,.,-,.,"ID=gene-ZPBP;Dbxref=GeneID:11055,HGNC:HGNC:15662,MIM:608498;Name=ZPBP;description=zona pellucida binding protein;gbkey=Gene;gene=ZPBP;gene_biotype=protein_coding;gene_synonym=SPGF66,ZPBP1"
1790368,NC_000007.14,Gnomon,gene,50093279,50094341,.,+,.,ID=gene-LOC124901630;Dbxref=GeneID:124901630;Name=LOC124901630;description=uncharacterized LOC124901630;gbkey=Gene;gene=LOC124901630;gene_biotype=lncRNA
1790372,NC_000007.14,BestRefSeq%2CGnomon,gene,50095883,50159256,.,+,.,"ID=gene-SPMIP7;Dbxref=GeneID:100130988,HGNC:HGNC:22564;Name=SPMIP7;description=sperm microtubule inner protein 7;gbkey=Gene;gene=SPMIP7;gene_biotype=protein_coding;gene_synonym=C7orf72,SPATA48"
1790449,NC_000007.14,BestRefSeq%2CGnomon,gene,50303455,50405101,.,+,.,"ID=gene-IKZF1;Dbxref=GeneID:10320,HGNC:HGNC:13176,MIM:603023;Name=IKZF1;description=IKAROS family zinc finger 1;gbkey=Gene;gene=IKZF1;gene_biotype=protein_coding;gene_synonym=CVID13,Hs.54452,IK1,IKAROS,LyF-1,LYF1,PPP1R92,PRO0758,ZNFN1A1"
1791371,NC_000007.14,Gnomon,gene,50385886,50393957,.,-,.,ID=gene-LOC124901631;Dbxref=GeneID:124901631;Name=LOC124901631;description=uncharacterized LOC124901631;gbkey=Gene;gene=LOC124901631;gene_biotype=lncRNA
1791389,NC_000007.14,BestRefSeq%2CGnomon,gene,50444133,50450350,.,-,.,"ID=gene-FIGNL1;Dbxref=GeneID:63979,HGNC:HGNC:13286,MIM:615383;Name=FIGNL1;description=fidgetin like 1;gbkey=Gene;gene=FIGNL1;gene_biotype=protein_coding"
1791527,NC_000007.14,BestRefSeq%2CGnomon,gene,50458442,50565405,.,-,.,"ID=gene-DDC;Dbxref=GeneID:1644,HGNC:HGNC:2719,MIM:107930;Name=DDC;description=dopa decarboxylase;gbkey=Gene;gene=DDC;gene_biotype=protein_coding;gene_synonym=AADC"
1791809,NC_000007.14,BestRefSeq,gene,50531759,50543463,.,+,.,"ID=gene-DDC-AS1;Dbxref=GeneID:100129427,HGNC:HGNC:40171;Name=DDC-AS1;description=DDC antisense RNA 1;gbkey=Gene;gene=DDC-AS1;gene_biotype=lncRNA"
1791820,NC_000007.14,BestRefSeq%2CGnomon,gene,50590068,50793453,.,-,.,"ID=gene-GRB10;Dbxref=GeneID:2887,HGNC:HGNC:4564,MIM:601523;Name=GRB10;description=growth factor receptor bound protein 10;gbkey=Gene;gene=GRB10;gene_biotype=protein_coding;gene_synonym=Grb-10,GRB-IR,IRBP,MEG1,RSS"
1793265,NC_000007.14,Gnomon,gene,50641757,50643949,.,+,.,ID=gene-LOC124901632;Dbxref=GeneID:124901632;Name=LOC124901632;description=uncharacterized LOC124901632;gbkey=Gene;gene=LOC124901632;gene_biotype=lncRNA
1793312,NC_000007.14,cmsearch,gene,50935350,50935493,.,-,.,ID=gene-LOC124900241;Dbxref=GeneID:124900241;Name=LOC124900241;description=small nucleolar RNA SNORA4;gbkey=Gene;gene=LOC124900241;gene_biotype=snoRNA
1793323,NC_000007.14,BestRefSeq%2CGnomon,gene,51016212,51316809,.,-,.,"ID=gene-COBL;Dbxref=GeneID:23242,HGNC:HGNC:22199,MIM:610317;Name=COBL;description=cordon-bleu WH2 repeat protein;gbkey=Gene;gene=COBL;gene_biotype=protein_coding"
1794017,NC_000007.14,Gnomon,gene,51316984,51318332,.,+,.,ID=gene-LOC124901633;Dbxref=GeneID:124901633;Name=LOC124901633;description=uncharacterized LOC124901633;gbkey=Gene;gene=LOC124901633;gene_biotype=lncRNA
1794043,NC_000007.14,BestRefSeq,gene,51392378,51393256,.,-,.,ID=gene-LOC107986794;Dbxref=GeneID:107986794;Name=LOC107986794;description=uncharacterized LOC107986794;gbkey=Gene;gene=LOC107986794;gene_biotype=lncRNA
1794048,NC_000007.14,Gnomon,gene,51395077,51402985,.,-,.,ID=gene-LOC102723533;Dbxref=GeneID:102723533;Name=LOC102723533;description=uncharacterized LOC102723533;gbkey=Gene;gene=LOC102723533;gene_biotype=lncRNA
1794067,NC_000007.14,Gnomon,gene,51544105,51579469,.,+,.,ID=gene-LOC105375277;Dbxref=GeneID:105375277;Name=LOC105375277;description=uncharacterized LOC105375277;gbkey=Gene;gene=LOC105375277;gene_biotype=lncRNA
1794076,NC_000007.14,Gnomon,gene,51707972,51717668,.,+,.,ID=gene-LOC105375278;Dbxref=GeneID:105375278;Name=LOC105375278;description=uncharacterized LOC105375278;gbkey=Gene;gene=LOC105375278;gene_biotype=lncRNA
1794085,NC_000007.14,Gnomon,gene,51723896,51727203,.,+,.,ID=gene-LOC124901634;Dbxref=GeneID:124901634;Name=LOC124901634;description=uncharacterized LOC124901634;gbkey=Gene;gene=LOC124901634;gene_biotype=lncRNA
1794101,NC_000007.14,Gnomon,gene,52016705,52022328,.,-,.,ID=gene-LOC107986738;Dbxref=GeneID:107986738;Name=LOC107986738;description=uncharacterized LOC107986738;gbkey=Gene;gene=LOC107986738;gene_biotype=lncRNA
1794111,NC_000007.14,cmsearch,gene,52269437,52269569,.,-,.,ID=gene-LOC124900240;Dbxref=GeneID:124900240;Name=LOC124900240;description=small nucleolar RNA SNORA31;gbkey=Gene;gene=LOC124900240;gene_biotype=snoRNA
1794114,NC_000007.14,Gnomon,gene,52273824,52426709,.,+,.,ID=gene-LOC124901810;Dbxref=GeneID:124901810;Name=LOC124901810;description=uncharacterized LOC124901810;gbkey=Gene;gene=LOC124901810;gene_biotype=lncRNA
1794125,NC_000007.14,Gnomon,gene,52315181,52359049,.,+,.,ID=gene-LOC107986796;Dbxref=GeneID:107986796;Name=LOC107986796;description=uncharacterized LOC107986796;gbkey=Gene;gene=LOC107986796;gene_biotype=lncRNA
1794132,NC_000007.14,Gnomon,gene,52771390,52774856,.,+,.,ID=gene-LOC101928257;Dbxref=GeneID:101928257;Name=LOC101928257;description=uncharacterized LOC101928257;gbkey=Gene;gene=LOC101928257;gene_biotype=lncRNA
1794141,NC_000007.14,Gnomon,gene,52839737,52845021,.,+,.,ID=gene-LOC124901805;Dbxref=GeneID:124901805;Name=LOC124901805;description=uncharacterized LOC124901805;gbkey=Gene;gene=LOC124901805;gene_biotype=lncRNA
1794147,NC_000007.14,BestRefSeq,gene,53035633,53036925,.,+,.,"ID=gene-POM121L12;Dbxref=GeneID:285877,HGNC:HGNC:25369;Name=POM121L12;description=POM121 transmembrane nucleoporin like 12;gbkey=Gene;gene=POM121L12;gene_biotype=protein_coding"
1794164,NC_000007.14,Gnomon,gene,53348024,53418906,.,-,.,ID=gene-LOC105375282;Dbxref=GeneID:105375282;Name=LOC105375282;description=uncharacterized LOC105375282;gbkey=Gene;gene=LOC105375282;gene_biotype=lncRNA
1794187,NC_000007.14,BestRefSeq,gene,53564175,53574703,.,-,.,ID=gene-GS1-278J22.2;Dbxref=GeneID:105375283;Name=GS1-278J22.2;description=uncharacterized GS1-278J22.2;gbkey=Gene;gene=GS1-278J22.2;gene_biotype=lncRNA
1794194,NC_000007.14,BestRefSeq,gene,53655509,53811931,.,-,.,"ID=gene-LINC01446;Dbxref=GeneID:401337,HGNC:HGNC:50773;Name=LINC01446;description=long intergenic non-protein coding RNA 1446;gbkey=Gene;gene=LINC01446;gene_biotype=lncRNA;gene_synonym=GS1-179L18.1"
1794211,NC_000007.14,Gnomon,gene,53926776,53947804,.,-,.,"ID=gene-LINC02854;Dbxref=GeneID:107986739,HGNC:HGNC:54391;Name=LINC02854;description=long intergenic non-protein coding RNA 2854;gbkey=Gene;gene=LINC02854;gene_biotype=lncRNA"
1794218,NC_000007.14,BestRefSeq,gene,54330697,54349845,.,+,.,"ID=gene-LINC01445;Dbxref=GeneID:102723605,HGNC:HGNC:50771;Name=LINC01445;description=long intergenic non-protein coding RNA 1445;gbkey=Gene;gene=LINC01445;gene_biotype=lncRNA"
1794227,NC_000007.14,cmsearch,gene,54359892,54359995,.,+,.,ID=gene-LOC124901829;Dbxref=GeneID:124901829;Name=LOC124901829;description=small nucleolar RNA U13;gbkey=Gene;gene=LOC124901829;gene_biotype=snoRNA
1794236,NC_000007.14,BestRefSeq%2CGnomon,gene,54542375,54571067,.,+,.,"ID=gene-VSTM2A;Dbxref=GeneID:222008,HGNC:HGNC:28499;Name=VSTM2A;description=V-set and transmembrane domain containing 2A;gbkey=Gene;gene=VSTM2A;gene_biotype=protein_coding;gene_synonym=VSTM2"
1794308,NC_000007.14,BestRefSeq,gene,54556970,54571726,.,+,.,"ID=gene-VSTM2A-OT1;Dbxref=GeneID:285878,HGNC:HGNC:50770;Name=VSTM2A-OT1;description=VSTM2A overlapping transcript 1;gbkey=Gene;gene=VSTM2A-OT1;gene_biotype=lncRNA;gene_synonym=GS1-18A18.1"
1794314,NC_000007.14,Gnomon,gene,54576052,54578798,.,-,.,ID=gene-LOC124901635;Dbxref=GeneID:124901635;Name=LOC124901635;description=uncharacterized LOC124901635;gbkey=Gene;gene=LOC124901635;gene_biotype=lncRNA
1794330,NC_000007.14,BestRefSeq,gene,54752253,54759211,.,-,.,"ID=gene-SEC61G;Dbxref=GeneID:23480,HGNC:HGNC:18277,MIM:609215;Name=SEC61G;description=SEC61 translocon subunit gamma;gbkey=Gene;gene=SEC61G;gene_biotype=protein_coding;gene_synonym=SSS1"
1794349,NC_000007.14,BestRefSeq,gene,54759313,54804969,.,+,.,"ID=gene-SEC61G-DT;Dbxref=GeneID:100996654,HGNC:HGNC:40835;Name=SEC61G-DT;description=SEC61G divergent transcript;gbkey=Gene;gene=SEC61G-DT;gene_biotype=lncRNA"
1794366,NC_000007.14,Gnomon,gene,54806443,54812133,.,-,.,ID=gene-LOC124901636;Dbxref=GeneID:124901636;Name=LOC124901636;description=uncharacterized LOC124901636;gbkey=Gene;gene=LOC124901636;gene_biotype=lncRNA
1794380,NC_000007.14,Gnomon,gene,54992419,55018922,.,-,.,ID=gene-LOC105375284;Dbxref=GeneID:105375284;Name=LOC105375284;description=uncharacterized LOC105375284;gbkey=Gene;gene=LOC105375284;gene_biotype=lncRNA
1794395,NC_000007.14,BestRefSeq%2CGnomon,gene,55019017,55211628,.,+,.,"ID=gene-EGFR;Dbxref=GeneID:1956,HGNC:HGNC:3236,MIM:131550;Name=EGFR;description=epidermal growth factor receptor;gbkey=Gene;gene=EGFR;gene_biotype=protein_coding;gene_synonym=ERBB,ERBB1,ERRP,HER1,mENA,NISBD2,PIG61"
1794941,NC_000007.14,BestRefSeq,gene,55179750,55188949,.,-,.,"ID=gene-EGFR-AS1;Dbxref=GeneID:100507500,HGNC:HGNC:40207;Name=EGFR-AS1;description=EGFR antisense RNA 1;gbkey=Gene;gene=EGFR-AS1;gene_biotype=lncRNA"
1794957,NC_000007.14,BestRefSeq,gene,55238436,55255635,.,-,.,"ID=gene-ELDR;Dbxref=GeneID:102725541,HGNC:HGNC:49511,MIM:618217;Name=ELDR;description=EGFR long non-coding downstream RNA;gbkey=Gene;gene=ELDR;gene_biotype=lncRNA;gene_synonym=Fabl,LINC01156"
1794980,NC_000007.14,BestRefSeq%2CGnomon,gene,55365337,55433737,.,+,.,"ID=gene-LANCL2;Dbxref=GeneID:55915,HGNC:HGNC:6509,MIM:612919;Name=LANCL2;description=LanC like glutathione S-transferase 2;gbkey=Gene;gene=LANCL2;gene_biotype=protein_coding;gene_synonym=GPR69B,TASP"
1795037,NC_000007.14,BestRefSeq%2CGnomon,gene,55434964,55572502,.,-,.,"ID=gene-VOPP1;Dbxref=GeneID:81552,HGNC:HGNC:34518,MIM:611915;Name=VOPP1;description=VOPP1 WW domain binding protein;gbkey=Gene;gene=VOPP1;gene_biotype=protein_coding;gene_synonym=ECOP,GASP,WBP1L2"
1795287,NC_000007.14,BestRefSeq,gene,55572766,55596660,.,+,.,"ID=gene-VOPP1-DT;Dbxref=GeneID:105375287,HGNC:HGNC:55874;Name=VOPP1-DT;description=VOPP1 divergent transcript;gbkey=Gene;gene=VOPP1-DT;gene_biotype=lncRNA"
1795359,NC_000007.14,Gnomon,gene,55746453,55750715,.,-,.,ID=gene-LOC101060341;Dbxref=GeneID:101060341;Name=LOC101060341;description=putative uncharacterized protein FLJ44672;gbkey=Gene;gene=LOC101060341;gene_biotype=protein_coding
1795386,NC_000007.14,Gnomon,gene,55750747,55758860,.,-,.,ID=gene-LOC102723656;Dbxref=GeneID:102723656;Name=LOC102723656;description=uncharacterized LOC102723656;gbkey=Gene;gene=LOC102723656;gene_biotype=lncRNA
1795399,NC_000007.14,BestRefSeq,gene,55793540,55862752,.,-,.,"ID=gene-SEPTIN14;Dbxref=GeneID:346288,HGNC:HGNC:33280,MIM:612140;Name=SEPTIN14;description=septin 14;gbkey=Gene;gene=SEPTIN14;gene_biotype=protein_coding;gene_synonym=SEPT14,Septin-14"
1795429,NC_000007.14,BestRefSeq,gene,55887456,55942225,.,+,.,"ID=gene-ZNF713;Dbxref=GeneID:349075,HGNC:HGNC:22043,MIM:616181;Name=ZNF713;description=zinc finger protein 713;gbkey=Gene;gene=ZNF713;gene_biotype=protein_coding"
1795461,NC_000007.14,BestRefSeq,gene,55951877,55956500,.,+,.,"ID=gene-MRPS17;Dbxref=GeneID:51373,HGNC:HGNC:14047,MIM:611980;Name=MRPS17;description=mitochondrial ribosomal protein S17;gbkey=Gene;gene=MRPS17;gene_biotype=protein_coding;gene_synonym=HSPC011,MRP-S17,RPMS17,S17mt,uS17m"
1795474,NC_000007.14,BestRefSeq,gene,55964585,56000179,.,+,.,"ID=gene-NIPSNAP2;Dbxref=GeneID:2631,HGNC:HGNC:4179,MIM:603004;Name=NIPSNAP2;description=nipsnap homolog 2;gbkey=Gene;gene=NIPSNAP2;gene_biotype=protein_coding;gene_synonym=GBAS"
1795520,NC_000007.14,BestRefSeq%2CGnomon,gene,56011064,56051444,.,-,.,"ID=gene-PSPH;Dbxref=GeneID:5723,HGNC:HGNC:9577,MIM:172480;Name=PSPH;description=phosphoserine phosphatase;gbkey=Gene;gene=PSPH;gene_biotype=protein_coding;gene_synonym=PSP,PSPHD"
1796055,NC_000007.14,BestRefSeq,gene,56051765,56063989,.,+,.,"ID=gene-CCT6A;Dbxref=GeneID:908,HGNC:HGNC:1620,MIM:104613;Name=CCT6A;description=chaperonin containing TCP1 subunit 6A;gbkey=Gene;gene=CCT6A;gene_biotype=protein_coding;gene_synonym=CCT-zeta,CCT-zeta-1,CCT6,Cctz,HTR3,MoDP-2,TCP-1-zeta,TCP20,TCPZ,TTCP20"
1796114,NC_000007.14,BestRefSeq,gene,56055365,56055502,.,+,.,"ID=gene-SNORA22B;Dbxref=GeneID:109616964,HGNC:HGNC:52196;Name=SNORA22B;description=small nucleolar RNA%2C H/ACA box 22B;gbkey=Gene;gene=SNORA22B;gene_biotype=snoRNA"
1796117,NC_000007.14,BestRefSeq,gene,56060470,56060602,.,+,.,"ID=gene-SNORA15;Dbxref=GeneID:677803,HGNC:HGNC:32604;Name=SNORA15;description=small nucleolar RNA%2C H/ACA box 15;gbkey=Gene;gene=SNORA15;gene_biotype=snoRNA;gene_synonym=ACA15,SNORA15A"
1796124,NC_000007.14,BestRefSeq%2CGnomon,gene,56064286,56087946,.,+,.,"ID=gene-SUMF2;Dbxref=GeneID:25870,HGNC:HGNC:20415,MIM:607940;Name=SUMF2;description=sulfatase modifying factor 2;gbkey=Gene;gene=SUMF2;gene_biotype=protein_coding;gene_synonym=pFGE"
1796375,NC_000007.14,BestRefSeq%2CGnomon,gene,56080295,56092952,.,-,.,"ID=gene-PHKG1;Dbxref=GeneID:5260,HGNC:HGNC:8930,MIM:172470;Name=PHKG1;description=phosphorylase kinase catalytic subunit gamma 1;gbkey=Gene;gene=PHKG1;gene_biotype=protein_coding;gene_synonym=PHKG"
1796522,NC_000007.14,BestRefSeq,gene,56101573,56106476,.,-,.,"ID=gene-CHCHD2;Dbxref=GeneID:51142,HGNC:HGNC:21645,MIM:616244;Name=CHCHD2;description=coiled-coil-helix-coiled-coil-helix domain containing 2;gbkey=Gene;gene=CHCHD2;gene_biotype=protein_coding;gene_synonym=C7orf17,MIX17B,MNRR1,NS2TP,PARK22"
1796547,NC_000007.14,BestRefSeq,gene,56114681,56116417,.,-,.,"ID=gene-NUPR2;Dbxref=GeneID:389493,HGNC:HGNC:44164;Name=NUPR2;description=nuclear protein 2%2C transcriptional regulator;gbkey=Gene;gene=NUPR2;gene_biotype=protein_coding;gene_synonym=NUPR1L,P8"
1796552,NC_000007.14,Gnomon,gene,56119882,56127330,.,-,.,ID=gene-LOC105375288;Dbxref=GeneID:105375288;Name=LOC105375288;description=uncharacterized LOC105375288;gbkey=Gene;gene=LOC105375288;gene_biotype=lncRNA
1796593,NC_000007.14,Gnomon,gene,56375680,56380825,.,-,.,ID=gene-LOC107986800;Dbxref=GeneID:107986800;Name=LOC107986800;description=putative uncharacterized protein FLJ44672;gbkey=Gene;gene=LOC107986800;gene_biotype=protein_coding
1796610,NC_000007.14,Gnomon,gene,56381765,56388473,.,-,.,ID=gene-LOC105375292;Dbxref=GeneID:105375292;Name=LOC105375292;description=uncharacterized LOC105375292;gbkey=Gene;gene=LOC105375292;gene_biotype=lncRNA
1796615,NC_000007.14,Gnomon,gene,56391226,56408802,.,-,.,ID=gene-LOC101930109;Dbxref=GeneID:101930109;Name=LOC101930109;description=uncharacterized LOC101930109;gbkey=Gene;gene=LOC101930109;gene_biotype=lncRNA
1796633,NC_000007.14,BestRefSeq,gene,56482105,56483319,.,-,.,ID=gene-LOC100240728;Dbxref=GeneID:100240728;Name=LOC100240728;description=uncharacterized LOC100240728;gbkey=Gene;gene=LOC100240728;gene_biotype=lncRNA
1796637,NC_000007.14,Gnomon,gene,56483123,56489921,.,+,.,ID=gene-LOC124901640;Dbxref=GeneID:124901640;Name=LOC124901640;description=uncharacterized LOC124901640;gbkey=Gene;gene=LOC124901640;gene_biotype=lncRNA
1796654,NC_000007.14,BestRefSeq,gene,56496223,56497284,.,+,.,ID=gene-DKFZp434L192;Dbxref=GeneID:222029;Name=DKFZp434L192;description=uncharacterized protein DKFZp434L192;gbkey=Gene;gene=DKFZp434L192;gene_biotype=lncRNA
1796662,NC_000007.14,BestRefSeq,gene,56534230,56538130,.,-,.,ID=gene-LOC101928401;Dbxref=GeneID:101928401;Name=LOC101928401;description=uncharacterized LOC101928401;gbkey=Gene;gene=LOC101928401;gene_biotype=lncRNA
1796675,NC_000007.14,Gnomon,gene,56612825,56618012,.,-,.,ID=gene-LOC105375291;Dbxref=GeneID:105375291;Name=LOC105375291;description=uncharacterized LOC105375291;gbkey=Gene;gene=LOC105375291;gene_biotype=lncRNA
1796703,NC_000007.14,Gnomon,gene,56659149,56675082,.,+,.,ID=gene-LOC102723684;Dbxref=GeneID:102723684;Name=LOC102723684;description=uncharacterized LOC102723684;gbkey=Gene;gene=LOC102723684;gene_biotype=lncRNA
1796708,NC_000007.14,Gnomon,gene,56667170,56669561,.,+,.,ID=gene-LOC105375289;Dbxref=GeneID:105375289;Name=LOC105375289;description=uncharacterized LOC105375289;gbkey=Gene;gene=LOC105375289;gene_biotype=lncRNA
1796727,NC_000007.14,BestRefSeq,gene,56809124,56812736,.,-,.,ID=gene-LOC401357;Dbxref=GeneID:401357;Name=LOC401357;description=uncharacterized LOC401357;gbkey=Gene;gene=LOC401357;gene_biotype=lncRNA
1796730,NC_000007.14,Gnomon,gene,56814235,56815479,.,-,.,ID=gene-LOC124901637;Dbxref=GeneID:124901637;Name=LOC124901637;description=putative uncharacterized protein FLJ44672;gbkey=Gene;gene=LOC124901637;gene_biotype=protein_coding
1796741,NC_000007.14,Gnomon,gene,56824078,56824656,.,-,.,ID=gene-LOC124901639;Dbxref=GeneID:124901639;Name=LOC124901639;description=putative uncharacterized protein FLJ44672;gbkey=Gene;gene=LOC124901639;gene_biotype=protein_coding
1796745,NC_000007.14,Gnomon,gene,56824809,56826535,.,-,.,ID=gene-LOC124901638;Dbxref=GeneID:124901638;Name=LOC124901638;description=putative uncharacterized protein FLJ44672;gbkey=Gene;gene=LOC124901638;gene_biotype=protein_coding
1796751,NC_000007.14,Gnomon,gene,56837363,56849683,.,-,.,ID=gene-LOC105375294;Dbxref=GeneID:105375294;Name=LOC105375294;description=uncharacterized LOC105375294;gbkey=Gene;gene=LOC105375294;gene_biotype=lncRNA
1796761,NC_000007.14,Gnomon,gene,56858000,56862321,.,-,.,ID=gene-LOC105375295;Dbxref=GeneID:105375295;Name=LOC105375295;description=uncharacterized LOC105375295;gbkey=Gene;gene=LOC105375295;gene_biotype=lncRNA
1796777,NC_000007.14,BestRefSeq,gene,56955785,56955864,.,-,.,"ID=gene-MIR4283-1;Dbxref=GeneID:100422917,HGNC:HGNC:38238,miRBase:MI0015892;Name=MIR4283-1;description=microRNA 4283-1;gbkey=Gene;gene=MIR4283-1;gene_biotype=miRNA"
1796788,NC_000007.14,BestRefSeq%2CGnomon,gene,57117676,57139864,.,-,.,"ID=gene-ZNF479;Dbxref=GeneID:90827,HGNC:HGNC:23258,MIM:617444;Name=ZNF479;description=zinc finger protein 479;gbkey=Gene;gene=ZNF479;gene_biotype=protein_coding;gene_synonym=HKr19,KR19"
1796844,NC_000007.14,BestRefSeq,gene,57221169,57222174,.,-,.,ID=gene-LOC105375297;Dbxref=GeneID:105375297;Name=LOC105375297;description=uncharacterized LOC105375297;gbkey=Gene;gene=LOC105375297;gene_biotype=lncRNA
1796849,NC_000007.14,Gnomon,gene,57242680,57245928,.,+,.,ID=gene-LOC105375298;Dbxref=GeneID:105375298;Name=LOC105375298;description=uncharacterized LOC105375298;gbkey=Gene;gene=LOC105375298;gene_biotype=lncRNA
1796861,NC_000007.14,Gnomon,gene,57401997,57404119,.,-,.,ID=gene-LOC105375299;Dbxref=GeneID:105375299;Name=LOC105375299;description=uncharacterized LOC105375299;gbkey=Gene;gene=LOC105375299;gene_biotype=lncRNA
1796865,NC_000007.14,BestRefSeq,gene,57404767,57412147,.,+,.,"ID=gene-MIR3147HG;Dbxref=GeneID:100653233,HGNC:HGNC:56144;Name=MIR3147HG;description=MIR3147 host gene;gbkey=Gene;gene=MIR3147HG;gene_biotype=lncRNA"
1796870,NC_000007.14,BestRefSeq,gene,57405025,57405090,.,+,.,"ID=gene-MIR3147;Dbxref=GeneID:100422939,HGNC:HGNC:38300,miRBase:MI0014173;Name=MIR3147;description=microRNA 3147;gbkey=Gene;gene=MIR3147;gene_biotype=miRNA;gene_synonym=mir-3147"
1796878,NC_000007.14,BestRefSeq,gene,57450177,57473559,.,+,.,"ID=gene-ZNF716;Dbxref=GeneID:441234,HGNC:HGNC:32458;Name=ZNF716;description=zinc finger protein 716;gbkey=Gene;gene=ZNF716;gene_biotype=protein_coding"
1796901,NC_000007.14,Gnomon,gene,57518013,57520654,.,-,.,ID=gene-LOC105375300;Dbxref=GeneID:105375300;Name=LOC105375300;description=uncharacterized LOC105375300;gbkey=Gene;gene=LOC105375300;gene_biotype=lncRNA
1796906,NC_000007.14,Gnomon,gene,57540186,57550002,.,+,.,ID=gene-LOC105375301;Dbxref=GeneID:105375301;Name=LOC105375301;description=uncharacterized LOC105375301;gbkey=Gene;gene=LOC105375301;gene_biotype=lncRNA
1796918,NC_000007.14,Gnomon,gene,57772475,57817507,.,+,.,ID=gene-LOC105375302;Dbxref=GeneID:105375302;Name=LOC105375302;description=uncharacterized LOC105375302;gbkey=Gene;gene=LOC105375302;gene_biotype=lncRNA
1796924,NC_000007.14,Gnomon,gene,57865321,57868449,.,-,.,ID=gene-LOC102723842;Dbxref=GeneID:102723842;Name=LOC102723842;description=uncharacterized LOC102723842;gbkey=Gene;gene=LOC102723842;gene_biotype=lncRNA
1797053,NC_000007.14,cmsearch,gene,63175940,63176019,.,-,.,ID=gene-LOC124901826;Dbxref=GeneID:124901826;Name=LOC124901826;description=small nucleolar RNA U2-19;gbkey=Gene;gene=LOC124901826;gene_biotype=snoRNA
1797071,NC_000007.14,BestRefSeq,gene,63349070,63351774,.,+,.,ID=gene-LOC100287704;Dbxref=GeneID:100287704;Name=LOC100287704;description=uncharacterized LOC100287704;gbkey=Gene;gene=LOC100287704;gene_biotype=lncRNA
1797075,NC_000007.14,Gnomon,gene,63354133,63381446,.,+,.,"ID=gene-LINC03075;Dbxref=GeneID:101929088,HGNC:HGNC:56655;Name=LINC03075;description=long intergenic non-protein coding RNA 3075;gbkey=Gene;gene=LINC03075;gene_biotype=lncRNA"
1797097,NC_000007.14,BestRefSeq,gene,63375703,63394267,.,-,.,ID=gene-LOC101929050;Dbxref=GeneID:101929050;Name=LOC101929050;description=uncharacterized LOC101929050;gbkey=Gene;gene=LOC101929050;gene_biotype=lncRNA
1797177,NC_000007.14,Gnomon,gene,63393687,63422046,.,+,.,ID=gene-LOC124901641;Dbxref=GeneID:124901641;Name=LOC124901641;description=uncharacterized LOC124901641;gbkey=Gene;gene=LOC124901641;gene_biotype=lncRNA
1797183,NC_000007.14,BestRefSeq,gene,63396340,63399041,.,-,.,ID=gene-LOC100287834;Dbxref=GeneID:100287834;Name=LOC100287834;description=uncharacterized LOC100287834;gbkey=Gene;gene=LOC100287834;gene_biotype=lncRNA
1797195,NC_000007.14,BestRefSeq,gene,63621090,63621169,.,+,.,"ID=gene-MIR4283-2;Dbxref=GeneID:100422848,HGNC:HGNC:38296,miRBase:MI0015982;Name=MIR4283-2;description=microRNA 4283-2;gbkey=Gene;gene=MIR4283-2;gene_biotype=miRNA"
1797202,NC_000007.14,Gnomon,gene,63699206,63707101,.,+,.,ID=gene-LOC105375313;Dbxref=GeneID:105375313;Name=LOC105375313;description=uncharacterized LOC105375313;gbkey=Gene;gene=LOC105375313;gene_biotype=lncRNA
1797207,NC_000007.14,Gnomon,gene,63714587,63718963,.,+,.,ID=gene-LOC105375314;Dbxref=GeneID:105375314;Name=LOC105375314;description=uncharacterized LOC105375314;gbkey=Gene;gene=LOC105375314;gene_biotype=lncRNA
1797216,NC_000007.14,Gnomon,gene,63727306,63739626,.,+,.,ID=gene-LOC105375315;Dbxref=GeneID:105375315;Name=LOC105375315;description=uncharacterized LOC105375315;gbkey=Gene;gene=LOC105375315;gene_biotype=lncRNA
1797229,NC_000007.14,Gnomon,gene,63750531,63751348,.,+,.,ID=gene-LOC124901649;Dbxref=GeneID:124901649;Name=LOC124901649;description=putative uncharacterized protein FLJ44672;gbkey=Gene;gene=LOC124901649;gene_biotype=protein_coding
1797233,NC_000007.14,Gnomon,gene,63751410,63751898,.,+,.,"ID=gene-LOC124901797;Dbxref=GeneID:124901797;Name=LOC124901797;description=putative uncharacterized protein FLJ44672;gbkey=Gene;gene=LOC124901797;gene_biotype=protein_coding;partial=true;start_range=.,63751410"
1797237,NC_000007.14,Gnomon,gene,63752348,63753605,.,+,.,ID=gene-LOC124901645;Dbxref=GeneID:124901645;Name=LOC124901645;description=putative uncharacterized protein FLJ44672;gbkey=Gene;gene=LOC124901645;gene_biotype=protein_coding
1797241,NC_000007.14,Gnomon,gene,63754139,63754799,.,+,.,ID=gene-LOC124901650;Dbxref=GeneID:124901650;Name=LOC124901650;description=putative uncharacterized protein FLJ44672;gbkey=Gene;gene=LOC124901650;gene_biotype=protein_coding
1797245,NC_000007.14,Gnomon,gene,63754798,63755497,.,+,.,ID=gene-LOC124901798;Dbxref=GeneID:124901798;Name=LOC124901798;description=putative uncharacterized protein FLJ92257;gbkey=Gene;gene=LOC124901798;gene_biotype=protein_coding
1797249,NC_000007.14,Gnomon,gene,63755807,63756760,.,+,.,ID=gene-LOC124901644;Dbxref=GeneID:124901644;Name=LOC124901644;description=putative uncharacterized protein FLJ44672;gbkey=Gene;gene=LOC124901644;gene_biotype=protein_coding
1797253,NC_000007.14,Gnomon,gene,63758794,63760257,.,+,.,ID=gene-LOC124901647;Dbxref=GeneID:124901647;Name=LOC124901647;description=putative uncharacterized protein FLJ44672;gbkey=Gene;gene=LOC124901647;gene_biotype=protein_coding
1797257,NC_000007.14,Gnomon,gene,63760469,63760977,.,+,.,ID=gene-LOC124901652;Dbxref=GeneID:124901652;Name=LOC124901652;description=putative uncharacterized protein FLJ92257;gbkey=Gene;gene=LOC124901652;gene_biotype=protein_coding
1797261,NC_000007.14,Gnomon,gene,63761366,63761936,.,+,.,ID=gene-LOC124901648;Dbxref=GeneID:124901648;Name=LOC124901648;description=putative uncharacterized protein FLJ44672;gbkey=Gene;gene=LOC124901648;gene_biotype=protein_coding
1797267,NC_000007.14,Gnomon,gene,63762145,63762645,.,+,.,ID=gene-LOC124901651;Dbxref=GeneID:124901651;Name=LOC124901651;description=putative uncharacterized protein FLJ44672;gbkey=Gene;gene=LOC124901651;gene_biotype=protein_coding
1797271,NC_000007.14,Gnomon,gene,63763219,63763933,.,+,.,ID=gene-LOC124901646;Dbxref=GeneID:124901646;Name=LOC124901646;description=putative uncharacterized protein FLJ44672;gbkey=Gene;gene=LOC124901646;gene_biotype=protein_coding
1797279,NC_000007.14,Gnomon,gene,63765043,63767812,.,+,.,ID=gene-LOC124901643;Dbxref=GeneID:124901643;Name=LOC124901643;description=putative uncharacterized protein FLJ44672;gbkey=Gene;gene=LOC124901643;gene_biotype=protein_coding
1797294,NC_000007.14,Gnomon,gene,63888200,63891350,.,-,.,ID=gene-LOC124901654;Dbxref=GeneID:124901654;Name=LOC124901654;description=uncharacterized LOC124901654;gbkey=Gene;gene=LOC124901654;gene_biotype=lncRNA
1797300,NC_000007.14,BestRefSeq,gene,63899898,63925202,.,+,.,"ID=gene-LINC02848;Dbxref=GeneID:107986806,HGNC:HGNC:54384;Name=LINC02848;description=long intergenic non-protein coding RNA 2848;gbkey=Gene;gene=LINC02848;gene_biotype=lncRNA"
1797355,NC_000007.14,Gnomon,gene,63921026,63927914,.,-,.,ID=gene-LOC124901653;Dbxref=GeneID:124901653;Name=LOC124901653;description=uncharacterized LOC124901653;gbkey=Gene;gene=LOC124901653;gene_biotype=lncRNA
1797359,NC_000007.14,Gnomon,gene,63925905,63958166,.,+,.,ID=gene-LOC105375318;Dbxref=GeneID:105375318;Name=LOC105375318;description=uncharacterized LOC105375318;gbkey=Gene;gene=LOC105375318;gene_biotype=lncRNA
1797382,NC_000007.14,BestRefSeq,gene,63998849,64018081,.,+,.,"ID=gene-ZNF722;Dbxref=GeneID:100419780,HGNC:HGNC:22571;Name=ZNF722;description=zinc finger protein 722;gbkey=Gene;gene=ZNF722;gene_biotype=protein_coding;gene_synonym=ZNF722P"
1797392,NC_000007.14,BestRefSeq,gene,64024416,64030102,.,-,.,"ID=gene-LINC01005;Dbxref=GeneID:100506050,HGNC:HGNC:48963;Name=LINC01005;description=long intergenic non-protein coding RNA 1005;gbkey=Gene;gene=LINC01005;gene_biotype=lncRNA"
1797398,NC_000007.14,Gnomon,gene,64032067,64039611,.,-,.,ID=gene-LOC105375317;Dbxref=GeneID:105375317;Name=LOC105375317;description=uncharacterized LOC105375317;gbkey=Gene;gene=LOC105375317;gene_biotype=lncRNA
1797406,NC_000007.14,BestRefSeq%2CGnomon,gene,64045434,64085339,.,+,.,"ID=gene-ZNF727;Dbxref=GeneID:442319,HGNC:HGNC:22785;Name=ZNF727;description=zinc finger protein 727;gbkey=Gene;gene=ZNF727;gene_biotype=protein_coding;gene_synonym=ZNF727P"
1797459,NC_000007.14,Gnomon,gene,64138876,64150971,.,+,.,ID=gene-LOC124901655;Dbxref=GeneID:124901655;Name=LOC124901655;description=uncharacterized LOC124901655;gbkey=Gene;gene=LOC124901655;gene_biotype=lncRNA
1797468,NC_000007.14,BestRefSeq,gene,64207203,64220290,.,+,.,"ID=gene-ZNF735;Dbxref=GeneID:730291,HGNC:HGNC:32466;Name=ZNF735;description=zinc finger protein 735;gbkey=Gene;gene=ZNF735;gene_biotype=protein_coding;gene_synonym=ZNF735P"
1797480,NC_000007.14,Gnomon,gene,64225751,64227621,.,-,.,ID=gene-LOC105375319;Dbxref=GeneID:105375319;Name=LOC105375319;description=uncharacterized LOC105375319;gbkey=Gene;gene=LOC105375319;gene_biotype=lncRNA
1797494,NC_000007.14,BestRefSeq%2CGnomon,gene,64228474,64266931,.,+,.,"ID=gene-ZNF679;Dbxref=GeneID:168417,HGNC:HGNC:28650;Name=ZNF679;description=zinc finger protein 679;gbkey=Gene;gene=ZNF679;gene_biotype=protein_coding"
1797516,NC_000007.14,Gnomon,gene,64287421,64292262,.,-,.,ID=gene-LOC105375323;Dbxref=GeneID:105375323;Name=LOC105375323;description=uncharacterized LOC105375323;gbkey=Gene;gene=LOC105375323;gene_biotype=lncRNA
1797537,NC_000007.14,Gnomon,gene,64294505,64310476,.,-,.,ID=gene-LOC105375322;Dbxref=GeneID:105375322;Name=LOC105375322;description=uncharacterized LOC105375322;gbkey=Gene;gene=LOC105375322;gene_biotype=lncRNA
1797639,NC_000007.14,BestRefSeq,gene,64313961,64356634,.,+,.,"ID=gene-ZNF736;Dbxref=GeneID:728927,HGNC:HGNC:32467;Name=ZNF736;description=zinc finger protein 736;gbkey=Gene;gene=ZNF736;gene_biotype=protein_coding"
1797663,NC_000007.14,Gnomon,gene,64370522,64385329,.,+,.,ID=gene-LOC105375321;Dbxref=GeneID:105375321;Name=LOC105375321;description=uncharacterized LOC105375321;gbkey=Gene;gene=LOC105375321;gene_biotype=lncRNA
1797676,NC_000007.14,Gnomon,gene,64400905,64413093,.,+,.,ID=gene-LOC105375324;Dbxref=GeneID:105375324;Name=LOC105375324;description=uncharacterized LOC105375324;gbkey=Gene;gene=LOC105375324;gene_biotype=lncRNA
1797685,NC_000007.14,Gnomon,gene,64462681,64468822,.,-,.,ID=gene-LOC124901658;Dbxref=GeneID:124901658;Name=LOC124901658;description=uncharacterized LOC124901658;gbkey=Gene;gene=LOC124901658;gene_biotype=lncRNA
1797693,NC_000007.14,BestRefSeq%2CGnomon,gene,64499069,64563071,.,-,.,"ID=gene-ZNF680;Dbxref=GeneID:340252,HGNC:HGNC:26897;Name=ZNF680;description=zinc finger protein 680;gbkey=Gene;gene=ZNF680;gene_biotype=protein_coding"
1797790,NC_000007.14,Gnomon,gene,64568675,64573293,.,+,.,ID=gene-LOC124901657;Dbxref=GeneID:124901657;Name=LOC124901657;description=uncharacterized LOC124901657;gbkey=Gene;gene=LOC124901657;gene_biotype=lncRNA
1797797,NC_000007.14,BestRefSeq,gene,64574695,64618589,.,+,.,ID=gene-LOC100128885;Dbxref=GeneID:100128885;Name=LOC100128885;description=uncharacterized LOC100128885;gbkey=Gene;gene=LOC100128885;gene_biotype=lncRNA
1797809,NC_000007.14,Gnomon,gene,64630983,64655839,.,+,.,ID=gene-LOC124901656;Dbxref=GeneID:124901656;Name=LOC124901656;description=uncharacterized LOC124901656;gbkey=Gene;gene=LOC124901656;gene_biotype=lncRNA
1797824,NC_000007.14,Gnomon,gene,64633123,64636078,.,-,.,ID=gene-LOC105375326;Dbxref=GeneID:105375326;Name=LOC105375326;description=uncharacterized LOC105375326;gbkey=Gene;gene=LOC105375326;gene_biotype=lncRNA
1797831,NC_000007.14,BestRefSeq%2CGnomon,gene,64666133,64711577,.,+,.,"ID=gene-ZNF107;Dbxref=GeneID:51427,HGNC:HGNC:12887,MIM:603989;Name=ZNF107;description=zinc finger protein 107;gbkey=Gene;gene=ZNF107;gene_biotype=protein_coding;gene_synonym=smap-7,Y8,ZFD25,ZNF588"
1797925,NC_000007.14,BestRefSeq,gene,64679064,64679176,.,+,.,"ID=gene-MIR6839;Dbxref=GeneID:102465505,HGNC:HGNC:49953,miRBase:MI0022685;Name=MIR6839;description=microRNA 6839;gbkey=Gene;gene=MIR6839;gene_biotype=miRNA;gene_synonym=hsa-mir-6839"
1797936,NC_000007.14,BestRefSeq%2CGnomon,gene,64794428,64860823,.,+,.,"ID=gene-ZNF138;Dbxref=GeneID:7697,HGNC:HGNC:12922,MIM:604080;Name=ZNF138;description=zinc finger protein 138;gbkey=Gene;gene=ZNF138;gene_biotype=protein_coding;gene_synonym=pHZ-32"
1798157,NC_000007.14,BestRefSeq%2CGnomon,gene,64877603,64937316,.,+,.,"ID=gene-ZNF273;Dbxref=GeneID:10793,HGNC:HGNC:13067,MIM:604756;Name=ZNF273;description=zinc finger protein 273;gbkey=Gene;gene=ZNF273;gene_biotype=protein_coding;gene_synonym=HZF9"
1798632,NC_000007.14,Gnomon,gene,64888337,64890100,.,-,.,ID=gene-LOC441239;Dbxref=GeneID:441239;Name=LOC441239;description=uncharacterized LOC441239;gbkey=Gene;gene=LOC441239;gene_biotype=protein_coding
1798660,NC_000007.14,BestRefSeq,gene,64971772,64991036,.,-,.,"ID=gene-ZNF117;Dbxref=GeneID:51351,HGNC:HGNC:12897,MIM:194624;Name=ZNF117;description=zinc finger protein 117;gbkey=Gene;gene=ZNF117;gene_biotype=protein_coding;gene_synonym=H-plk,HPF9"
1798668,NC_000007.14,BestRefSeq,gene,64971776,65006746,.,-,.,ID=gene-ERV3-1-ZNF117;Dbxref=GeneID:109504726;Name=ERV3-1-ZNF117;description=ERV3-1-ZNF117 readthrough;gbkey=Gene;gene=ERV3-1-ZNF117;gene_biotype=protein_coding;gene_synonym=h-PLK
1798677,NC_000007.14,BestRefSeq,gene,64990356,65006687,.,-,.,"ID=gene-ERV3-1;Dbxref=GeneID:2086,HGNC:HGNC:3454,MIM:131170;Name=ERV3-1;description=endogenous retrovirus group 3 member 1%2C envelope;gbkey=Gene;gene=ERV3-1;gene_biotype=protein_coding;gene_synonym=envR,ERV-R,ERV3,ERVR,HERV-R,HERVR"
1798699,NC_000007.14,Gnomon,gene,65008674,65038261,.,-,.,ID=gene-LOC105375330;Dbxref=GeneID:105375330;Name=LOC105375330;description=uncharacterized LOC105375330;gbkey=Gene;gene=LOC105375330;gene_biotype=lncRNA
1798715,NC_000007.14,Gnomon,gene,65026740,65029426,.,+,.,ID=gene-LOC105375329;Dbxref=GeneID:105375329;Name=LOC105375329;description=uncharacterized LOC105375329;gbkey=Gene;gene=LOC105375329;gene_biotype=lncRNA
1798743,NC_000007.14,Gnomon,gene,65057131,65061496,.,-,.,ID=gene-LOC124901663;Dbxref=GeneID:124901663;Name=LOC124901663;description=uncharacterized LOC124901663;gbkey=Gene;gene=LOC124901663;gene_biotype=lncRNA
1798747,NC_000007.14,BestRefSeq,gene,65065999,65066132,.,+,.,"ID=gene-SNORA22C;Dbxref=GeneID:109616965,HGNC:HGNC:52197;Name=SNORA22C;description=small nucleolar RNA%2C H/ACA box 22C;gbkey=Gene;gene=SNORA22C;gene_biotype=snoRNA"
1798750,NC_000007.14,BestRefSeq,gene,65070538,65070672,.,+,.,"ID=gene-SNORA15B-1;Dbxref=GeneID:109616962,HGNC:HGNC:52191;Name=SNORA15B-1;description=small nucleolar RNA%2C H/ACA box 15B-1;gbkey=Gene;gene=SNORA15B-1;gene_biotype=snoRNA"
1798756,NC_000007.14,Gnomon,gene,65110630,65123022,.,-,.,ID=gene-LOC124901662;Dbxref=GeneID:124901662;Name=LOC124901662;description=uncharacterized LOC124901662;gbkey=Gene;gene=LOC124901662;gene_biotype=lncRNA
1798794,NC_000007.14,Gnomon,gene,65219563,65252416,.,-,.,ID=gene-LOC124901661;Dbxref=GeneID:124901661;Name=LOC124901661;description=uncharacterized LOC124901661;gbkey=Gene;gene=LOC124901661;gene_biotype=lncRNA
1798821,NC_000007.14,Gnomon,gene,65269374,65351822,.,+,.,ID=gene-LOC105375334;Dbxref=GeneID:105375334;Name=LOC105375334;description=uncharacterized LOC105375334;gbkey=Gene;gene=LOC105375334;gene_biotype=lncRNA
1798863,NC_000007.14,BestRefSeq,gene,65373855,65401136,.,+,.,"ID=gene-ZNF92;Dbxref=GeneID:168374,HGNC:HGNC:13168,MIM:603974;Name=ZNF92;description=zinc finger protein 92;gbkey=Gene;gene=ZNF92;gene_biotype=protein_coding;gene_synonym=HEL-203,HPF12,HTF12,TF12"
1798902,NC_000007.14,Gnomon,gene,65476084,65480375,.,+,.,ID=gene-LOC124901660;Dbxref=GeneID:124901660;Name=LOC124901660;description=uncharacterized LOC124901660;gbkey=Gene;gene=LOC124901660;gene_biotype=lncRNA
1798933,NC_000007.14,BestRefSeq,gene,65647010,65770810,.,-,.,"ID=gene-LINC03006;Dbxref=GeneID:441242,HGNC:HGNC:56131;Name=LINC03006;description=long intergenic non-protein coding RNA 3006;gbkey=Gene;gene=LINC03006;gene_biotype=lncRNA"
1798987,NC_000007.14,BestRefSeq,gene,65755526,65755659,.,+,.,"ID=gene-SNORA22;Dbxref=GeneID:677807,HGNC:HGNC:32612;Name=SNORA22;description=small nucleolar RNA%2C H/ACA box 22;gbkey=Gene;gene=SNORA22;gene_biotype=snoRNA;gene_synonym=ACA22,SNORA22A"
1798990,NC_000007.14,BestRefSeq,gene,65760052,65760186,.,+,.,"ID=gene-SNORA15B-2;Dbxref=GeneID:109617022,HGNC:HGNC:52192;Name=SNORA15B-2;description=small nucleolar RNA%2C H/ACA box 15B-2;gbkey=Gene;gene=SNORA15B-2;gene_biotype=snoRNA;gene_synonym=SNORA15C"
1799005,NC_000007.14,Gnomon,gene,65827004,65835013,.,+,.,ID=gene-LOC124901659;Dbxref=GeneID:124901659;Name=LOC124901659;description=uncharacterized LOC124901659;gbkey=Gene;gene=LOC124901659;gene_biotype=lncRNA
1799023,NC_000007.14,Gnomon,gene,65839704,65842402,.,+,.,"ID=gene-LINC03129;Dbxref=GeneID:84214,HGNC:HGNC:57044;Name=LINC03129;description=long intergenic non-protein coding RNA 3129;gbkey=Gene;gene=LINC03129;gene_biotype=lncRNA;partial=true;start_range=.,65839704"
1799027,NC_000007.14,BestRefSeq%2CGnomon,gene,65865772,65959558,.,+,.,"ID=gene-VKORC1L1;Dbxref=GeneID:154807,HGNC:HGNC:21492,MIM:608838;Name=VKORC1L1;description=vitamin K epoxide reductase complex subunit 1 like 1;gbkey=Gene;gene=VKORC1L1;gene_biotype=protein_coding"
1799071,NC_000007.14,BestRefSeq%2CGnomon,gene,65960684,65982213,.,-,.,"ID=gene-GUSB;Dbxref=GeneID:2990,HGNC:HGNC:4696,MIM:611499;Name=GUSB;description=glucuronidase beta;gbkey=Gene;gene=GUSB;gene_biotype=protein_coding;gene_synonym=BG,MPS7"
1799314,NC_000007.14,Gnomon,gene,65992270,66044414,.,-,.,ID=gene-LOC105375336;Dbxref=GeneID:105375336;Name=LOC105375336;description=uncharacterized LOC105375336;gbkey=Gene;gene=LOC105375336;gene_biotype=lncRNA
1799356,NC_000007.14,BestRefSeq,gene,66075819,66093576,.,+,.,"ID=gene-ASL;Dbxref=GeneID:435,HGNC:HGNC:746,MIM:608310;Name=ASL;description=argininosuccinate lyase;gbkey=Gene;gene=ASL;gene_biotype=protein_coding;gene_synonym=ASAL"
1799496,NC_000007.14,BestRefSeq,gene,66114818,66154568,.,+,.,"ID=gene-CRCP;Dbxref=GeneID:27297,HGNC:HGNC:17888,MIM:606121;Name=CRCP;description=CGRP receptor component;gbkey=Gene;gene=CRCP;gene_biotype=protein_coding;gene_synonym=C17,CGRP-RCP,CGRPRCP,POLR3I,POLR3J,RCP,RCP9,RPC9"
1799555,NC_000007.14,BestRefSeq%2CGnomon,gene,66198790,66360443,.,+,.,"ID=gene-TPST1;Dbxref=GeneID:8460,HGNC:HGNC:12020,MIM:603125;Name=TPST1;description=tyrosylprotein sulfotransferase 1;gbkey=Gene;gene=TPST1;gene_biotype=protein_coding;gene_synonym=TANGO13A"
1799697,NC_000007.14,BestRefSeq,gene,66376044,66400408,.,-,.,"ID=gene-LINC00174;Dbxref=GeneID:285908,HGNC:HGNC:27788;Name=LINC00174;description=long intergenic non-protein coding RNA 174;gbkey=Gene;gene=LINC00174;gene_biotype=lncRNA;gene_synonym=NCRNA00174"
1799723,NC_000007.14,BestRefSeq,gene,66493632,66495474,.,+,.,"ID=gene-LINC03011;Dbxref=GeneID:100289098,HGNC:HGNC:56136;Name=LINC03011;description=long intergenic non-protein coding RNA 3011;gbkey=Gene;gene=LINC03011;gene_biotype=lncRNA;gene_synonym=GS1-124K5.4"
1799829,NC_000007.14,BestRefSeq,gene,66628881,66643229,.,+,.,"ID=gene-KCTD7;Dbxref=GeneID:154881,HGNC:HGNC:21957,MIM:611725;Name=KCTD7;description=potassium channel tetramerization domain containing 7;gbkey=Gene;gene=KCTD7;gene_biotype=protein_coding;gene_synonym=CLN14,EPM3"
1799858,NC_000007.14,BestRefSeq,gene,66654519,66669602,.,+,.,ID=gene-LOC100996437;Dbxref=GeneID:100996437;Name=LOC100996437;description=uncharacterized LOC100996437;gbkey=Gene;gene=LOC100996437;gene_biotype=lncRNA
1799865,NC_000007.14,BestRefSeq,gene,66654567,66811464,.,+,.,"ID=gene-RABGEF1;Dbxref=GeneID:27342,HGNC:HGNC:17676,MIM:609700;Name=RABGEF1;description=RAB guanine nucleotide exchange factor 1;gbkey=Gene;gene=RABGEF1;gene_biotype=protein_coding;gene_synonym=rabex-5,RABEX5,RAP1"
1800596,NC_000007.14,Gnomon,gene,66757859,66760474,.,+,.,ID=gene-LOC107986707;Dbxref=GeneID:107986707;Name=LOC107986707;description=uncharacterized LOC107986707;gbkey=Gene;gene=LOC107986707;gene_biotype=lncRNA
1800644,NC_000007.14,BestRefSeq,gene,66904120,66906297,.,+,.,"ID=gene-LINC02604;Dbxref=GeneID:644794,HGNC:HGNC:53972;Name=LINC02604;description=long intergenic non-protein coding RNA 2604;gbkey=Gene;gene=LINC02604;gene_biotype=lncRNA;gene_synonym=lncHERG"
1800648,NC_000007.14,BestRefSeq%2CGnomon,gene,66921225,66958551,.,+,.,"ID=gene-TMEM248;Dbxref=GeneID:55069,HGNC:HGNC:25476;Name=TMEM248;description=transmembrane protein 248;gbkey=Gene;gene=TMEM248;gene_biotype=protein_coding;gene_synonym=C7orf42"
1800717,NC_000007.14,BestRefSeq,gene,66987680,66995586,.,-,.,"ID=gene-SBDS;Dbxref=GeneID:51119,HGNC:HGNC:19440,MIM:607444;Name=SBDS;description=SBDS ribosome maturation factor;gbkey=Gene;gene=SBDS;gene_biotype=protein_coding;gene_synonym=CGI-97,SDO1,SDS,SWDS"
1800733,NC_000007.14,BestRefSeq%2CGnomon,gene,66996833,67239514,.,+,.,"ID=gene-TYW1;Dbxref=GeneID:55253,HGNC:HGNC:25598,MIM:611243;Name=TYW1;description=tRNA-yW synthesizing protein 1 homolog;gbkey=Gene;gene=TYW1;gene_biotype=protein_coding;gene_synonym=RSAFD1,TYW1A,YPL207W"
1800903,NC_000007.14,Gnomon,gene,67103744,67134582,.,-,.,ID=gene-LOC124901664;Dbxref=GeneID:124901664;Name=LOC124901664;description=uncharacterized LOC124901664;gbkey=Gene;gene=LOC124901664;gene_biotype=lncRNA
1800907,NC_000007.14,BestRefSeq,gene,67114322,67114397,.,-,.,"ID=gene-MIR4650-1;Dbxref=GeneID:100616310,HGNC:HGNC:41755,miRBase:MI0017277;Name=MIR4650-1;description=microRNA 4650-1;gbkey=Gene;gene=MIR4650-1;gene_biotype=miRNA"
1800916,NC_000007.14,Gnomon,gene,67146555,67158073,.,-,.,ID=gene-LOC124901666;Dbxref=GeneID:124901666;Name=LOC124901666;description=uncharacterized LOC124901666;gbkey=Gene;gene=LOC124901666;gene_biotype=lncRNA
1800925,NC_000007.14,Gnomon,gene,67228203,67236952,.,-,.,ID=gene-LOC124901665;Dbxref=GeneID:124901665;Name=LOC124901665;description=uncharacterized LOC124901665;gbkey=Gene;gene=LOC124901665;gene_biotype=lncRNA
1800957,NC_000007.14,BestRefSeq%2CGnomon,gene,67276941,67289005,.,+,.,"ID=gene-SPDYE21;Dbxref=GeneID:442572,HGNC:HGNC:51517;Name=SPDYE21;description=speedy/RINGO cell cycle regulator family member E21;gbkey=Gene;gene=SPDYE21;gene_biotype=protein_coding;gene_synonym=SPDYE21P"
1801004,NC_000007.14,BestRefSeq,gene,67335976,67340024,.,+,.,"ID=gene-LINC01372;Dbxref=GeneID:101929736,HGNC:HGNC:50623;Name=LINC01372;description=long intergenic non-protein coding RNA 1372;gbkey=Gene;gene=LINC01372;gene_biotype=lncRNA"
1801011,NC_000007.14,Gnomon,gene,67345609,67356274,.,+,.,ID=gene-LOC105375337;Dbxref=GeneID:105375337;Name=LOC105375337;description=uncharacterized LOC105375337;gbkey=Gene;gene=LOC105375337;gene_biotype=lncRNA
1801038,NC_000007.14,Gnomon,gene,67571782,67604113,.,-,.,ID=gene-LOC105375340;Dbxref=GeneID:105375340;Name=LOC105375340;description=uncharacterized LOC105375340;gbkey=Gene;gene=LOC105375340;gene_biotype=lncRNA
1801063,NC_000007.14,Gnomon,gene,68017647,68021350,.,-,.,ID=gene-LOC107986741;Dbxref=GeneID:107986741;Name=LOC107986741;description=uncharacterized LOC107986741;gbkey=Gene;gene=LOC107986741;gene_biotype=lncRNA
1801068,NC_000007.14,BestRefSeq,gene,68020253,68032690,.,+,.,ID=gene-LOC102723427;Dbxref=GeneID:102723427;Name=LOC102723427;description=uncharacterized LOC102723427;gbkey=Gene;gene=LOC102723427;gene_biotype=lncRNA
1801083,NC_000007.14,BestRefSeq,gene,68149548,68319694,.,-,.,ID=gene-LOC105375341;Dbxref=GeneID:105375341;Name=LOC105375341;description=uncharacterized LOC105375341;gbkey=Gene;gene=LOC105375341;gene_biotype=lncRNA
1801135,NC_000007.14,BestRefSeq,gene,69026408,69046801,.,+,.,ID=gene-LOC105375342;Dbxref=GeneID:105375342;Name=LOC105375342;description=uncharacterized LOC105375342;gbkey=Gene;gene=LOC105375342;gene_biotype=lncRNA
1801148,NC_000007.14,Gnomon,gene,69115870,69150203,.,-,.,ID=gene-LOC105375343;Dbxref=GeneID:105375343;Name=LOC105375343;description=uncharacterized LOC105375343;gbkey=Gene;gene=LOC105375343;gene_biotype=lncRNA
1801157,NC_000007.14,Gnomon,gene,69162421,69174473,.,-,.,ID=gene-LOC105375344;Dbxref=GeneID:105375344;Name=LOC105375344;description=uncharacterized LOC105375344;gbkey=Gene;gene=LOC105375344;gene_biotype=lncRNA
1801171,NC_000007.14,Gnomon,gene,69282954,69304166,.,-,.,ID=gene-LOC105375345;Dbxref=GeneID:105375345;Name=LOC105375345;description=uncharacterized LOC105375345;gbkey=Gene;gene=LOC105375345;gene_biotype=lncRNA
1801192,NC_000007.14,Gnomon,gene,69387766,69394111,.,-,.,ID=gene-LOC124901667;Dbxref=GeneID:124901667;Name=LOC124901667;description=uncharacterized LOC124901667;gbkey=Gene;gene=LOC124901667;gene_biotype=lncRNA
1801203,NC_000007.14,Gnomon,gene,69544025,69580727,.,+,.,ID=gene-LOC105375346;Dbxref=GeneID:105375346;Name=LOC105375346;description=uncharacterized LOC105375346;gbkey=Gene;gene=LOC105375346;gene_biotype=lncRNA
1801210,NC_000007.14,BestRefSeq,gene,69594804,69597624,.,-,.,"ID=gene-CT66;Dbxref=GeneID:100507468,HGNC:HGNC:54198;Name=CT66;description=cancer/testis associated transcript 66;gbkey=Gene;gene=CT66;gene_biotype=lncRNA"
1801226,NC_000007.14,BestRefSeq%2CGnomon,gene,69598475,70793506,.,+,.,"ID=gene-AUTS2;Dbxref=GeneID:26053,HGNC:HGNC:14262,MIM:607270;Name=AUTS2;description=activator of transcription and developmental regulator AUTS2;gbkey=Gene;gene=AUTS2;gene_biotype=protein_coding;gene_synonym=FBRSL2,MRD26"
1802313,NC_000007.14,Gnomon,gene,70547529,70573920,.,+,.,ID=gene-LOC124901669;Dbxref=GeneID:124901669;Name=LOC124901669;description=uncharacterized LOC124901669;gbkey=Gene;gene=LOC124901669;gene_biotype=lncRNA
1802317,NC_000007.14,Gnomon,gene,70590938,70595548,.,-,.,ID=gene-LOC124901668;Dbxref=GeneID:124901668;Name=LOC124901668;description=uncharacterized LOC124901668;gbkey=Gene;gene=LOC124901668;gene_biotype=lncRNA
1802354,NC_000007.14,Gnomon,gene,70695835,70696656,.,-,.,ID=gene-LOC107986709;Dbxref=GeneID:107986709;Name=LOC107986709;description=uncharacterized LOC107986709;gbkey=Gene;gene=LOC107986709;gene_biotype=lncRNA
1802376,NC_000007.14,Gnomon,gene,70739039,70746136,.,+,.,ID=gene-LOC105375347;Dbxref=GeneID:105375347;Name=LOC105375347;description=uncharacterized LOC105375347;gbkey=Gene;gene=LOC105375347;gene_biotype=lncRNA
1802425,NC_000007.14,BestRefSeq%2CGnomon,gene,71132144,71713599,.,+,.,"ID=gene-GALNT17;Dbxref=GeneID:64409,HGNC:HGNC:16347,MIM:615137;Name=GALNT17;description=polypeptide N-acetylgalactosaminyltransferase 17;gbkey=Gene;gene=GALNT17;gene_biotype=protein_coding;gene_synonym=GalNAc-T17,GalNAc-T19,GalNAc-T5L,GALNACT17,GALNT16,GALNT20,GALNTL3,WBSCR17"
1802504,NC_000007.14,BestRefSeq,gene,71307672,71307770,.,-,.,"ID=gene-MIR3914-1;Dbxref=GeneID:100500836,HGNC:HGNC:38993,miRBase:MI0016419;Name=MIR3914-1;description=microRNA 3914-1;gbkey=Gene;gene=MIR3914-1;gene_biotype=miRNA"
1802509,NC_000007.14,BestRefSeq,gene,71307674,71307768,.,+,.,"ID=gene-MIR3914-2;Dbxref=GeneID:100500920,HGNC:HGNC:38975,miRBase:MI0016421;Name=MIR3914-2;description=microRNA 3914-2;gbkey=Gene;gene=MIR3914-2;gene_biotype=miRNA"
1802561,NC_000007.14,BestRefSeq%2CGnomon,gene,71779491,72504279,.,-,.,"ID=gene-CALN1;Dbxref=GeneID:83698,HGNC:HGNC:13248,MIM:607176;Name=CALN1;description=calneuron 1;gbkey=Gene;gene=CALN1;gene_biotype=protein_coding;gene_synonym=CABP8"
1802781,NC_000007.14,BestRefSeq,gene,72574513,72828200,.,-,.,"ID=gene-TYW1B;Dbxref=GeneID:441250,HGNC:HGNC:33908;Name=TYW1B;description=tRNA-yW synthesizing protein 1 homolog B;gbkey=Gene;gene=TYW1B;gene_biotype=protein_coding;gene_synonym=LINC00069,NCRNA00069,RSAFD2"
1802892,NC_000007.14,BestRefSeq,gene,72697903,72697978,.,+,.,"ID=gene-MIR4650-2;Dbxref=GeneID:100616331,HGNC:HGNC:41810,miRBase:MI0017278;Name=MIR4650-2;description=microRNA 4650-2;gbkey=Gene;gene=MIR4650-2;gene_biotype=miRNA"
1802950,NC_000007.14,BestRefSeq%2CGnomon,gene,72879357,72951459,.,+,.,"ID=gene-POM121;Dbxref=GeneID:9883,HGNC:HGNC:19702,MIM:615753;Name=POM121;description=POM121 transmembrane nucleoporin;gbkey=Gene;gene=POM121;gene_biotype=protein_coding;gene_synonym=P145,POM121A"
1803634,NC_000007.14,Gnomon,gene,72954797,72957378,.,+,.,ID=gene-LOC124901671;Dbxref=GeneID:124901671;Name=LOC124901671;description=uncharacterized LOC124901671;gbkey=Gene;gene=LOC124901671;gene_biotype=lncRNA
1803638,NC_000007.14,BestRefSeq%2CGnomon,gene,72954868,72969681,.,-,.,"ID=gene-TRIM74;Dbxref=GeneID:378108,HGNC:HGNC:17453,MIM:612550;Name=TRIM74;description=tripartite motif containing 74;gbkey=Gene;gene=TRIM74;gene_biotype=protein_coding;gene_synonym=TRIM50C"
1803773,NC_000007.14,Gnomon,gene,72991562,72997516,.,+,.,ID=gene-LOC124901672;Dbxref=GeneID:124901672;Name=LOC124901672;description=uncharacterized LOC124901672;gbkey=Gene;gene=LOC124901672;gene_biotype=lncRNA
1803801,NC_000007.14,BestRefSeq,gene,73019719,73029766,.,-,.,"ID=gene-SPDYE8;Dbxref=GeneID:728524,HGNC:HGNC:33771;Name=SPDYE8;description=speedy/RINGO cell cycle regulator family member E8;gbkey=Gene;gene=SPDYE8;gene_biotype=protein_coding;gene_synonym=SPDYE8P,SPDYE9"
1803818,NC_000007.14,BestRefSeq,gene,73047862,73057911,.,-,.,"ID=gene-SPDYE11;Dbxref=GeneID:100996746,HGNC:HGNC:51507;Name=SPDYE11;description=speedy/RINGO cell cycle regulator family member E11;gbkey=Gene;gene=SPDYE11;gene_biotype=protein_coding"
1803835,NC_000007.14,BestRefSeq%2CGnomon,gene,73075972,73086038,.,-,.,"ID=gene-SPDYE9;Dbxref=GeneID:643909,HGNC:HGNC:45034;Name=SPDYE9;description=speedy/RINGO cell cycle regulator family member E9;gbkey=Gene;gene=SPDYE9;gene_biotype=protein_coding;gene_synonym=SPDYE9P"
1803865,NC_000007.14,BestRefSeq%2CGnomon,gene,73104008,73155431,.,-,.,"ID=gene-SPDYE10;Dbxref=GeneID:643862,HGNC:HGNC:51506;Name=SPDYE10;description=speedy/RINGO cell cycle regulator family member E10;gbkey=Gene;gene=SPDYE10;gene_biotype=protein_coding;gene_synonym=SPDYE10P"
1803985,NC_000007.14,BestRefSeq%2CGnomon,gene,73302516,73308826,.,-,.,"ID=gene-NSUN5;Dbxref=GeneID:55695,HGNC:HGNC:16385,MIM:615732;Name=NSUN5;description=NOP2/Sun RNA methyltransferase 5;gbkey=Gene;gene=NSUN5;gene_biotype=protein_coding;gene_synonym=NOL1,NOL1R,NSUN5A,p120,p120(NOL1),WBSCR20,WBSCR20A"
1804085,NC_000007.14,BestRefSeq%2CGnomon,gene,73312536,73328082,.,-,.,"ID=gene-TRIM50;Dbxref=GeneID:135892,HGNC:HGNC:19017,MIM:612548;Name=TRIM50;description=tripartite motif containing 50;gbkey=Gene;gene=TRIM50;gene_biotype=protein_coding;gene_synonym=TRIM50A"
1804183,NC_000007.14,BestRefSeq%2CGnomon,gene,73328161,73358625,.,+,.,"ID=gene-FKBP6;Dbxref=GeneID:8468,HGNC:HGNC:3722,MIM:604839;Name=FKBP6;description=FKBP prolyl isomerase family member 6 (inactive);gbkey=Gene;gene=FKBP6;gene_biotype=protein_coding;gene_synonym=FKBP36,SPGF77"
1804319,NC_000007.14,BestRefSeq,gene,73433778,73436120,.,+,.,"ID=gene-FZD9;Dbxref=GeneID:8326,HGNC:HGNC:4047,MIM:601766;Name=FZD9;description=frizzled class receptor 9;gbkey=Gene;gene=FZD9;gene_biotype=protein_coding;gene_synonym=CD349,FZD3"
1804325,NC_000007.14,BestRefSeq%2CGnomon,gene,73440406,73522293,.,-,.,"ID=gene-BAZ1B;Dbxref=GeneID:9031,HGNC:HGNC:961,MIM:605681;Name=BAZ1B;description=bromodomain adjacent to zinc finger domain 1B;gbkey=Gene;gene=BAZ1B;gene_biotype=protein_coding;gene_synonym=WBSCR10,WBSCR9,WSTF"
1804445,NC_000007.14,BestRefSeq%2CGnomon,gene,73536356,73557690,.,-,.,"ID=gene-BCL7B;Dbxref=GeneID:9275,HGNC:HGNC:1005,MIM:605846;Name=BCL7B;description=BAF chromatin remodeling complex subunit BCL7B;gbkey=Gene;gene=BCL7B;gene_biotype=protein_coding;gene_synonym=SMARCJ2"
1804513,NC_000007.14,BestRefSeq%2CGnomon,gene,73567537,73578579,.,-,.,"ID=gene-TBL2;Dbxref=GeneID:26608,HGNC:HGNC:11586,MIM:605842;Name=TBL2;description=transducin beta like 2;gbkey=Gene;gene=TBL2;gene_biotype=protein_coding;gene_synonym=WBSCR13,WS-betaTRP"
1804693,NC_000007.14,BestRefSeq%2CGnomon,gene,73593202,73647907,.,-,.,"ID=gene-MLXIPL;Dbxref=GeneID:51085,HGNC:HGNC:12744,MIM:605678;Name=MLXIPL;description=MLX interacting protein like;gbkey=Gene;gene=MLXIPL;gene_biotype=protein_coding;gene_synonym=bHLHd14,CHREBP,MIO,MLX,MONDOB,WBSCR14,WS-bHLH"
1805213,NC_000007.14,BestRefSeq%2CGnomon,gene,73665347,73672110,.,+,.,"ID=gene-VPS37D;Dbxref=GeneID:155382,HGNC:HGNC:18287,MIM:610039;Name=VPS37D;description=VPS37D subunit of ESCRT-I;gbkey=Gene;gene=VPS37D;gene_biotype=protein_coding;gene_synonym=WBSCR24"
1805248,NC_000007.14,BestRefSeq,gene,73680918,73683453,.,-,.,"ID=gene-DNAJC30;Dbxref=GeneID:84277,HGNC:HGNC:16410,MIM:618202;Name=DNAJC30;description=DnaJ heat shock protein family (Hsp40) member C30;gbkey=Gene;gene=DNAJC30;gene_biotype=protein_coding;gene_synonym=LHONAR,LHONAR1,MC1DN38,WBSCR18"
1805256,NC_000007.14,BestRefSeq%2CGnomon,gene,73683597,73698212,.,+,.,"ID=gene-BUD23;Dbxref=GeneID:114049,HGNC:HGNC:16405,MIM:615733;Name=BUD23;description=BUD23 rRNA methyltransferase and ribosome maturation factor;gbkey=Gene;gene=BUD23;gene_biotype=protein_coding;gene_synonym=HASJ4442,HUSSY-3,MERM1,PP3381,WBMT,WBSCR22"
1805411,NC_000007.14,BestRefSeq%2CGnomon,gene,73699210,73719669,.,-,.,"ID=gene-STX1A;Dbxref=GeneID:6804,HGNC:HGNC:11433,MIM:186590;Name=STX1A;description=syntaxin 1A;gbkey=Gene;gene=STX1A;gene_biotype=protein_coding;gene_synonym=HPC-1,P35-1,STX1,SYN1A"
1805494,NC_000007.14,Gnomon,gene,73703090,73705188,.,+,.,ID=gene-LOC105375350;Dbxref=GeneID:105375350;Name=LOC105375350;description=uncharacterized LOC105375350;gbkey=Gene;gene=LOC105375350;gene_biotype=lncRNA
1805503,NC_000007.14,BestRefSeq,gene,73711317,73711397,.,+,.,"ID=gene-MIR4284;Dbxref=GeneID:100422948,HGNC:HGNC:38322,miRBase:MI0015893;Name=MIR4284;description=microRNA 4284;gbkey=Gene;gene=MIR4284;gene_biotype=miRNA;gene_synonym=mir-4284"
1805530,NC_000007.14,BestRefSeq%2CGnomon,gene,73736094,73738802,.,-,.,"ID=gene-ABHD11;Dbxref=GeneID:83451,HGNC:HGNC:16407;Name=ABHD11;description=abhydrolase domain containing 11;gbkey=Gene;gene=ABHD11;gene_biotype=protein_coding;gene_synonym=PP1226,WBSCR21"
1805652,NC_000007.14,BestRefSeq,gene,73768997,73770270,.,-,.,"ID=gene-CLDN3;Dbxref=GeneID:1365,HGNC:HGNC:2045,MIM:602910;Name=CLDN3;description=claudin 3;gbkey=Gene;gene=CLDN3;gene_biotype=protein_coding;gene_synonym=C7orf1,CPE-R2,CPETR2,HRVP1,RVP1"
1805671,NC_000007.14,BestRefSeq,gene,73830996,73832690,.,+,.,"ID=gene-CLDN4;Dbxref=GeneID:1364,HGNC:HGNC:2046,MIM:602909;Name=CLDN4;description=claudin 4;gbkey=Gene;gene=CLDN4;gene_biotype=protein_coding;gene_synonym=CPE-R,CPER,CPETR,CPETR1,hCPE-R,WBSCR8"
1805677,NC_000007.14,BestRefSeq%2CGnomon,gene,73834590,73842516,.,-,.,"ID=gene-METTL27;Dbxref=GeneID:155368,HGNC:HGNC:19068,MIM:612546;Name=METTL27;description=methyltransferase like 27;gbkey=Gene;gene=METTL27;gene_biotype=protein_coding;gene_synonym=WBSCR27"
1805734,NC_000007.14,BestRefSeq%2CGnomon,gene,73860848,73865890,.,+,.,"ID=gene-TMEM270;Dbxref=GeneID:135886,HGNC:HGNC:23018,MIM:612547;Name=TMEM270;description=transmembrane protein 270;gbkey=Gene;gene=TMEM270;gene_biotype=protein_coding;gene_synonym=WBSCR28"
1805772,NC_000007.14,BestRefSeq%2CGnomon,gene,74028173,74069907,.,+,.,"ID=gene-ELN;Dbxref=GeneID:2006,HGNC:HGNC:3327,MIM:130160;Name=ELN;description=elastin;gbkey=Gene;gene=ELN;gene_biotype=protein_coding;gene_synonym=ADCL1,SVAS,WBS,WS"
1809262,NC_000007.14,BestRefSeq,gene,74058905,74062280,.,-,.,"ID=gene-ELN-AS1;Dbxref=GeneID:107986809,HGNC:HGNC:40212;Name=ELN-AS1;description=ELN antisense RNA 1;gbkey=Gene;gene=ELN-AS1;gene_biotype=lncRNA;gene_synonym=CTB-51J22.1"
1809278,NC_000007.14,BestRefSeq,gene,74083804,74122525,.,+,.,"ID=gene-LIMK1;Dbxref=GeneID:3984,HGNC:HGNC:6613,MIM:601329;Name=LIMK1;description=LIM domain kinase 1;gbkey=Gene;gene=LIMK1;gene_biotype=protein_coding;gene_synonym=LIMK,LIMK-1"
1809381,NC_000007.14,BestRefSeq,gene,74174356,74197096,.,+,.,"ID=gene-EIF4H;Dbxref=GeneID:7458,HGNC:HGNC:12741,MIM:603431;Name=EIF4H;description=eukaryotic translation initiation factor 4H;gbkey=Gene;gene=EIF4H;gene_biotype=protein_coding;gene_synonym=eIF-4H,WBSCR1,WSCR1"
1809417,NC_000007.14,BestRefSeq,gene,74191198,74191294,.,+,.,"ID=gene-MIR590;Dbxref=GeneID:693175,HGNC:HGNC:32846,MIM:615070,miRBase:MI0003602;Name=MIR590;description=microRNA 590;gbkey=Gene;gene=MIR590;gene_biotype=miRNA;gene_synonym=hsa-mir-590,mir-590,MIRN590"
1809432,NC_000007.14,BestRefSeq%2CGnomon,gene,74210006,74229834,.,+,.,"ID=gene-LAT2;Dbxref=GeneID:7462,HGNC:HGNC:12749,MIM:605719;Name=LAT2;description=linker for activation of T cells family member 2;gbkey=Gene;gene=LAT2;gene_biotype=protein_coding;gene_synonym=HSPC046,LAB,NTAL,WBSCR15,WBSCR5,WSCR5"
1809579,NC_000007.14,BestRefSeq%2CGnomon,gene,74231502,74254399,.,-,.,"ID=gene-RFC2;Dbxref=GeneID:5982,HGNC:HGNC:9970,MIM:600404;Name=RFC2;description=replication factor C subunit 2;gbkey=Gene;gene=RFC2;gene_biotype=protein_coding;gene_synonym=RFC40"
1809746,NC_000007.14,Gnomon,gene,74280855,74289307,.,-,.,ID=gene-LOC107986742;Dbxref=GeneID:107986742;Name=LOC107986742;description=uncharacterized LOC107986742;gbkey=Gene;gene=LOC107986742;gene_biotype=lncRNA
1809757,NC_000007.14,BestRefSeq%2CGnomon,gene,74289407,74405935,.,+,.,"ID=gene-CLIP2;Dbxref=GeneID:7461,HGNC:HGNC:2586,MIM:603432;Name=CLIP2;description=CAP-Gly domain containing linker protein 2;gbkey=Gene;gene=CLIP2;gene_biotype=protein_coding;gene_synonym=CLIP,CLIP-115,CYLN2,WBSCR3,WBSCR4,WSCR3,WSCR4"
1809893,NC_000007.14,BestRefSeq%2CGnomon,gene,74453906,74602605,.,+,.,"ID=gene-GTF2IRD1;Dbxref=GeneID:9569,HGNC:HGNC:4661,MIM:604318;Name=GTF2IRD1;description=GTF2I repeat domain containing 1;gbkey=Gene;gene=GTF2IRD1;gene_biotype=protein_coding;gene_synonym=BEN,CREAM1,GTF3,hMusTRD1alpha1,MUSTRD1,RBAP2,WBS,WBSCR11,WBSCR12"
1810965,NC_000007.14,Gnomon,gene,74532592,74533213,.,+,.,ID=gene-WBSCR23;Dbxref=GeneID:107986810;Name=WBSCR23;description=Williams-Beuren syndrome chromosome region 23;gbkey=Gene;gene=WBSCR23;gene_biotype=lncRNA
1810978,NC_000007.14,BestRefSeq,gene,74595968,74596026,.,+,.,"ID=gene-MIR10525;Dbxref=GeneID:113218504,HGNC:HGNC:54015,miRBase:MI0033672;Name=MIR10525;description=microRNA 10525;gbkey=Gene;gene=MIR10525;gene_biotype=miRNA"
1811003,NC_000007.14,BestRefSeq,gene,74657718,74760692,.,+,.,"ID=gene-GTF2I;Dbxref=GeneID:2969,HGNC:HGNC:4659,MIM:601679;Name=GTF2I;description=general transcription factor IIi;gbkey=Gene;gene=GTF2I;gene_biotype=protein_coding;gene_synonym=BAP135,BTKAP1,DIWS,GTFII-I,IB291,SPIN,TFII-I,WBS,WBSCR6"
1811380,NC_000007.14,BestRefSeq,gene,74688937,74728918,.,-,.,"ID=gene-GTF2I-AS1;Dbxref=GeneID:101926943,HGNC:HGNC:55572;Name=GTF2I-AS1;description=GTF2I antisense RNA 1;gbkey=Gene;gene=GTF2I-AS1;gene_biotype=lncRNA"
1811396,NC_000007.14,BestRefSeq,gene,74774011,74789315,.,+,.,"ID=gene-NCF1;Dbxref=GeneID:653361,HGNC:HGNC:7660,MIM:608512;Name=NCF1;description=neutrophil cytosolic factor 1;gbkey=Gene;gene=NCF1;gene_biotype=protein_coding;gene_synonym=CGD1,NCF1A,NOXO2,p47phox,SH3PXD1A"
1811425,NC_000007.14,BestRefSeq,gene,74796151,74851605,.,-,.,"ID=gene-GTF2IRD2;Dbxref=GeneID:84163,HGNC:HGNC:30775,MIM:608899;Name=GTF2IRD2;description=GTF2I repeat domain containing 2;gbkey=Gene;gene=GTF2IRD2;gene_biotype=protein_coding;gene_synonym=FP630,GTF2IRD2 alpha,GTF2IRD2A"
1811962,NC_000007.14,Gnomon,gene,74875961,74883197,.,+,.,ID=gene-LOC124901673;Dbxref=GeneID:124901673;Name=LOC124901673;description=uncharacterized LOC124901673;gbkey=Gene;gene=LOC124901673;gene_biotype=lncRNA
1811997,NC_000007.14,BestRefSeq%2CGnomon,gene,74904289,74915078,.,-,.,"ID=gene-SPDYE12;Dbxref=GeneID:100101268,HGNC:HGNC:51508;Name=SPDYE12;description=speedy/RINGO cell cycle regulator family member E12;gbkey=Gene;gene=SPDYE12;gene_biotype=protein_coding;gene_synonym=SPDYE12P"
1812026,NC_000007.14,Gnomon,gene,74947737,74953309,.,+,.,ID=gene-LOC105375352;Dbxref=GeneID:105375352;Name=LOC105375352;description=uncharacterized LOC105375352;gbkey=Gene;gene=LOC105375352;gene_biotype=lncRNA
1812033,NC_000007.14,BestRefSeq,gene,74964705,75031528,.,+,.,"ID=gene-CASTOR2;Dbxref=GeneID:729438,HGNC:HGNC:37073,MIM:617033;Name=CASTOR2;description=cytosolic arginine sensor for mTORC1 subunit 2;gbkey=Gene;gene=CASTOR2;gene_biotype=protein_coding;gene_synonym=GATSL1,GATSL2"
1812059,NC_000007.14,BestRefSeq,gene,75027119,75073802,.,-,.,"ID=gene-RCC1L;Dbxref=GeneID:81554,HGNC:HGNC:14948,MIM:620739;Name=RCC1L;description=RCC1 like;gbkey=Gene;gene=RCC1L;gene_biotype=protein_coding;gene_synonym=WBSCR16"
1812153,NC_000007.14,BestRefSeq,gene,75092556,75149817,.,+,.,"ID=gene-GTF2IRD2B;Dbxref=GeneID:389524,HGNC:HGNC:33125,MIM:608900;Name=GTF2IRD2B;description=GTF2I repeat domain containing 2B;gbkey=Gene;gene=GTF2IRD2B;gene_biotype=protein_coding;gene_synonym=GTF2IRD2,GTF2IRD2A"
1812274,NC_000007.14,Gnomon,gene,75217170,75234485,.,+,.,ID=gene-LOC107986710;Dbxref=GeneID:107986710;Name=LOC107986710;description=uncharacterized LOC107986710;gbkey=Gene;gene=LOC107986710;gene_biotype=lncRNA
1812283,NC_000007.14,BestRefSeq%2CGnomon,gene,75237205,75317429,.,+,.,"ID=gene-SPDYE14;Dbxref=GeneID:641776,HGNC:HGNC:51510;Name=SPDYE14;description=speedy/RINGO cell cycle regulator family member E14;gbkey=Gene;gene=SPDYE14;gene_biotype=protein_coding;gene_synonym=SPDYE13,SPDYE14P"
1812346,NC_000007.14,BestRefSeq%2CGnomon,gene,75280790,75291806,.,+,.,"ID=gene-SPDYE13;Dbxref=GeneID:105180390,HGNC:HGNC:51509;Name=SPDYE13;description=speedy/RINGO cell cycle regulator family member E13;gbkey=Gene;gene=SPDYE13;gene_biotype=protein_coding;gene_synonym=SPDYE13P"
1812376,NC_000007.14,BestRefSeq%2CGnomon,gene,75335343,75347701,.,+,.,"ID=gene-SPDYE15;Dbxref=GeneID:105180391,HGNC:HGNC:51511;Name=SPDYE15;description=speedy/RINGO cell cycle regulator family member E15;gbkey=Gene;gene=SPDYE15;gene_biotype=protein_coding;gene_synonym=SPDYE15P"
1812426,NC_000007.14,Gnomon,gene,75366607,75373538,.,-,.,ID=gene-LOC124901677;Dbxref=GeneID:124901677;Name=LOC124901677;description=uncharacterized LOC124901677;gbkey=Gene;gene=LOC124901677;gene_biotype=lncRNA
1812439,NC_000007.14,BestRefSeq,gene,75395629,75405605,.,+,.,"ID=gene-TRIM73;Dbxref=GeneID:375593,HGNC:HGNC:18162,MIM:612549;Name=TRIM73;description=tripartite motif containing 73;gbkey=Gene;gene=TRIM73;gene_biotype=protein_coding;gene_synonym=TRIM50B"
1812452,NC_000007.14,Gnomon,gene,75407708,75410353,.,-,.,ID=gene-LOC124901676;Dbxref=GeneID:124901676;Name=LOC124901676;description=uncharacterized LOC124901676;gbkey=Gene;gene=LOC124901676;gene_biotype=lncRNA
1812480,NC_000007.14,BestRefSeq,gene,75416786,75486299,.,-,.,"ID=gene-POM121C;Dbxref=GeneID:100101267,HGNC:HGNC:34005,MIM:615754;Name=POM121C;description=POM121 transmembrane nucleoporin C;gbkey=Gene;gene=POM121C;gene_biotype=protein_coding;gene_synonym=POM121-2"
1812534,NC_000007.14,BestRefSeq%2CGnomon,gene,75491630,75504316,.,+,.,"ID=gene-SPDYE5;Dbxref=GeneID:442590,HGNC:HGNC:35464;Name=SPDYE5;description=speedy/RINGO cell cycle regulator family member E5;gbkey=Gene;gene=SPDYE5;gene_biotype=protein_coding"
1812596,NC_000007.14,BestRefSeq%2CGnomon,gene,75533298,75738941,.,-,.,"ID=gene-HIP1;Dbxref=GeneID:3092,HGNC:HGNC:4913,MIM:601767;Name=HIP1;description=huntingtin interacting protein 1;gbkey=Gene;gene=HIP1;gene_biotype=protein_coding;gene_synonym=HIP-I,ILWEQ,SHON,SHONbeta,SHONgamma"
1813134,NC_000007.14,BestRefSeq,gene,75769524,75791597,.,-,.,"ID=gene-CCL26;Dbxref=GeneID:10344,HGNC:HGNC:10625,MIM:604697;Name=CCL26;description=C-C motif chemokine ligand 26;gbkey=Gene;gene=CCL26;gene_biotype=protein_coding;gene_synonym=IMAC,MIP-4a,MIP-4alpha,SCYA26,TSC-1"
1813174,NC_000007.14,BestRefSeq%2CGnomon,gene,75810825,75823372,.,-,.,"ID=gene-CCL24;Dbxref=GeneID:6369,HGNC:HGNC:10623,MIM:602495;Name=CCL24;description=C-C motif chemokine ligand 24;gbkey=Gene;gene=CCL24;gene_biotype=protein_coding;gene_synonym=Ckb-6,MPIF-2,MPIF2,SCYA24"
1813211,NC_000007.14,BestRefSeq%2CGnomon,gene,75879034,75888926,.,+,.,"ID=gene-RHBDD2;Dbxref=GeneID:57414,HGNC:HGNC:23082,MIM:615203;Name=RHBDD2;description=rhomboid domain containing 2;gbkey=Gene;gene=RHBDD2;gene_biotype=protein_coding;gene_synonym=NPD007,RHBDL7"
1813285,NC_000007.14,Gnomon,gene,75912541,75914494,.,+,.,ID=gene-LOC124901680;Dbxref=GeneID:124901680;Name=LOC124901680;description=uncharacterized LOC124901680;gbkey=Gene;gene=LOC124901680;gene_biotype=lncRNA
1813293,NC_000007.14,BestRefSeq,gene,75915155,75986855,.,+,.,"ID=gene-POR;Dbxref=GeneID:5447,HGNC:HGNC:9208,MIM:124015;Name=POR;description=cytochrome p450 oxidoreductase;gbkey=Gene;gene=POR;gene_biotype=protein_coding;gene_synonym=CPR,CYPOR,P450R"
1813521,NC_000007.14,BestRefSeq,gene,75915197,75915269,.,+,.,"ID=gene-MIR4651;Dbxref=GeneID:100616270,HGNC:HGNC:41647,miRBase:MI0017279;Name=MIR4651;description=microRNA 4651;gbkey=Gene;gene=MIR4651;gene_biotype=miRNA;gene_synonym=mir-4651"
1813533,NC_000007.14,BestRefSeq,gene,75943783,75943916,.,+,.,"ID=gene-SNORA14A;Dbxref=GeneID:677801,HGNC:HGNC:32602;Name=SNORA14A;description=small nucleolar RNA%2C H/ACA box 14A;gbkey=Gene;gene=SNORA14A;gene_biotype=snoRNA;gene_synonym=ACA14a"
1813542,NC_000007.14,BestRefSeq%2CGnomon,gene,75986831,75994595,.,-,.,"ID=gene-TMEM120A;Dbxref=GeneID:83862,HGNC:HGNC:21697,MIM:616550;Name=TMEM120A;description=transmembrane protein 120A;gbkey=Gene;gene=TMEM120A;gene_biotype=protein_coding;gene_synonym=NET29,TACAN,TMPIT"
1813657,NC_000007.14,BestRefSeq%2CGnomon,gene,75996337,76048000,.,-,.,"ID=gene-STYXL1;Dbxref=GeneID:51657,HGNC:HGNC:18165,MIM:616695;Name=STYXL1;description=serine/threonine/tyrosine interacting like 1;gbkey=Gene;gene=STYXL1;gene_biotype=protein_coding;gene_synonym=DUSP24,MK-STYX,MKSTYX"
1813888,NC_000007.14,BestRefSeq,gene,76048106,76067508,.,+,.,"ID=gene-MDH2;Dbxref=GeneID:4191,HGNC:HGNC:6971,MIM:154100;Name=MDH2;description=malate dehydrogenase 2;gbkey=Gene;gene=MDH2;gene_biotype=protein_coding;gene_synonym=DEE51,EIEE51,M-MDH,MDH,MGC:3559,MOR1"
1813961,NC_000007.14,cmsearch,gene,76112798,76112896,.,+,.,ID=gene-LOC124901854;Dbxref=GeneID:124901854;Name=LOC124901854;description=small nucleolar RNA U13;gbkey=Gene;gene=LOC124901854;gene_biotype=snoRNA
1813973,NC_000007.14,Gnomon,gene,76151933,76164388,.,-,.,ID=gene-LOC124901674;Dbxref=GeneID:124901674;Name=LOC124901674;description=uncharacterized LOC124901674;gbkey=Gene;gene=LOC124901674;gene_biotype=lncRNA
1814001,NC_000007.14,BestRefSeq,gene,76201896,76287287,.,+,.,"ID=gene-SRRM3;Dbxref=GeneID:222183,HGNC:HGNC:26729;Name=SRRM3;description=serine/arginine repetitive matrix 3;gbkey=Gene;gene=SRRM3;gene_biotype=protein_coding"
1814074,NC_000007.14,Gnomon,gene,76250494,76259596,.,-,.,ID=gene-LOC124901679;Dbxref=GeneID:124901679;Name=LOC124901679;description=uncharacterized LOC124901679;gbkey=Gene;gene=LOC124901679;gene_biotype=lncRNA
1814108,NC_000007.14,BestRefSeq,gene,76302673,76304292,.,+,.,"ID=gene-HSPB1;Dbxref=GeneID:3315,HGNC:HGNC:5246,MIM:602195;Name=HSPB1;description=heat shock protein family B (small) member 1;gbkey=Gene;gene=HSPB1;gene_biotype=protein_coding;gene_synonym=CMT2F,HEL-S-102,HMN2B,HMND3,HS.76067,Hsp25,HSP27,HSP28,SRP27"
1814124,NC_000007.14,BestRefSeq,gene,76318247,76322286,.,+,.,"ID=gene-FPASL;Dbxref=GeneID:128266845,HGNC:HGNC:56688;Name=FPASL;description=fibroblast proliferation associated lncRNA;gbkey=Gene;gene=FPASL;gene_biotype=lncRNA"
1814128,NC_000007.14,BestRefSeq,gene,76326799,76358991,.,-,.,"ID=gene-YWHAG;Dbxref=GeneID:7532,HGNC:HGNC:12852,MIM:605356;Name=YWHAG;description=tyrosine 3-monooxygenase/tryptophan 5-monooxygenase activation protein gamma;gbkey=Gene;gene=YWHAG;gene_biotype=protein_coding;gene_synonym=14-3-3GAMMA,DEE56,EIEE56,PPP1R170"
1814156,NC_000007.14,BestRefSeq%2CGnomon,gene,76389337,76409697,.,-,.,"ID=gene-SSC4D;Dbxref=GeneID:136853,HGNC:HGNC:14461,MIM:607639;Name=SSC4D;description=scavenger receptor cysteine rich family member with 4 domains;gbkey=Gene;gene=SSC4D;gene_biotype=protein_coding;gene_synonym=S4D-SRCRB,SRCRB-S4D,SRCRB4D"
1814225,NC_000007.14,BestRefSeq,gene,76397522,76442069,.,+,.,"ID=gene-ZP3;Dbxref=GeneID:7784,HGNC:HGNC:13189,MIM:182889;Name=ZP3;description=zona pellucida glycoprotein 3;gbkey=Gene;gene=ZP3;gene_biotype=protein_coding;gene_synonym=OOMD3,OZEMA3,Zp-3,ZP3A,ZP3B,ZPC"
1814276,NC_000007.14,BestRefSeq%2CGnomon,gene,76461709,76505991,.,+,.,"ID=gene-DTX2;Dbxref=GeneID:113878,HGNC:HGNC:15973,MIM:613141;Name=DTX2;description=deltex E3 ubiquitin ligase 2;gbkey=Gene;gene=DTX2;gene_biotype=protein_coding;gene_synonym=RNF58"
1814697,NC_000007.14,Gnomon,gene,76508181,76510733,.,-,.,ID=gene-LOC124901675;Dbxref=GeneID:124901675;Name=LOC124901675;description=uncharacterized LOC124901675;gbkey=Gene;gene=LOC124901675;gene_biotype=lncRNA
1814705,NC_000007.14,BestRefSeq,gene,76510552,76516522,.,+,.,"ID=gene-UPK3B;Dbxref=GeneID:105375355,HGNC:HGNC:21444,MIM:611887;Name=UPK3B;description=uroplakin 3B;gbkey=Gene;gene=UPK3B;gene_biotype=protein_coding;gene_synonym=P35,UP3B,UPIIIB"
1814727,NC_000007.14,BestRefSeq%2CGnomon,gene,76531313,76543297,.,-,.,"ID=gene-SPDYE16;Dbxref=GeneID:102723555,HGNC:HGNC:51512;Name=SPDYE16;description=speedy/RINGO cell cycle regulator family member E16;gbkey=Gene;gene=SPDYE16;gene_biotype=protein_coding"
1814783,NC_000007.14,BestRefSeq,gene,76549341,76627982,.,+,.,"ID=gene-LINC03009;Dbxref=GeneID:100133091,HGNC:HGNC:56134;Name=LINC03009;description=long intergenic non-protein coding RNA 3009;gbkey=Gene;gene=LINC03009;gene_biotype=lncRNA"
1814792,NC_000007.14,BestRefSeq,gene,76609986,76627279,.,-,.,"ID=gene-POMZP3;Dbxref=GeneID:22932,HGNC:HGNC:9203,MIM:600587;Name=POMZP3;description=POM121 and ZP3 fusion;gbkey=Gene;gene=POMZP3;gene_biotype=protein_coding;gene_synonym=POM-ZP3"
1814826,NC_000007.14,Gnomon,gene,76902389,76919211,.,+,.,ID=gene-LOC105375358;Dbxref=GeneID:105375358;Name=LOC105375358;description=uncharacterized LOC105375358;gbkey=Gene;gene=LOC105375358;gene_biotype=lncRNA
1814864,NC_000007.14,BestRefSeq%2CGnomon,gene,77022306,77032361,.,-,.,"ID=gene-SPDYE17;Dbxref=GeneID:102723849,HGNC:HGNC:51513;Name=SPDYE17;description=speedy/RINGO cell cycle regulator family member E17;gbkey=Gene;gene=SPDYE17;gene_biotype=protein_coding"
1814900,NC_000007.14,BestRefSeq,gene,77050391,77062558,.,-,.,"ID=gene-SPDYE18;Dbxref=GeneID:100505767,HGNC:HGNC:51514;Name=SPDYE18;description=speedy/RINGO cell cycle regulator family member E18;gbkey=Gene;gene=SPDYE18;gene_biotype=protein_coding"
1814950,NC_000007.14,BestRefSeq%2CGnomon,gene,77122615,77295204,.,+,.,"ID=gene-CCDC146;Dbxref=GeneID:57639,HGNC:HGNC:29296,MIM:619829;Name=CCDC146;description=coiled-coil domain containing 146;gbkey=Gene;gene=CCDC146;gene_biotype=protein_coding;gene_synonym=MBO2,SPGF94"
1815275,NC_000007.14,Gnomon,gene,77126506,77166546,.,-,.,ID=gene-LOC124901678;Dbxref=GeneID:124901678;Name=LOC124901678;description=uncharacterized LOC124901678;gbkey=Gene;gene=LOC124901678;gene_biotype=lncRNA
1815282,NC_000007.14,BestRefSeq,gene,77193369,77199819,.,-,.,"ID=gene-FGL2;Dbxref=GeneID:10875,HGNC:HGNC:3696,MIM:605351;Name=FGL2;description=fibrinogen like 2;gbkey=Gene;gene=FGL2;gene_biotype=protein_coding;gene_synonym=pT49,T49"
1815292,NC_000007.14,Gnomon,gene,77221310,77248708,.,-,.,ID=gene-LOC105375359;Dbxref=GeneID:105375359;Name=LOC105375359;description=uncharacterized LOC105375359;gbkey=Gene;gene=LOC105375359;gene_biotype=lncRNA
1815298,NC_000007.14,Gnomon,gene,77252803,77278352,.,-,.,ID=gene-LOC102723791;Dbxref=GeneID:102723791;Name=LOC102723791;description=uncharacterized LOC102723791;gbkey=Gene;gene=LOC102723791;gene_biotype=lncRNA
1815320,NC_000007.14,BestRefSeq%2CGnomon,gene,77310751,77416630,.,-,.,"ID=gene-GSAP;Dbxref=GeneID:54103,HGNC:HGNC:28042,MIM:613552;Name=GSAP;description=gamma-secretase activating protein;gbkey=Gene;gene=GSAP;gene_biotype=protein_coding;gene_synonym=PION"
1816735,NC_000007.14,BestRefSeq,gene,77415198,77425444,.,+,.,ID=gene-LOC101927243;Dbxref=GeneID:101927243;Name=LOC101927243;description=uncharacterized LOC101927243;gbkey=Gene;gene=LOC101927243;gene_biotype=lncRNA
1816748,NC_000007.14,cmsearch,gene,77423683,77423788,.,-,.,ID=gene-LOC124901830;Dbxref=GeneID:124901830;Name=LOC124901830;description=small nucleolar RNA U13;gbkey=Gene;gene=LOC124901830;gene_biotype=snoRNA
1816764,NC_000007.14,Gnomon,gene,77515082,77536949,.,-,.,ID=gene-LOC124901681;Dbxref=GeneID:124901681;Name=LOC124901681;description=uncharacterized LOC124901681;gbkey=Gene;gene=LOC124901681;gene_biotype=lncRNA
1816785,NC_000007.14,BestRefSeq%2CGnomon,gene,77537295,77640069,.,+,.,"ID=gene-PTPN12;Dbxref=GeneID:5782,HGNC:HGNC:9645,MIM:600079;Name=PTPN12;description=protein tyrosine phosphatase non-receptor type 12;gbkey=Gene;gene=PTPN12;gene_biotype=protein_coding;gene_synonym=PTP-PEST,PTPG1"
1817145,NC_000007.14,Gnomon,gene,77653341,77658421,.,+,.,ID=gene-LOC105375363;Dbxref=GeneID:105375363;Name=LOC105375363;description=uncharacterized LOC105375363;gbkey=Gene;gene=LOC105375363;gene_biotype=lncRNA
1817153,NC_000007.14,BestRefSeq,gene,77657660,77697345,.,-,.,"ID=gene-APTR;Dbxref=GeneID:100505854,HGNC:HGNC:44173,MIM:616048;Name=APTR;description=Alu-mediated CDKN1A/p21 transcriptional regulator;gbkey=Gene;gene=APTR;gene_biotype=lncRNA;gene_synonym=RSBN1L-AS1"
1817179,NC_000007.14,BestRefSeq,gene,77696459,77783022,.,+,.,"ID=gene-RSBN1L;Dbxref=GeneID:222194,HGNC:HGNC:24765;Name=RSBN1L;description=round spermatid basic protein 1 like;gbkey=Gene;gene=RSBN1L;gene_biotype=protein_coding"
1817203,NC_000007.14,BestRefSeq,gene,77793728,77798434,.,-,.,"ID=gene-TMEM60;Dbxref=GeneID:85025,HGNC:HGNC:21754;Name=TMEM60;description=transmembrane protein 60;gbkey=Gene;gene=TMEM60;gene_biotype=protein_coding;gene_synonym=C7orf35,DC32"
1817212,NC_000007.14,BestRefSeq%2CGnomon,gene,77798773,77957504,.,+,.,"ID=gene-PHTF2;Dbxref=GeneID:57157,HGNC:HGNC:13411,MIM:616785;Name=PHTF2;description=putative homeodomain transcription factor 2;gbkey=Gene;gene=PHTF2;gene_biotype=protein_coding"
1817981,NC_000007.14,Gnomon,gene,77911004,77918705,.,-,.,ID=gene-LOC124901682;Dbxref=GeneID:124901682;Name=LOC124901682;description=uncharacterized LOC124901682;gbkey=Gene;gene=LOC124901682;gene_biotype=lncRNA
1817988,NC_000007.14,BestRefSeq,gene,77990391,77996366,.,+,.,"ID=gene-DDX3ILA1;Dbxref=GeneID:105375368,HGNC:HGNC:55358;Name=DDX3ILA1;description=DDX3 interacting lncRNA 1;gbkey=Gene;gene=DDX3ILA1;gene_biotype=lncRNA"
1817998,NC_000007.14,BestRefSeq%2CGnomon,gene,78017055,79453667,.,-,.,"ID=gene-MAGI2;Dbxref=GeneID:9863,HGNC:HGNC:18957,MIM:606382;Name=MAGI2;description=membrane associated guanylate kinase%2C WW and PDZ domain containing 2;gbkey=Gene;gene=MAGI2;gene_biotype=protein_coding;gene_synonym=ACVRIP1,AIP-1,AIP1,ARIP1,MAGI-2,NPHS15,SSCAM"
1818720,NC_000007.14,Gnomon,gene,78185186,78215243,.,+,.,ID=gene-LOC124901684;Dbxref=GeneID:124901684;Name=LOC124901684;description=uncharacterized LOC124901684;gbkey=Gene;gene=LOC124901684;gene_biotype=lncRNA
1818735,NC_000007.14,Gnomon,gene,78409562,78444765,.,-,.,ID=gene-LOC124901683;Dbxref=GeneID:124901683;Name=LOC124901683;description=uncharacterized LOC124901683;gbkey=Gene;gene=LOC124901683;gene_biotype=lncRNA
1818760,NC_000007.14,BestRefSeq,gene,79008988,79012277,.,+,.,"ID=gene-MAGI2-AS2;Dbxref=GeneID:100874021,HGNC:HGNC:40861;Name=MAGI2-AS2;description=MAGI2 antisense RNA 2;gbkey=Gene;gene=MAGI2-AS2;gene_biotype=lncRNA"
1818767,NC_000007.14,Gnomon,gene,79139789,79177196,.,+,.,ID=gene-LOC105375366;Dbxref=GeneID:105375366;Name=LOC105375366;description=uncharacterized LOC105375366;gbkey=Gene;gene=LOC105375366;gene_biotype=lncRNA
1818777,NC_000007.14,BestRefSeq,gene,79452957,79471208,.,+,.,"ID=gene-MAGI2-AS3;Dbxref=GeneID:100505881,HGNC:HGNC:40862;Name=MAGI2-AS3;description=MAGI2 antisense RNA 3;gbkey=Gene;gene=MAGI2-AS3;gene_biotype=lncRNA"
1818800,NC_000007.14,Gnomon,gene,79634609,79671171,.,+,.,ID=gene-LOC105375369;Dbxref=GeneID:105375369;Name=LOC105375369;description=uncharacterized LOC105375369;gbkey=Gene;gene=LOC105375369;gene_biotype=lncRNA
1818828,NC_000007.14,Gnomon,gene,79696919,79716464,.,+,.,ID=gene-LOC105375370;Dbxref=GeneID:105375370;Name=LOC105375370;description=uncharacterized LOC105375370;gbkey=Gene;gene=LOC105375370;gene_biotype=lncRNA
1818846,NC_000007.14,Gnomon,gene,79768025,79839246,.,+,.,ID=gene-LOC105375371;Dbxref=GeneID:105375371;Name=LOC105375371;description=uncharacterized LOC105375371;gbkey=Gene;gene=LOC105375371;gene_biotype=lncRNA
1818854,NC_000007.14,Gnomon,gene,79948670,79957124,.,+,.,ID=gene-LOC105375372;Dbxref=GeneID:105375372;Name=LOC105375372;description=uncharacterized LOC105375372;gbkey=Gene;gene=LOC105375372;gene_biotype=lncRNA
1818864,NC_000007.14,BestRefSeq,gene,80134831,80226181,.,+,.,"ID=gene-GNAI1;Dbxref=GeneID:2770,HGNC:HGNC:4384,MIM:139310;Name=GNAI1;description=G protein subunit alpha i1;gbkey=Gene;gene=GNAI1;gene_biotype=protein_coding;gene_synonym=Gi,HG1B,NEDHISB"
1818900,NC_000007.14,Gnomon,gene,80245531,80249058,.,-,.,ID=gene-LOC107986743;Dbxref=GeneID:107986743;Name=LOC107986743;description=uncharacterized LOC107986743;gbkey=Gene;gene=LOC107986743;gene_biotype=lncRNA
1818908,NC_000007.14,Gnomon,gene,80302258,80312456,.,-,.,ID=gene-LOC107986744;Dbxref=GeneID:107986744;Name=LOC107986744;description=uncharacterized LOC107986744;gbkey=Gene;gene=LOC107986744;gene_biotype=lncRNA
1818914,NC_000007.14,Gnomon,gene,80330193,80334953,.,-,.,ID=gene-LOC105375373;Dbxref=GeneID:105375373;Name=LOC105375373;description=uncharacterized LOC105375373;gbkey=Gene;gene=LOC105375373;gene_biotype=lncRNA
1818926,NC_000007.14,BestRefSeq,gene,80371517,80374439,.,-,.,ID=gene-LOC101927269;Dbxref=GeneID:101927269;Name=LOC101927269;description=uncharacterized LOC101927269;gbkey=Gene;gene=LOC101927269;gene_biotype=lncRNA
1818933,NC_000007.14,BestRefSeq,gene,80458635,80512064,.,-,.,"ID=gene-GNAT3;Dbxref=GeneID:346562,HGNC:HGNC:22800,MIM:139395;Name=GNAT3;description=G protein subunit alpha transducin 3;gbkey=Gene;gene=GNAT3;gene_biotype=protein_coding;gene_synonym=GDCA,HG1E"
1818953,NC_000007.14,Gnomon,gene,80486467,80514598,.,+,.,ID=gene-LOC107986812;Dbxref=GeneID:107986812;Name=LOC107986812;description=uncharacterized LOC107986812;gbkey=Gene;gene=LOC107986812;gene_biotype=lncRNA
1818958,NC_000007.14,Gnomon,gene,80524847,80546667,.,+,.,ID=gene-LOC124901685;Dbxref=GeneID:124901685;Name=LOC124901685;description=uncharacterized LOC124901685;gbkey=Gene;gene=LOC124901685;gene_biotype=lncRNA
1818969,NC_000007.14,BestRefSeq%2CGnomon,gene,80602207,80679274,.,+,.,"ID=gene-CD36;Dbxref=GeneID:948,HGNC:HGNC:1663,MIM:173510;Name=CD36;description=CD36 molecule (CD36 blood group);gbkey=Gene;gene=CD36;gene_biotype=protein_coding;gene_synonym=BDPLT10,CHDS7,FAT,GP3B,GP4,GPIV,PASIV,SCARB3"
1819715,NC_000007.14,BestRefSeq,gene,80742538,80922389,.,-,.,"ID=gene-SEMA3C;Dbxref=GeneID:10512,HGNC:HGNC:10725,MIM:602645;Name=SEMA3C;description=semaphorin 3C;gbkey=Gene;gene=SEMA3C;gene_biotype=protein_coding;gene_synonym=SEMAE,SemE"
1819829,NC_000007.14,Gnomon,gene,80792105,80797783,.,-,.,ID=gene-LOC124901686;Dbxref=GeneID:124901686;Name=LOC124901686;description=uncharacterized LOC124901686;gbkey=Gene;gene=LOC124901686;gene_biotype=lncRNA
1819858,NC_000007.14,BestRefSeq,gene,81515747,81561819,.,-,.,ID=gene-LOC105369146;Dbxref=GeneID:105369146;Name=LOC105369146;description=uncharacterized LOC105369146;gbkey=Gene;gene=LOC105369146;gene_biotype=lncRNA
1819867,NC_000007.14,BestRefSeq,gene,81576386,81691406,.,-,.,ID=gene-LOC100128317;Dbxref=GeneID:100128317;Name=LOC100128317;description=uncharacterized LOC100128317;gbkey=Gene;gene=LOC100128317;gene_biotype=lncRNA
1819900,NC_000007.14,BestRefSeq%2CGnomon,gene,81699010,81770047,.,-,.,"ID=gene-HGF;Dbxref=GeneID:3082,HGNC:HGNC:4893,MIM:142409;Name=HGF;description=hepatocyte growth factor;gbkey=Gene;gene=HGF;gene_biotype=protein_coding;gene_synonym=DFNB39,F-TCF,HGFB,HPTA,SF"
1820044,NC_000007.14,BestRefSeq%2CGnomon,gene,81946444,82443956,.,-,.,"ID=gene-CACNA2D1;Dbxref=GeneID:781,HGNC:HGNC:1399,MIM:114204;Name=CACNA2D1;description=calcium voltage-gated channel auxiliary subunit alpha2delta 1;gbkey=Gene;gene=CACNA2D1;gene_biotype=protein_coding;gene_synonym=CACNA2,CACNL2A,CCHL2A,DEE110,LINC01112,lncRNA-N3"
1821249,NC_000007.14,BestRefSeq,gene,82009177,82029955,.,+,.,"ID=gene-CACNA2D1-AS1;Dbxref=GeneID:101927356,HGNC:HGNC:40120;Name=CACNA2D1-AS1;description=CACNA2D1 antisense RNA 1;gbkey=Gene;gene=CACNA2D1-AS1;gene_biotype=lncRNA"
1821261,NC_000007.14,Gnomon,gene,82094755,82111294,.,-,.,ID=gene-LOC124901687;Dbxref=GeneID:124901687;Name=LOC124901687;description=uncharacterized LOC124901687;gbkey=Gene;gene=LOC124901687;gene_biotype=lncRNA
1821267,NC_000007.14,Gnomon,gene,82323265,82335128,.,-,.,ID=gene-LOC107986813;Dbxref=GeneID:107986813;Name=LOC107986813;description=uncharacterized LOC107986813;gbkey=Gene;gene=LOC107986813;gene_biotype=lncRNA
1821271,NC_000007.14,Gnomon,gene,82341267,82354347,.,+,.,ID=gene-LOC124901688;Dbxref=GeneID:124901688;Name=LOC124901688;description=uncharacterized LOC124901688;gbkey=Gene;gene=LOC124901688;gene_biotype=lncRNA
1821289,NC_000007.14,Gnomon,gene,82690709,82695876,.,-,.,ID=gene-LOC105375376;Dbxref=GeneID:105375376;Name=LOC105375376;description=uncharacterized LOC105375376;gbkey=Gene;gene=LOC105375376;gene_biotype=lncRNA
1821304,NC_000007.14,BestRefSeq%2CGnomon,gene,82754012,83162884,.,-,.,"ID=gene-PCLO;Dbxref=GeneID:27445,HGNC:HGNC:13406,MIM:604918;Name=PCLO;description=piccolo presynaptic cytomatrix protein;gbkey=Gene;gene=PCLO;gene_biotype=protein_coding;gene_synonym=ACZ,PCH3"
1821634,NC_000007.14,Gnomon,gene,83168182,83175460,.,-,.,ID=gene-LOC105375377;Dbxref=GeneID:105375377;Name=LOC105375377;description=uncharacterized LOC105375377;gbkey=Gene;gene=LOC105375377;gene_biotype=lncRNA
1821645,NC_000007.14,BestRefSeq,gene,83363238,83649139,.,-,.,"ID=gene-SEMA3E;Dbxref=GeneID:9723,HGNC:HGNC:10727,MIM:608166;Name=SEMA3E;description=semaphorin 3E;gbkey=Gene;gene=SEMA3E;gene_biotype=protein_coding;gene_synonym=coll-5,M-SEMAH,M-SemaK,SEMAH"
1821723,NC_000007.14,Gnomon,gene,83471733,83482249,.,-,.,ID=gene-LOC105375378;Dbxref=GeneID:105375378;Name=LOC105375378;description=uncharacterized LOC105375378;gbkey=Gene;gene=LOC105375378;gene_biotype=lncRNA
1821749,NC_000007.14,Gnomon,gene,83918435,83927877,.,-,.,ID=gene-LOC107986745;Dbxref=GeneID:107986745;Name=LOC107986745;description=uncharacterized LOC107986745;gbkey=Gene;gene=LOC107986745;gene_biotype=lncRNA
1821754,NC_000007.14,BestRefSeq%2CGnomon,gene,83955777,84492725,.,-,.,"ID=gene-SEMA3A;Dbxref=GeneID:10371,HGNC:HGNC:10723,MIM:603961;Name=SEMA3A;description=semaphorin 3A;gbkey=Gene;gene=SEMA3A;gene_biotype=protein_coding;gene_synonym=coll-1,COLL1,HH16,Hsema-I,Hsema-III,SEMA1,SEMAD,SEMAIII,SEMAL,SemD"
1821910,NC_000007.14,BestRefSeq,gene,84532476,84584318,.,+,.,"ID=gene-LINC03017;Dbxref=GeneID:101927378,HGNC:HGNC:56146;Name=LINC03017;description=long intergenic non-protein coding RNA 3017;gbkey=Gene;gene=LINC03017;gene_biotype=lncRNA"
1821943,NC_000007.14,BestRefSeq%2CGnomon,gene,84995553,85250243,.,-,.,"ID=gene-SEMA3D;Dbxref=GeneID:223117,HGNC:HGNC:10726,MIM:609907;Name=SEMA3D;description=semaphorin 3D;gbkey=Gene;gene=SEMA3D;gene_biotype=protein_coding;gene_synonym=coll-2,Sema-Z2"
1822205,NC_000007.14,BestRefSeq,gene,85421122,85489338,.,+,.,"ID=gene-LINC00972;Dbxref=GeneID:105375380,HGNC:HGNC:48826;Name=LINC00972;description=long intergenic non-protein coding RNA 972;gbkey=Gene;gene=LINC00972;gene_biotype=lncRNA"
1822232,NC_000007.14,BestRefSeq%2CGnomon,gene,86643909,86864879,.,+,.,"ID=gene-GRM3;Dbxref=GeneID:2913,HGNC:HGNC:4595,MIM:601115;Name=GRM3;description=glutamate metabotropic receptor 3;gbkey=Gene;gene=GRM3;gene_biotype=protein_coding;gene_synonym=GLUR3,GPRC1C,mGlu3,MGLUR3"
1822282,NC_000007.14,Gnomon,gene,86771484,86803436,.,-,.,"ID=gene-GRM3-AS1;Dbxref=GeneID:105375382,HGNC:HGNC:40264;Name=GRM3-AS1;description=GRM3 antisense RNA 1;gbkey=Gene;gene=GRM3-AS1;gene_biotype=lncRNA"
1822329,NC_000007.14,BestRefSeq%2CGnomon,gene,86876906,87059654,.,-,.,"ID=gene-ELAPOR2;Dbxref=GeneID:222223,HGNC:HGNC:21945,MIM:614048;Name=ELAPOR2;description=endosome-lysosome associated apoptosis and autophagy regulator family member 2;gbkey=Gene;gene=ELAPOR2;gene_biotype=protein_coding;gene_synonym=EIG121L,KIAA1324L"
1822805,NC_000007.14,Gnomon,gene,87108631,87117737,.,+,.,ID=gene-LOC124901689;Dbxref=GeneID:124901689;Name=LOC124901689;description=uncharacterized LOC124901689;gbkey=Gene;gene=LOC124901689;gene_biotype=protein_coding
1822813,NC_000007.14,BestRefSeq,gene,87151423,87152493,.,-,.,"ID=gene-DMTF1-AS1;Dbxref=GeneID:101927420,HGNC:HGNC:55864;Name=DMTF1-AS1;description=DMTF1 antisense RNA 1;gbkey=Gene;gene=DMTF1-AS1;gene_biotype=lncRNA"
1822825,NC_000007.14,BestRefSeq%2CGnomon,gene,87152453,87196325,.,+,.,"ID=gene-DMTF1;Dbxref=GeneID:9988,HGNC:HGNC:14603,MIM:608491;Name=DMTF1;description=cyclin D binding myb like transcription factor 1;gbkey=Gene;gene=DMTF1;gene_biotype=protein_coding;gene_synonym=DMP1,DMTF,hDMP1,MRUL"
1824672,NC_000007.14,BestRefSeq%2CGnomon,gene,87196160,87220587,.,-,.,"ID=gene-TMEM243;Dbxref=GeneID:79161,HGNC:HGNC:21707,MIM:616993;Name=TMEM243;description=transmembrane protein 243;gbkey=Gene;gene=TMEM243;gene_biotype=protein_coding;gene_synonym=C7orf23,MM-TRAG,MMTRAG"
1824751,NC_000007.14,Gnomon,gene,87197718,87202754,.,+,.,ID=gene-LOC105375384;Dbxref=GeneID:105375384;Name=LOC105375384;description=uncharacterized LOC105375384;gbkey=Gene;gene=LOC105375384;gene_biotype=lncRNA
1824767,NC_000007.14,BestRefSeq,gene,87325347,87345492,.,-,.,"ID=gene-TP53TG1;Dbxref=GeneID:11257,HGNC:HGNC:17026,MIM:616403;Name=TP53TG1;description=TP53 target 1;gbkey=Gene;gene=TP53TG1;gene_biotype=lncRNA;gene_synonym=LINC00096,NCRNA00096,P53TG1,P53TG1-D,TP53AP1,TP53LC12"
1824778,NC_000007.14,BestRefSeq%2CGnomon,gene,87345664,87399794,.,+,.,"ID=gene-CROT;Dbxref=GeneID:54677,HGNC:HGNC:2366,MIM:606090;Name=CROT;description=carnitine O-octanoyltransferase;gbkey=Gene;gene=CROT;gene_biotype=protein_coding;gene_synonym=COT"
1824893,NC_000007.14,BestRefSeq%2CGnomon,gene,87365896,87476027,.,-,.,"ID=gene-ABCB4;Dbxref=GeneID:5244,HGNC:HGNC:45,MIM:171060;Name=ABCB4;description=ATP binding cassette subfamily B member 4;gbkey=Gene;gene=ABCB4;gene_biotype=protein_coding;gene_synonym=ABC21,GBD1,ICP3,MDR2,MDR2/3,MDR3,PFIC-3,PGY3"
1825696,NC_000007.14,BestRefSeq,gene,87503017,87713295,.,-,.,"ID=gene-ABCB1;Dbxref=GeneID:5243,HGNC:HGNC:40,MIM:171050;Name=ABCB1;description=ATP binding cassette subfamily B member 1;gbkey=Gene;gene=ABCB1;gene_biotype=protein_coding;gene_synonym=ABC20,CD243,CLCS,GP170,MDR1,p-170,P-GP,PGY1"
1825938,NC_000007.14,cmsearch,gene,87624157,87624258,.,+,.,ID=gene-LOC124901834;Dbxref=GeneID:124901834;Name=LOC124901834;description=small nucleolar RNA U13;gbkey=Gene;gene=LOC124901834;gene_biotype=snoRNA
1825944,NC_000007.14,BestRefSeq,gene,87628398,87832296,.,+,.,"ID=gene-RUNDC3B;Dbxref=GeneID:154661,HGNC:HGNC:30286,MIM:617295;Name=RUNDC3B;description=RUN domain containing 3B;gbkey=Gene;gene=RUNDC3B;gene_biotype=protein_coding;gene_synonym=RPIB9,RPIP9"
1826141,NC_000007.14,BestRefSeq,gene,87833568,87876360,.,-,.,"ID=gene-SLC25A40;Dbxref=GeneID:55972,HGNC:HGNC:29680,MIM:610821;Name=SLC25A40;description=solute carrier family 25 member 40;gbkey=Gene;gene=SLC25A40;gene_biotype=protein_coding;gene_synonym=MCFP"
1826173,NC_000007.14,BestRefSeq,gene,87876493,87909553,.,+,.,"ID=gene-DBF4;Dbxref=GeneID:10926,HGNC:HGNC:17364,MIM:604281;Name=DBF4;description=DBF4-CDC7 kinase regulatory subunit;gbkey=Gene;gene=DBF4;gene_biotype=protein_coding;gene_synonym=ASK,CHIF,DBF4A,ZDBF1"
1826255,NC_000007.14,Gnomon,gene,87913712,87926732,.,-,.,ID=gene-LOC124901690;Dbxref=GeneID:124901690;Name=LOC124901690;description=uncharacterized LOC124901690;gbkey=Gene;gene=LOC124901690;gene_biotype=lncRNA
1826264,NC_000007.14,BestRefSeq%2CGnomon,gene,87934251,88202889,.,+,.,"ID=gene-ADAM22;Dbxref=GeneID:53616,HGNC:HGNC:201,MIM:603709;Name=ADAM22;description=ADAM metallopeptidase domain 22;gbkey=Gene;gene=ADAM22;gene_biotype=protein_coding;gene_synonym=ADAM 22,DEE61,EIEE61,MDC2"
1828300,NC_000007.14,Gnomon,gene,88140104,88157285,.,-,.,ID=gene-LOC105375386;Dbxref=GeneID:105375386;Name=LOC105375386;description=uncharacterized LOC105375386;gbkey=Gene;gene=LOC105375386;gene_biotype=lncRNA
1828324,NC_000007.14,BestRefSeq,gene,88205115,88226976,.,-,.,"ID=gene-SRI;Dbxref=GeneID:6717,HGNC:HGNC:11292,MIM:182520;Name=SRI;description=sorcin;gbkey=Gene;gene=SRI;gene_biotype=protein_coding;gene_synonym=CP-22,CP22,SCN,V19"
1828389,NC_000007.14,Gnomon,gene,88214576,88216584,.,-,.,ID=gene-LOC124901691;Dbxref=GeneID:124901691;Name=LOC124901691;description=uncharacterized LOC124901691;gbkey=Gene;gene=LOC124901691;gene_biotype=lncRNA
1828393,NC_000007.14,BestRefSeq,gene,88216660,88229768,.,+,.,"ID=gene-SRI-AS1;Dbxref=GeneID:102723885,HGNC:HGNC:40564;Name=SRI-AS1;description=SRI antisense RNA 1;gbkey=Gene;gene=SRI-AS1;gene_biotype=lncRNA"
1828406,NC_000007.14,BestRefSeq,gene,88270892,88306894,.,-,.,"ID=gene-STEAP4;Dbxref=GeneID:79689,HGNC:HGNC:21923,MIM:611098;Name=STEAP4;description=STEAP4 metalloreductase;gbkey=Gene;gene=STEAP4;gene_biotype=protein_coding;gene_synonym=SchLAH,STAMP2,TIARP,TNFAIP9"
1828436,NC_000007.14,Gnomon,gene,88291487,88333301,.,+,.,ID=gene-LOC124901692;Dbxref=GeneID:124901692;Name=LOC124901692;description=uncharacterized LOC124901692;gbkey=Gene;gene=LOC124901692;gene_biotype=lncRNA
1828440,NC_000007.14,Gnomon,gene,88333865,88366770,.,+,.,ID=gene-LOC107986815;Dbxref=GeneID:107986815;Name=LOC107986815;description=uncharacterized LOC107986815;gbkey=Gene;gene=LOC107986815;gene_biotype=lncRNA
1828447,NC_000007.14,cmsearch,gene,88449092,88449231,.,-,.,ID=gene-LOC124900238;Dbxref=GeneID:124900238;Name=LOC124900238;description=small nucleolar RNA SNORA67;gbkey=Gene;gene=LOC124900238;gene_biotype=snoRNA
1828464,NC_000007.14,Gnomon,gene,88681171,88744197,.,+,.,ID=gene-LOC107986816;Dbxref=GeneID:107986816;Name=LOC107986816;description=uncharacterized LOC107986816;gbkey=Gene;gene=LOC107986816;gene_biotype=lncRNA
1828470,NC_000007.14,BestRefSeq,gene,88759700,89338528,.,+,.,"ID=gene-ZNF804B;Dbxref=GeneID:219578,HGNC:HGNC:21958;Name=ZNF804B;description=zinc finger protein 804B;gbkey=Gene;gene=ZNF804B;gene_biotype=protein_coding"
1828482,NC_000007.14,BestRefSeq,gene,88794106,88795737,.,-,.,"ID=gene-TEX47;Dbxref=GeneID:219557,HGNC:HGNC:22402;Name=TEX47;description=testis expressed 47;gbkey=Gene;gene=TEX47;gene_biotype=protein_coding;gene_synonym=C7orf62,DYBLUF"
1828493,NC_000007.14,BestRefSeq,gene,89443930,89496918,.,+,.,ID=gene-LOC105375387;Dbxref=GeneID:105375387;Name=LOC105375387;description=uncharacterized LOC105375387;gbkey=Gene;gene=LOC105375387;gene_biotype=lncRNA;gene_synonym=PRALR
1828594,NC_000007.14,Gnomon,gene,89555845,89561405,.,-,.,ID=gene-LOC107986817;Dbxref=GeneID:107986817;Name=LOC107986817;description=uncharacterized LOC107986817;gbkey=Gene;gene=LOC107986817;gene_biotype=lncRNA
1828602,NC_000007.14,BestRefSeq,gene,89882353,90211635,.,-,.,"ID=gene-STEAP2-AS1;Dbxref=GeneID:100874100,HGNC:HGNC:40820;Name=STEAP2-AS1;description=STEAP2 antisense RNA 1;gbkey=Gene;gene=STEAP2-AS1;gene_biotype=lncRNA"
1828616,NC_000007.14,BestRefSeq,gene,90154469,90164827,.,+,.,"ID=gene-STEAP1;Dbxref=GeneID:26872,HGNC:HGNC:11378,MIM:604415;Name=STEAP1;description=STEAP family member 1;gbkey=Gene;gene=STEAP1;gene_biotype=protein_coding;gene_synonym=PRSS24,STEAP"
1828635,NC_000007.14,BestRefSeq%2CGnomon,gene,90211740,90243408,.,+,.,"ID=gene-STEAP2;Dbxref=GeneID:261729,HGNC:HGNC:17885,MIM:605094;Name=STEAP2;description=STEAP2 metalloreductase;gbkey=Gene;gene=STEAP2;gene_biotype=protein_coding;gene_synonym=IPCA1,PCANAP1,PUMPCn,STAMP1,STMP"
1828916,NC_000007.14,Gnomon,gene,90237587,90245131,.,-,.,ID=gene-LOC107986819;Dbxref=GeneID:107986819;Name=LOC107986819;description=uncharacterized LOC107986819;gbkey=Gene;gene=LOC107986819;gene_biotype=lncRNA
1828923,NC_000007.14,BestRefSeq%2CGnomon,gene,90245174,90323723,.,+,.,"ID=gene-CFAP69;Dbxref=GeneID:79846,HGNC:HGNC:26107,MIM:617949;Name=CFAP69;description=cilia and flagella associated protein 69;gbkey=Gene;gene=CFAP69;gene_biotype=protein_coding;gene_synonym=C7orf63,FAP69,SPGF24"
1830169,NC_000007.14,BestRefSeq,gene,90316807,90321304,.,-,.,"ID=gene-FAM237B;Dbxref=GeneID:107986818,HGNC:HGNC:53217;Name=FAM237B;description=family with sequence similarity 237 member B;gbkey=Gene;gene=FAM237B;gene_biotype=protein_coding"
1830175,NC_000007.14,Gnomon,gene,90331618,90359038,.,-,.,ID=gene-LOC107986715;Dbxref=GeneID:107986715;Name=LOC107986715;description=uncharacterized LOC107986715;gbkey=Gene;gene=LOC107986715;gene_biotype=lncRNA
1830181,NC_000007.14,BestRefSeq,gene,90335223,90344094,.,+,.,ID=gene-LOC101927446;Dbxref=GeneID:101927446;Name=LOC101927446;description=uncharacterized LOC101927446;gbkey=Gene;gene=LOC101927446;gene_biotype=lncRNA
1830193,NC_000007.14,BestRefSeq,gene,90346716,90391453,.,+,.,"ID=gene-GTPBP10;Dbxref=GeneID:85865,HGNC:HGNC:25106,MIM:610920;Name=GTPBP10;description=GTP binding protein 10;gbkey=Gene;gene=GTPBP10;gene_biotype=protein_coding;gene_synonym=ObgH2,UG0751c10"
1830235,NC_000007.14,BestRefSeq,gene,90403461,90415954,.,+,.,"ID=gene-CLDN12;Dbxref=GeneID:9069,HGNC:HGNC:2034,MIM:611232;Name=CLDN12;description=claudin 12;gbkey=Gene;gene=CLDN12;gene_biotype=protein_coding"
1830256,NC_000007.14,BestRefSeq,gene,90469639,90513397,.,+,.,"ID=gene-PTTG1IP2;Dbxref=GeneID:102723899,HGNC:HGNC:55318;Name=PTTG1IP2;description=PTTG1IP family member 2;gbkey=Gene;gene=PTTG1IP2;gene_biotype=protein_coding"
1830273,NC_000007.14,Gnomon,gene,90509233,90513397,.,+,.,ID=gene-LOC124901693;Dbxref=GeneID:124901693;Name=LOC124901693;description=uncharacterized LOC124901693;gbkey=Gene;gene=LOC124901693;gene_biotype=protein_coding
1830287,NC_000007.14,BestRefSeq,gene,90596321,91210590,.,+,.,"ID=gene-CDK14;Dbxref=GeneID:5218,HGNC:HGNC:8883,MIM:610679;Name=CDK14;description=cyclin dependent kinase 14;gbkey=Gene;gene=CDK14;gene_biotype=protein_coding;gene_synonym=PFTAIRE1,PFTK1"
1830404,NC_000007.14,cmsearch,gene,90607004,90607108,.,-,.,ID=gene-LOC124901839;Dbxref=GeneID:124901839;Name=LOC124901839;description=small nucleolar RNA U13;gbkey=Gene;gene=LOC124901839;gene_biotype=snoRNA
1830428,NC_000007.14,Gnomon,gene,90795462,90802909,.,+,.,ID=gene-LOC124901694;Dbxref=GeneID:124901694;Name=LOC124901694;description=uncharacterized LOC124901694;gbkey=Gene;gene=LOC124901694;gene_biotype=lncRNA
1830451,NC_000007.14,BestRefSeq,gene,91264433,91271326,.,+,.,"ID=gene-FZD1;Dbxref=GeneID:8321,HGNC:HGNC:4038,MIM:603408;Name=FZD1;description=frizzled class receptor 1;gbkey=Gene;gene=FZD1;gene_biotype=protein_coding"
1830461,NC_000007.14,Gnomon,gene,91284499,91287432,.,-,.,ID=gene-LOC124901695;Dbxref=GeneID:124901695;Name=LOC124901695;description=uncharacterized LOC124901695;gbkey=Gene;gene=LOC124901695;gene_biotype=lncRNA
1830467,NC_000007.14,BestRefSeq,gene,91311325,91515425,.,+,.,"ID=gene-LINC02932;Dbxref=GeneID:105375392,HGNC:HGNC:55875;Name=LINC02932;description=long intergenic non-protein coding RNA 2932;gbkey=Gene;gene=LINC02932;gene_biotype=lncRNA"
1830538,NC_000007.14,Gnomon,gene,91367552,91368641,.,-,.,ID=gene-LOC107986716;Dbxref=GeneID:107986716;Name=LOC107986716;description=uncharacterized LOC107986716;gbkey=Gene;gene=LOC107986716;gene_biotype=lncRNA
1830543,NC_000007.14,Gnomon,gene,91374971,91380863,.,-,.,ID=gene-LOC101927473;Dbxref=GeneID:101927473;Name=LOC101927473;description=uncharacterized LOC101927473;gbkey=Gene;gene=LOC101927473;gene_biotype=lncRNA
1830572,NC_000007.14,Gnomon,gene,91625943,91635364,.,-,.,ID=gene-LOC124901697;Dbxref=GeneID:124901697;Name=LOC124901697;description=uncharacterized LOC124901697;gbkey=Gene;gene=LOC124901697;gene_biotype=lncRNA
1830582,NC_000007.14,Gnomon,gene,91800991,91802523,.,-,.,ID=gene-LOC124901696;Dbxref=GeneID:124901696;Name=LOC124901696;description=uncharacterized LOC124901696;gbkey=Gene;gene=LOC124901696;gene_biotype=lncRNA
1830586,NC_000007.14,BestRefSeq%2CGnomon,gene,91870929,91880702,.,-,.,"ID=gene-MTERF1;Dbxref=GeneID:7978,HGNC:HGNC:21463,MIM:602318;Name=MTERF1;description=mitochondrial transcription termination factor 1;gbkey=Gene;gene=MTERF1;gene_biotype=protein_coding;gene_synonym=MTERF"
1830621,NC_000007.14,Gnomon,gene,91880802,91886480,.,+,.,ID=gene-LOC112267986;Dbxref=GeneID:112267986;Name=LOC112267986;description=uncharacterized LOC112267986;gbkey=Gene;gene=LOC112267986;gene_biotype=lncRNA
1830625,NC_000007.14,Gnomon,gene,91939850,91940851,.,-,.,ID=gene-LOC124901698;Dbxref=GeneID:124901698;Name=LOC124901698;description=uncharacterized LOC124901698;gbkey=Gene;gene=LOC124901698;gene_biotype=lncRNA
1830632,NC_000007.14,BestRefSeq,gene,91940862,92110673,.,+,.,"ID=gene-AKAP9;Dbxref=GeneID:10142,HGNC:HGNC:379,MIM:604001;Name=AKAP9;description=A-kinase anchoring protein 9;gbkey=Gene;gene=AKAP9;gene_biotype=protein_coding;gene_synonym=AKAP-9,AKAP350,AKAP450,CG-NAP,HYPERION,LQT11,MU-RMS-40.16A,PPP1R45,PRKA9,YOTIAO"
1830901,NC_000007.14,BestRefSeq,gene,92112153,92134803,.,-,.,"ID=gene-CYP51A1;Dbxref=GeneID:1595,HGNC:HGNC:2649,MIM:601637;Name=CYP51A1;description=cytochrome P450 family 51 subfamily A member 1;gbkey=Gene;gene=CYP51A1;gene_biotype=protein_coding;gene_synonym=CP51,CYP51,CYPL1,LDM,P450-14DM,P450L1"
1830947,NC_000007.14,BestRefSeq,gene,92134563,92180725,.,+,.,"ID=gene-CYP51A1-AS1;Dbxref=GeneID:613126,HGNC:HGNC:50694;Name=CYP51A1-AS1;description=CYP51A1 antisense RNA 1;gbkey=Gene;gene=CYP51A1-AS1;gene_biotype=lncRNA;gene_synonym=LRRD1-AS1"
1830965,NC_000007.14,BestRefSeq,gene,92141643,92179142,.,-,.,"ID=gene-LRRD1;Dbxref=GeneID:401387,HGNC:HGNC:34300;Name=LRRD1;description=leucine rich repeats and death domain containing 1;gbkey=Gene;gene=LRRD1;gene_biotype=protein_coding"
1831006,NC_000007.14,BestRefSeq,gene,92198969,92246100,.,-,.,"ID=gene-KRIT1;Dbxref=GeneID:889,HGNC:HGNC:1573,MIM:604214;Name=KRIT1;description=KRIT1 ankyrin repeat containing;gbkey=Gene;gene=KRIT1;gene_biotype=protein_coding;gene_synonym=CAM,CCM1"
1832204,NC_000007.14,BestRefSeq,gene,92204015,92204098,.,-,.,"ID=gene-MIR1285-1;Dbxref=GeneID:100302218,HGNC:HGNC:35277,miRBase:MI0006346;Name=MIR1285-1;description=microRNA 1285-1;gbkey=Gene;gene=MIR1285-1;gene_biotype=miRNA;gene_synonym=hsa-mir-1285-1,MIRN1285-1"
1832213,NC_000007.14,BestRefSeq,gene,92245974,92401383,.,+,.,"ID=gene-ANKIB1;Dbxref=GeneID:54467,HGNC:HGNC:22215,MIM:620069;Name=ANKIB1;description=ankyrin repeat and IBR domain containing 1;gbkey=Gene;gene=ANKIB1;gene_biotype=protein_coding"
1832276,NC_000007.14,BestRefSeq%2CGnomon,gene,92447482,92495769,.,+,.,"ID=gene-GATAD1;Dbxref=GeneID:57798,HGNC:HGNC:29941,MIM:614518;Name=GATAD1;description=GATA zinc finger domain containing 1;gbkey=Gene;gene=GATAD1;gene_biotype=protein_coding;gene_synonym=CMD2B,ODAG,RG083M05.2"
1832347,NC_000007.14,BestRefSeq,gene,92468380,92477946,.,-,.,"ID=gene-ERVW-1;Dbxref=GeneID:30816,HGNC:HGNC:13525,MIM:604659;Name=ERVW-1;description=endogenous retrovirus group W member 1%2C envelope;gbkey=Gene;gene=ERVW-1;gene_biotype=protein_coding;gene_synonym=ENV,ENVW,ERVWE1,HERV-7q,HERV-W-ENV,HERV7Q,HERVW,HERVWENV"
1832378,NC_000007.14,BestRefSeq%2CGnomon,gene,92487025,92528520,.,-,.,"ID=gene-PEX1;Dbxref=GeneID:5189,HGNC:HGNC:8850,MIM:602136;Name=PEX1;description=peroxisomal biogenesis factor 1;gbkey=Gene;gene=PEX1;gene_biotype=protein_coding;gene_synonym=HMLR1,PBD1A,PBD1B,ZWS,ZWS1"
1832605,NC_000007.14,BestRefSeq%2CGnomon,gene,92528795,92540481,.,+,.,"ID=gene-RBM48;Dbxref=GeneID:84060,HGNC:HGNC:21785;Name=RBM48;description=RNA binding motif protein 48;gbkey=Gene;gene=RBM48;gene_biotype=protein_coding;gene_synonym=C7orf64,HSPC304"
1832658,NC_000007.14,BestRefSeq,gene,92560758,92590390,.,-,.,"ID=gene-FAM133B;Dbxref=GeneID:257415,HGNC:HGNC:28629;Name=FAM133B;description=family with sequence similarity 133 member B;gbkey=Gene;gene=FAM133B;gene_biotype=protein_coding"
1832743,NC_000007.14,Gnomon,gene,92592020,92600935,.,-,.,ID=gene-LOC105375397;Dbxref=GeneID:105375397;Name=LOC105375397;description=uncharacterized LOC105375397;gbkey=Gene;gene=LOC105375397;gene_biotype=lncRNA
1832750,NC_000007.14,BestRefSeq%2CGnomon,gene,92604921,92836573,.,-,.,"ID=gene-CDK6;Dbxref=GeneID:1021,HGNC:HGNC:1777,MIM:603368;Name=CDK6;description=cyclin dependent kinase 6;gbkey=Gene;gene=CDK6;gene_biotype=protein_coding;gene_synonym=MCPH12,PLSTIRE"
1832805,NC_000007.14,Gnomon,gene,92638206,92662670,.,-,.,ID=gene-LOC112268009;Dbxref=GeneID:112268009;Name=LOC112268009;description=uncharacterized LOC112268009;gbkey=Gene;gene=LOC112268009;gene_biotype=lncRNA
1832848,NC_000007.14,BestRefSeq,gene,92836483,92917187,.,+,.,"ID=gene-CDK6-AS1;Dbxref=GeneID:101927497,HGNC:HGNC:40141;Name=CDK6-AS1;description=CDK6 antisense RNA 1;gbkey=Gene;gene=CDK6-AS1;gene_biotype=lncRNA;gene_synonym=BALR-2"
1832881,NC_000007.14,BestRefSeq,gene,93099518,93117979,.,-,.,"ID=gene-SAMD9;Dbxref=GeneID:54809,HGNC:HGNC:1348,MIM:610456;Name=SAMD9;description=sterile alpha motif domain containing 9;gbkey=Gene;gene=SAMD9;gene_biotype=protein_coding;gene_synonym=C7orf5,DRIF1,M7MLS2,MIRAGE,NFTC,OEF1,OEF2"
1832893,NC_000007.14,BestRefSeq,gene,93130056,93148385,.,-,.,"ID=gene-SAMD9L;Dbxref=GeneID:219285,HGNC:HGNC:1349,MIM:611170;Name=SAMD9L;description=sterile alpha motif domain containing 9 like;gbkey=Gene;gene=SAMD9L;gene_biotype=protein_coding;gene_synonym=ATXPC,C7DELq,C7orf6,DEL7q,DRIF2,M7MLS1,MLSM7,SCA49,UEF1"
1832962,NC_000007.14,BestRefSeq%2CGnomon,gene,93188534,93232285,.,-,.,"ID=gene-HEPACAM2;Dbxref=GeneID:253012,HGNC:HGNC:27364,MIM:614133;Name=HEPACAM2;description=HEPACAM family member 2;gbkey=Gene;gene=HEPACAM2;gene_biotype=protein_coding;gene_synonym=MIKI"
1833087,NC_000007.14,BestRefSeq%2CGnomon,gene,93232366,93361123,.,+,.,"ID=gene-VPS50;Dbxref=GeneID:55610,HGNC:HGNC:25956,MIM:616465;Name=VPS50;description=VPS50 subunit of EARP/GARPII complex;gbkey=Gene;gene=VPS50;gene_biotype=protein_coding;gene_synonym=CCDC132,NEDMSC,VPS54L"
1833401,NC_000007.14,BestRefSeq,gene,93424486,93574724,.,-,.,"ID=gene-CALCR;Dbxref=GeneID:799,HGNC:HGNC:1440,MIM:114131;Name=CALCR;description=calcitonin receptor;gbkey=Gene;gene=CALCR;gene_biotype=protein_coding;gene_synonym=CRT,CT-R,CTR,CTR1"
1833485,NC_000007.14,BestRefSeq,gene,93482760,93482855,.,-,.,"ID=gene-MIR653;Dbxref=GeneID:724023,HGNC:HGNC:32909,miRBase:MI0003674;Name=MIR653;description=microRNA 653;gbkey=Gene;gene=MIR653;gene_biotype=miRNA;gene_synonym=hsa-mir-653,mir-653,MIRN653"
1833492,NC_000007.14,BestRefSeq,gene,93483936,93484019,.,-,.,"ID=gene-MIR489;Dbxref=GeneID:574442,HGNC:HGNC:32074,MIM:614523,miRBase:MI0003124;Name=MIR489;description=microRNA 489;gbkey=Gene;gene=MIR489;gene_biotype=miRNA;gene_synonym=hsa-mir-489,mir-489,MIRN489"
1833499,NC_000007.14,Gnomon,gene,93533666,93558810,.,+,.,ID=gene-LOC105375400;Dbxref=GeneID:105375400;Name=LOC105375400;description=uncharacterized LOC105375400;gbkey=Gene;gene=LOC105375400;gene_biotype=lncRNA
1833512,NC_000007.14,BestRefSeq,gene,93716928,93717005,.,+,.,"ID=gene-MIR4652;Dbxref=GeneID:100616206,HGNC:HGNC:41615,miRBase:MI0017280;Name=MIR4652;description=microRNA 4652;gbkey=Gene;gene=MIR4652;gene_biotype=miRNA"
1833523,NC_000007.14,Gnomon,gene,93853147,93862733,.,-,.,ID=gene-LOC124901811;Dbxref=GeneID:124901811;Name=LOC124901811;description=uncharacterized LOC124901811;gbkey=Gene;gene=LOC124901811;gene_biotype=lncRNA
1833530,NC_000007.14,BestRefSeq,gene,93885396,93890753,.,-,.,"ID=gene-TFPI2;Dbxref=GeneID:7980,HGNC:HGNC:11761,MIM:600033;Name=TFPI2;description=tissue factor pathway inhibitor 2;gbkey=Gene;gene=TFPI2;gene_biotype=protein_coding;gene_synonym=PP5,REF1,TFPI-2"
1833564,NC_000007.14,BestRefSeq,gene,93890894,93893588,.,+,.,"ID=gene-TFPI2-DT;Dbxref=GeneID:105375401,HGNC:HGNC:40581;Name=TFPI2-DT;description=TFPI2 divergent transcript;gbkey=Gene;gene=TFPI2-DT;gene_biotype=lncRNA"
1833568,NC_000007.14,BestRefSeq,gene,93906567,93911265,.,+,.,"ID=gene-GNGT1;Dbxref=GeneID:2792,HGNC:HGNC:4411,MIM:189970;Name=GNGT1;description=G protein subunit gamma transducin 1;gbkey=Gene;gene=GNGT1;gene_biotype=protein_coding;gene_synonym=GNG1,HG3G1"
1833581,NC_000007.14,Gnomon,gene,93913942,93937514,.,-,.,ID=gene-LOC105375402;Dbxref=GeneID:105375402;Name=LOC105375402;description=uncharacterized LOC105375402;gbkey=Gene;gene=LOC105375402;gene_biotype=lncRNA
1833590,NC_000007.14,BestRefSeq,gene,93921735,93928610,.,+,.,"ID=gene-GNG11;Dbxref=GeneID:2791,HGNC:HGNC:4403,MIM:604390;Name=GNG11;description=G protein subunit gamma 11;gbkey=Gene;gene=GNG11;gene_biotype=protein_coding;gene_synonym=GNGT11,HG3H1"
1833596,NC_000007.14,BestRefSeq,gene,93962762,94004355,.,-,.,"ID=gene-BET1;Dbxref=GeneID:10282,HGNC:HGNC:14562,MIM:605456;Name=BET1;description=Bet1 golgi vesicular membrane trafficking protein;gbkey=Gene;gene=BET1;gene_biotype=protein_coding;gene_synonym=HBET1,MDRP"
1833631,NC_000007.14,BestRefSeq,gene,93968380,93993141,.,+,.,"ID=gene-BET1-AS1;Dbxref=GeneID:107986820,HGNC:HGNC:40690;Name=BET1-AS1;description=BET1 antisense RNA 1;gbkey=Gene;gene=BET1-AS1;gene_biotype=lncRNA"
1833644,NC_000007.14,BestRefSeq,gene,94022806,94067754,.,+,.,ID=gene-LOC130890646;Dbxref=GeneID:130890646;Name=LOC130890646;description=uncharacterized LOC130890646;gbkey=Gene;gene=LOC130890646;gene_biotype=lncRNA
1833652,NC_000007.14,Gnomon,gene,94088238,94089801,.,-,.,ID=gene-LOC124901812;Dbxref=GeneID:124901812;Name=LOC124901812;description=uncharacterized LOC124901812;gbkey=Gene;gene=LOC124901812;gene_biotype=lncRNA
1833660,NC_000007.14,Gnomon,gene,94276527,94360699,.,-,.,ID=gene-LOC112267858;Dbxref=GeneID:112267858;Name=LOC112267858;description=uncharacterized LOC112267858;gbkey=Gene;gene=LOC112267858;gene_biotype=lncRNA
1833668,NC_000007.14,Gnomon,gene,94311135,94347063,.,+,.,ID=gene-LOC107986821;Dbxref=GeneID:107986821;Name=LOC107986821;description=uncharacterized LOC107986821;gbkey=Gene;gene=LOC107986821;gene_biotype=lncRNA
1833680,NC_000007.14,BestRefSeq,gene,94367212,94392192,.,-,.,"ID=gene-COL1A2-AS1;Dbxref=GeneID:101927525,HGNC:HGNC:53133;Name=COL1A2-AS1;description=COL1A2 antisense RNA 1;gbkey=Gene;gene=COL1A2-AS1;gene_biotype=lncRNA;gene_synonym=lncRNA8975-1,TCONS_00013888"
1833688,NC_000007.14,BestRefSeq,gene,94394895,94431227,.,+,.,"ID=gene-COL1A2;Dbxref=GeneID:1278,HGNC:HGNC:2198,MIM:120160;Name=COL1A2;description=collagen type I alpha 2 chain;gbkey=Gene;gene=COL1A2;gene_biotype=protein_coding;gene_synonym=EDSARTH2,EDSCV,OI4"
1833800,NC_000007.14,BestRefSeq%2CGnomon,gene,94509809,94634172,.,+,.,"ID=gene-CASD1;Dbxref=GeneID:64921,HGNC:HGNC:16014,MIM:611686;Name=CASD1;description=CAS1 domain containing 1;gbkey=Gene;gene=CASD1;gene_biotype=protein_coding;gene_synonym=C7orf12,Cas1,NBLA04196,SOAT"
1834059,NC_000007.14,Gnomon,gene,94523644,94558495,.,-,.,ID=gene-LOC105375404;Dbxref=GeneID:105375404;Name=LOC105375404;description=uncharacterized LOC105375404;gbkey=Gene;gene=LOC105375404;gene_biotype=lncRNA
1834071,NC_000007.14,BestRefSeq,gene,94584980,94656133,.,-,.,"ID=gene-SGCE;Dbxref=GeneID:8910,HGNC:HGNC:10808,MIM:604149;Name=SGCE;description=sarcoglycan epsilon;gbkey=Gene;gene=SGCE;gene_biotype=protein_coding;gene_synonym=DYT11,epsilon-SG,ESG"
1834352,NC_000007.14,BestRefSeq,gene,94656325,94669695,.,+,.,"ID=gene-PEG10;Dbxref=GeneID:23089,HGNC:HGNC:14005,MIM:609810;Name=PEG10;description=paternally expressed 10;gbkey=Gene;gene=PEG10;gene_biotype=protein_coding;gene_synonym=EDR,HB-1,Mar2,Mart2,MEF3L,RGAG3,RTL2,SIRH1"
1834405,NC_000007.14,BestRefSeq%2CGnomon,gene,94907236,95296415,.,+,.,"ID=gene-PPP1R9A;Dbxref=GeneID:55607,HGNC:HGNC:14946,MIM:602468;Name=PPP1R9A;description=protein phosphatase 1 regulatory subunit 9A;gbkey=Gene;gene=PPP1R9A;gene_biotype=protein_coding;gene_synonym=Neurabin-I,NRB1,NRBI"
1836127,NC_000007.14,BestRefSeq,gene,95035692,95214332,.,-,.,"ID=gene-PPP1R9A-AS1;Dbxref=GeneID:105375405,HGNC:HGNC:40696;Name=PPP1R9A-AS1;description=PPP1R9A antisense RNA 1;gbkey=Gene;gene=PPP1R9A-AS1;gene_biotype=lncRNA"
1836147,NC_000007.14,cmsearch,gene,95276586,95276684,.,+,.,ID=gene-LOC124901848;Dbxref=GeneID:124901848;Name=LOC124901848;description=small nucleolar RNA U13;gbkey=Gene;gene=LOC124901848;gene_biotype=snoRNA
1836150,NC_000007.14,BestRefSeq,gene,95297676,95324532,.,-,.,"ID=gene-PON1;Dbxref=GeneID:5444,HGNC:HGNC:9204,MIM:168820;Name=PON1;description=paraoxonase 1;gbkey=Gene;gene=PON1;gene_biotype=protein_coding;gene_synonym=ESA,MVCD5,PON"
1836174,NC_000007.14,BestRefSeq,gene,95359872,95396375,.,-,.,"ID=gene-PON3;Dbxref=GeneID:5446,HGNC:HGNC:9206,MIM:602720;Name=PON3;description=paraoxonase 3;gbkey=Gene;gene=PON3;gene_biotype=protein_coding"
1836199,NC_000007.14,Gnomon,gene,95396472,95423688,.,+,.,ID=gene-LOC107986822;Dbxref=GeneID:107986822;Name=LOC107986822;description=uncharacterized LOC107986822;gbkey=Gene;gene=LOC107986822;gene_biotype=lncRNA
1836206,NC_000007.14,BestRefSeq%2CGnomon,gene,95404862,95435028,.,-,.,"ID=gene-PON2;Dbxref=GeneID:5445,HGNC:HGNC:9205,MIM:602447;Name=PON2;description=paraoxonase 2;gbkey=Gene;gene=PON2;gene_biotype=protein_coding"
1836284,NC_000007.14,BestRefSeq%2CGnomon,gene,95470656,95551317,.,+,.,"ID=gene-ASB4;Dbxref=GeneID:51666,HGNC:HGNC:16009,MIM:605761;Name=ASB4;description=ankyrin repeat and SOCS box containing 4;gbkey=Gene;gene=ASB4;gene_biotype=protein_coding;gene_synonym=ASB-4"
1836325,NC_000007.14,Gnomon,gene,95470812,95474002,.,+,.,ID=gene-LOC107986823;Dbxref=GeneID:107986823;Name=LOC107986823;description=uncharacterized LOC107986823;gbkey=Gene;gene=LOC107986823;gene_biotype=lncRNA
1836346,NC_000007.14,Gnomon,gene,95552967,95562445,.,+,.,ID=gene-LOC124901699;Dbxref=GeneID:124901699;Name=LOC124901699;description=uncharacterized LOC124901699;gbkey=Gene;gene=LOC124901699;gene_biotype=lncRNA
1836351,NC_000007.14,BestRefSeq,gene,95583499,95596516,.,-,.,"ID=gene-PDK4;Dbxref=GeneID:5166,HGNC:HGNC:8812,MIM:602527;Name=PDK4;description=pyruvate dehydrogenase kinase 4;gbkey=Gene;gene=PDK4;gene_biotype=protein_coding"
1836377,NC_000007.14,Gnomon,gene,95596679,95611117,.,+,.,"ID=gene-PDK4-AS1;Dbxref=GeneID:107986824,HGNC:HGNC:55767;Name=PDK4-AS1;description=PDK4 antisense RNA 1;gbkey=Gene;gene=PDK4-AS1;gene_biotype=lncRNA"
1836387,NC_000007.14,Gnomon,gene,95645859,95654617,.,+,.,ID=gene-LOC107986746;Dbxref=GeneID:107986746;Name=LOC107986746;description=uncharacterized LOC107986746;gbkey=Gene;gene=LOC107986746;gene_biotype=lncRNA
1836392,NC_000007.14,Gnomon,gene,95660317,95719901,.,+,.,ID=gene-LOC105375409;Dbxref=GeneID:105375409;Name=LOC105375409;description=uncharacterized LOC105375409;gbkey=Gene;gene=LOC105375409;gene_biotype=lncRNA
1836404,NC_000007.14,BestRefSeq,gene,95772554,96110322,.,+,.,"ID=gene-DYNC1I1;Dbxref=GeneID:1780,HGNC:HGNC:2963,MIM:603772;Name=DYNC1I1;description=dynein cytoplasmic 1 intermediate chain 1;gbkey=Gene;gene=DYNC1I1;gene_biotype=protein_coding;gene_synonym=DNCI1,DNCIC1"
1836588,NC_000007.14,Gnomon,gene,96014948,96033159,.,-,.,ID=gene-LOC124901700;Dbxref=GeneID:124901700;Name=LOC124901700;description=uncharacterized LOC124901700;gbkey=Gene;gene=LOC124901700;gene_biotype=lncRNA
1836593,NC_000007.14,Gnomon,gene,96049982,96058256,.,+,.,ID=gene-LOC124901701;Dbxref=GeneID:124901701;Name=LOC124901701;description=uncharacterized LOC124901701;gbkey=Gene;gene=LOC124901701;gene_biotype=lncRNA
1836605,NC_000007.14,BestRefSeq%2CGnomon,gene,96120220,96322098,.,-,.,"ID=gene-SLC25A13;Dbxref=GeneID:10165,HGNC:HGNC:10983,MIM:603859;Name=SLC25A13;description=solute carrier family 25 member 13;gbkey=Gene;gene=SLC25A13;gene_biotype=protein_coding;gene_synonym=ARALAR2,CITRIN,CTLN2,NICCD"
1836858,NC_000007.14,BestRefSeq,gene,96219662,96219756,.,-,.,"ID=gene-MIR591;Dbxref=GeneID:693176,HGNC:HGNC:32847,miRBase:MI0003603;Name=MIR591;description=microRNA 591;gbkey=Gene;gene=MIR591;gene_biotype=miRNA;gene_synonym=hsa-mir-591,MIRN591"
1836876,NC_000007.14,Gnomon,gene,96358502,96445087,.,+,.,ID=gene-LOC105375410;Dbxref=GeneID:105375410;Name=LOC105375410;description=uncharacterized LOC105375410;gbkey=Gene;gene=LOC105375410;gene_biotype=lncRNA
1836900,NC_000007.14,Gnomon,gene,96373108,96376434,.,+,.,ID=gene-LOC124901702;Dbxref=GeneID:124901702;Name=LOC124901702;description=uncharacterized LOC124901702;gbkey=Gene;gene=LOC124901702;gene_biotype=lncRNA
1836907,NC_000007.14,Gnomon,gene,96450122,96509218,.,+,.,ID=gene-LOC105375411;Dbxref=GeneID:105375411;Name=LOC105375411;description=uncharacterized LOC105375411;gbkey=Gene;gene=LOC105375411;gene_biotype=lncRNA
1836913,NC_000007.14,BestRefSeq%2CGnomon,gene,96481626,96709846,.,-,.,"ID=gene-SEM1;Dbxref=GeneID:7979,HGNC:HGNC:10845,MIM:601285;Name=SEM1;description=SEM1 26S proteasome subunit;gbkey=Gene;gene=SEM1;gene_biotype=protein_coding;gene_synonym=C7orf76,DSS1,ECD,PSMD15,SHFD1,Shfdg1,SHFM1,SHSF1"
1837049,NC_000007.14,Gnomon,gene,96509231,96531301,.,+,.,ID=gene-LOC105375412;Dbxref=GeneID:105375412;Name=LOC105375412;description=uncharacterized LOC105375412;gbkey=Gene;gene=LOC105375412;gene_biotype=lncRNA
1837056,NC_000007.14,Gnomon,gene,96564523,96588031,.,+,.,ID=gene-LOC107986825;Dbxref=GeneID:107986825;Name=LOC107986825;description=uncharacterized LOC107986825;gbkey=Gene;gene=LOC107986825;gene_biotype=lncRNA
1837080,NC_000007.14,Gnomon,gene,96787104,96804686,.,+,.,ID=gene-LOC105375414;Dbxref=GeneID:105375414;Name=LOC105375414;description=uncharacterized LOC105375414;gbkey=Gene;gene=LOC105375414;gene_biotype=lncRNA
1837099,NC_000007.14,Gnomon,gene,96945553,96958862,.,+,.,ID=gene-LOC124901703;Dbxref=GeneID:124901703;Name=LOC124901703;description=uncharacterized LOC124901703;gbkey=Gene;gene=LOC124901703;gene_biotype=lncRNA
1837104,NC_000007.14,BestRefSeq,gene,96968515,97014065,.,-,.,"ID=gene-DLX6-AS1;Dbxref=GeneID:285987,HGNC:HGNC:37151;Name=DLX6-AS1;description=DLX6 antisense RNA 1;gbkey=Gene;gene=DLX6-AS1;gene_biotype=lncRNA;gene_synonym=DLX6-AS,DLX6AS,Evf-2,NCRNA00212"
1837119,NC_000007.14,BestRefSeq,gene,97005553,97011040,.,+,.,"ID=gene-DLX6;Dbxref=GeneID:1750,HGNC:HGNC:2919,MIM:600030;Name=DLX6;description=distal-less homeobox 6;gbkey=Gene;gene=DLX6;gene_biotype=protein_coding"
1837129,NC_000007.14,BestRefSeq%2CGnomon,gene,97020396,97024831,.,-,.,"ID=gene-DLX5;Dbxref=GeneID:1749,HGNC:HGNC:2918,MIM:600028;Name=DLX5;description=distal-less homeobox 5;gbkey=Gene;gene=DLX5;gene_biotype=protein_coding;gene_synonym=SHFM1,SHFM1D"
1837161,NC_000007.14,BestRefSeq,gene,97117698,97181763,.,+,.,"ID=gene-SDHAF3;Dbxref=GeneID:57001,HGNC:HGNC:21752,MIM:615773;Name=SDHAF3;description=succinate dehydrogenase complex assembly factor 3;gbkey=Gene;gene=SDHAF3;gene_biotype=protein_coding;gene_synonym=ACN9,DC11,LYRM10,Sdh7"
1837172,NC_000007.14,Gnomon,gene,97136388,97157460,.,+,.,ID=gene-LOC107984034;Dbxref=GeneID:107984034;Name=LOC107984034;description=uncharacterized LOC107984034;gbkey=Gene;gene=LOC107984034;gene_biotype=lncRNA
1837177,NC_000007.14,Gnomon,gene,97177463,97272587,.,-,.,ID=gene-LOC124901704;Dbxref=GeneID:124901704;Name=LOC124901704;description=uncharacterized LOC124901704;gbkey=Gene;gene=LOC124901704;gene_biotype=lncRNA
1837186,NC_000007.14,Gnomon,gene,97284175,97289104,.,-,.,ID=gene-LOC107986826;Dbxref=GeneID:107986826;Name=LOC107986826;description=uncharacterized LOC107986826;gbkey=Gene;gene=LOC107986826;gene_biotype=lncRNA
1837191,NC_000007.14,Gnomon,gene,97328530,97565731,.,-,.,ID=gene-LOC105375416;Dbxref=GeneID:105375416;Name=LOC105375416;description=uncharacterized LOC105375416;gbkey=Gene;gene=LOC105375416;gene_biotype=lncRNA
1837210,NC_000007.14,BestRefSeq,gene,97732086,97740472,.,+,.,"ID=gene-TAC1;Dbxref=GeneID:6863,HGNC:HGNC:11517,MIM:162320;Name=TAC1;description=tachykinin precursor 1;gbkey=Gene;gene=TAC1;gene_biotype=protein_coding;gene_synonym=Hs.2563,NK2,NKNA,NPK,TAC2"
1837263,NC_000007.14,BestRefSeq,gene,97851677,97928441,.,-,.,"ID=gene-ASNS;Dbxref=GeneID:440,HGNC:HGNC:753,MIM:108370;Name=ASNS;description=asparagine synthetase (glutamine-hydrolyzing);gbkey=Gene;gene=ASNS;gene_biotype=protein_coding;gene_synonym=ASNSD,TS11"
1837435,NC_000007.14,BestRefSeq,gene,97852117,97972358,.,-,.,ID=gene-CZ1P-ASNS;Dbxref=GeneID:107986827;Name=CZ1P-ASNS;description=CZ1P-ASNS readthrough;gbkey=Gene;gene=CZ1P-ASNS;gene_biotype=lncRNA
1837472,NC_000007.14,BestRefSeq,gene,97963658,97963726,.,+,.,"ID=gene-MIR5692A1;Dbxref=GeneID:100847066,HGNC:HGNC:43533,miRBase:MI0019297;Name=MIR5692A1;description=microRNA 5692a-1;gbkey=Gene;gene=MIR5692A1;gene_biotype=miRNA"
1837477,NC_000007.14,BestRefSeq,gene,97964405,97964481,.,-,.,"ID=gene-MIR5692C2;Dbxref=GeneID:100847017,HGNC:HGNC:43448,miRBase:MI0019289;Name=MIR5692C2;description=microRNA 5692c-2;gbkey=Gene;gene=MIR5692C2;gene_biotype=miRNA"
1837496,NC_000007.14,BestRefSeq,gene,97984687,97990196,.,-,.,"ID=gene-OCM2;Dbxref=GeneID:4951,HGNC:HGNC:34396,MIM:620522;Name=OCM2;description=oncomodulin 2;gbkey=Gene;gene=OCM2;gene_biotype=protein_coding;gene_synonym=OCM,OM"
1837518,NC_000007.14,BestRefSeq%2CGnomon,gene,98106862,98209638,.,+,.,"ID=gene-LMTK2;Dbxref=GeneID:22853,HGNC:HGNC:17880,MIM:610989;Name=LMTK2;description=lemur tyrosine kinase 2;gbkey=Gene;gene=LMTK2;gene_biotype=protein_coding;gene_synonym=AATYK2,BREK,cprk,hBREK,KPI-2,KPI2,LMR2,PPP1R100"
1837595,NC_000007.14,BestRefSeq,gene,98211439,98215457,.,+,.,"ID=gene-BHLHA15;Dbxref=GeneID:168620,HGNC:HGNC:22265,MIM:608606;Name=BHLHA15;description=basic helix-loop-helix family member a15;gbkey=Gene;gene=BHLHA15;gene_biotype=protein_coding;gene_synonym=BHLHB8,MIST1"
1837600,NC_000007.14,BestRefSeq%2CGnomon,gene,98214624,98252232,.,-,.,"ID=gene-TECPR1;Dbxref=GeneID:25851,HGNC:HGNC:22214,MIM:614781;Name=TECPR1;description=tectonin beta-propeller repeat containing 1;gbkey=Gene;gene=TECPR1;gene_biotype=protein_coding"
1837831,NC_000007.14,Gnomon,gene,98252359,98256756,.,+,.,ID=gene-LOC124901706;Dbxref=GeneID:124901706;Name=LOC124901706;description=uncharacterized LOC124901706;gbkey=Gene;gene=LOC124901706;gene_biotype=lncRNA
1837838,NC_000007.14,Gnomon,gene,98267228,98270963,.,-,.,ID=gene-LOC124901705;Dbxref=GeneID:124901705;Name=LOC124901705;description=uncharacterized LOC124901705;gbkey=Gene;gene=LOC124901705;gene_biotype=lncRNA
1837849,NC_000007.14,BestRefSeq%2CGnomon,gene,98281686,98323430,.,+,.,"ID=gene-BRI3;Dbxref=GeneID:25798,HGNC:HGNC:1109,MIM:615628;Name=BRI3;description=brain protein I3;gbkey=Gene;gene=BRI3;gene_biotype=protein_coding;gene_synonym=I3"
1837953,NC_000007.14,BestRefSeq,gene,98291650,98401090,.,-,.,"ID=gene-BAIAP2L1;Dbxref=GeneID:55971,HGNC:HGNC:21649,MIM:611877;Name=BAIAP2L1;description=BAR/IMD domain containing adaptor protein 2 like 1;gbkey=Gene;gene=BAIAP2L1;gene_biotype=protein_coding;gene_synonym=IRTKS"
1838021,NC_000007.14,BestRefSeq,gene,98617285,98629869,.,+,.,"ID=gene-NPTX2;Dbxref=GeneID:4885,HGNC:HGNC:7953,MIM:600750;Name=NPTX2;description=neuronal pentraxin 2;gbkey=Gene;gene=NPTX2;gene_biotype=protein_coding;gene_synonym=NARP,NP-II,NP2"
1838041,NC_000007.14,Gnomon,gene,98652424,98657604,.,-,.,ID=gene-LOC105375419;Dbxref=GeneID:105375419;Name=LOC105375419;description=uncharacterized LOC105375419;gbkey=Gene;gene=LOC105375419;gene_biotype=lncRNA
1838055,NC_000007.14,Gnomon,gene,98668220,98671112,.,+,.,ID=gene-LOC105375418;Dbxref=GeneID:105375418;Name=LOC105375418;description=uncharacterized LOC105375418;gbkey=Gene;gene=LOC105375418;gene_biotype=lncRNA
1838078,NC_000007.14,BestRefSeq,gene,98846490,98870014,.,-,.,"ID=gene-TMEM130;Dbxref=GeneID:222865,HGNC:HGNC:25429;Name=TMEM130;description=transmembrane protein 130;gbkey=Gene;gene=TMEM130;gene_biotype=protein_coding"
1838140,NC_000007.14,BestRefSeq,gene,98878532,99013241,.,+,.,"ID=gene-TRRAP;Dbxref=GeneID:8295,HGNC:HGNC:12347,MIM:603015;Name=TRRAP;description=transformation/transcription domain associated protein;gbkey=Gene;gene=TRRAP;gene_biotype=protein_coding;gene_synonym=DEDDFA,DFNA75,PAF350/400,PAF400,STAF40,TR-AP,Tra1"
1838575,NC_000007.14,BestRefSeq,gene,98881650,98881729,.,+,.,"ID=gene-MIR3609;Dbxref=GeneID:100500819,HGNC:HGNC:38956,miRBase:MI0015999;Name=MIR3609;description=microRNA 3609;gbkey=Gene;gene=MIR3609;gene_biotype=miRNA;gene_synonym=mir-3609"
1838580,NC_000007.14,BestRefSeq,gene,98881697,98881890,.,+,.,"ID=gene-SCARNA28;Dbxref=GeneID:106633801,HGNC:HGNC:50388;Name=SCARNA28;description=small Cajal body-specific RNA 28;gbkey=Gene;gene=SCARNA28;gene_biotype=ncRNA;gene_synonym=ZL1"
1838583,NC_000007.14,cmsearch,gene,98884990,98885090,.,-,.,ID=gene-LOC124901832;Dbxref=GeneID:124901832;Name=LOC124901832;description=small nucleolar RNA U13;gbkey=Gene;gene=LOC124901832;gene_biotype=snoRNA
1838591,NC_000007.14,BestRefSeq,gene,99013165,99036492,.,+,.,ID=gene-LOC101927550;Dbxref=GeneID:101927550;Name=LOC101927550;description=uncharacterized LOC101927550;gbkey=Gene;gene=LOC101927550;gene_biotype=lncRNA
1838599,NC_000007.14,BestRefSeq%2CGnomon,gene,99027440,99144108,.,-,.,"ID=gene-SMURF1;Dbxref=GeneID:57154,HGNC:HGNC:16807,MIM:605568;Name=SMURF1;description=SMAD specific E3 ubiquitin protein ligase 1;gbkey=Gene;gene=SMURF1;gene_biotype=protein_coding"
1838874,NC_000007.14,BestRefSeq%2CGnomon,gene,99145804,99219419,.,-,.,"ID=gene-KPNA7;Dbxref=GeneID:402569,HGNC:HGNC:21839,MIM:614107;Name=KPNA7;description=karyopherin subunit alpha 7;gbkey=Gene;gene=KPNA7;gene_biotype=protein_coding;gene_synonym=IPOA8,OZEMA17"
1839106,NC_000007.14,BestRefSeq,gene,99238829,99311128,.,+,.,"ID=gene-MYH16;Dbxref=GeneID:84176,HGNC:HGNC:31038,MIM:608580;Name=MYH16;description=myosin heavy chain 16;gbkey=Gene;gene=MYH16;gene_biotype=protein_coding;gene_synonym=MHC20,MYH16P,MYH5"
1839198,NC_000007.14,Gnomon,gene,99278216,99325808,.,-,.,ID=gene-LOC105375421;Dbxref=GeneID:105375421;Name=LOC105375421;description=uncharacterized LOC105375421;gbkey=Gene;gene=LOC105375421;gene_biotype=lncRNA
1839225,NC_000007.14,BestRefSeq,gene,99325898,99366262,.,+,.,"ID=gene-ARPC1A;Dbxref=GeneID:10552,HGNC:HGNC:703,MIM:604220;Name=ARPC1A;description=actin related protein 2/3 complex subunit 1A;gbkey=Gene;gene=ARPC1A;gene_biotype=protein_coding;gene_synonym=Arc40,HEL-68,HEL-S-307,SOP2Hs,SOP2L"
1839282,NC_000007.14,BestRefSeq%2CGnomon,gene,99374259,99394816,.,+,.,"ID=gene-ARPC1B;Dbxref=GeneID:10095,HGNC:HGNC:704,MIM:604223;Name=ARPC1B;description=actin related protein 2/3 complex subunit 1B;gbkey=Gene;gene=ARPC1B;gene_biotype=protein_coding;gene_synonym=ARC41,IMD71,p40-ARC,p41-ARC,PLTEID"
1839331,NC_000007.14,BestRefSeq,gene,99394673,99408597,.,-,.,"ID=gene-PDAP1;Dbxref=GeneID:11333,HGNC:HGNC:14634,MIM:607075;Name=PDAP1;description=PDGFA associated protein 1;gbkey=Gene;gene=PDAP1;gene_biotype=protein_coding;gene_synonym=HASPP28,PAP,PAP1"
1839349,NC_000007.14,BestRefSeq%2CGnomon,gene,99408969,99419616,.,+,.,"ID=gene-BUD31;Dbxref=GeneID:8896,HGNC:HGNC:29629,MIM:603477;Name=BUD31;description=BUD31 homolog;gbkey=Gene;gene=BUD31;gene_biotype=protein_coding;gene_synonym=Cwc14,EDG-2,EDG2,fSAP17,G10,YCR063W"
1839452,NC_000007.14,BestRefSeq,gene,99409172,99409264,.,+,.,"ID=gene-MIR12119;Dbxref=GeneID:113219453,HGNC:HGNC:54027,miRBase:MI0039721;Name=MIR12119;description=microRNA 12119;gbkey=Gene;gene=MIR12119;gene_biotype=miRNA"
1839457,NC_000007.14,Gnomon,gene,99411945,99412295,.,+,.,ID=gene-LOC124901707;Dbxref=GeneID:124901707;Name=LOC124901707;description=uncharacterized LOC124901707;gbkey=Gene;gene=LOC124901707;gene_biotype=lncRNA
1839461,NC_000007.14,cmsearch,gene,99413978,99414078,.,-,.,ID=gene-LOC124901841;Dbxref=GeneID:124901841;Name=LOC124901841;description=small nucleolar RNA U13;gbkey=Gene;gene=LOC124901841;gene_biotype=snoRNA
1839466,NC_000007.14,BestRefSeq,gene,99416739,99466167,.,-,.,"ID=gene-ATP5MF-PTCD1;Dbxref=GeneID:100526740,HGNC:HGNC:38844;Name=ATP5MF-PTCD1;description=ATP5MF-PTCD1 readthrough;gbkey=Gene;gene=ATP5MF-PTCD1;gene_biotype=protein_coding;gene_synonym=ATP5J2-PTCD1"
1839486,NC_000007.14,BestRefSeq,gene,99416739,99438798,.,-,.,"ID=gene-PTCD1;Dbxref=GeneID:26024,HGNC:HGNC:22198,MIM:614774;Name=PTCD1;description=pentatricopeptide repeat domain 1;gbkey=Gene;gene=PTCD1;gene_biotype=protein_coding"
1839515,NC_000007.14,BestRefSeq%2CGnomon,gene,99438943,99457373,.,+,.,"ID=gene-CPSF4;Dbxref=GeneID:10898,HGNC:HGNC:2327,MIM:603052;Name=CPSF4;description=cleavage and polyadenylation specific factor 4;gbkey=Gene;gene=CPSF4;gene_biotype=protein_coding;gene_synonym=CPSF30,NAR,NEB-1,NEB1"
1839724,NC_000007.14,BestRefSeq,gene,99458195,99466167,.,-,.,"ID=gene-ATP5MF;Dbxref=GeneID:9551,HGNC:HGNC:848,MIM:619792;Name=ATP5MF;description=ATP synthase membrane subunit f;gbkey=Gene;gene=ATP5MF;gene_biotype=protein_coding;gene_synonym=ATP5J2,ATP5JL"
1839764,NC_000007.14,tRNAscan-SE,gene,99469684,99469755,.,+,.,"ID=gene-TRW-CCA5-1;Dbxref=GeneID:100189190,HGNC:HGNC:34753;Name=TRW-CCA5-1;description=tRNA-Trp (anticodon CCA) 5-1;gbkey=Gene;gene=TRW-CCA5-1;gene_biotype=tRNA"
1839771,NC_000007.14,BestRefSeq%2CGnomon,gene,99472890,99487605,.,+,.,"ID=gene-ZNF789;Dbxref=GeneID:285989,HGNC:HGNC:27801;Name=ZNF789;description=zinc finger protein 789;gbkey=Gene;gene=ZNF789;gene_biotype=protein_coding"
1839925,NC_000007.14,BestRefSeq,gene,99486519,99500281,.,-,.,"ID=gene-ZNF394;Dbxref=GeneID:84124,HGNC:HGNC:18832,MIM:619300;Name=ZNF394;description=zinc finger protein 394;gbkey=Gene;gene=ZNF394;gene_biotype=protein_coding;gene_synonym=ZKSCAN14,ZSCAN46"
1839951,NC_000007.14,BestRefSeq%2CGnomon,gene,99504662,99534700,.,+,.,"ID=gene-ZKSCAN5;Dbxref=GeneID:23660,HGNC:HGNC:12867,MIM:611272;Name=ZKSCAN5;description=zinc finger with KRAB and SCAN domains 5;gbkey=Gene;gene=ZKSCAN5;gene_biotype=protein_coding;gene_synonym=ZFP-95,ZFP95,ZNF914,ZSCAN37"
1840057,NC_000007.14,BestRefSeq%2CGnomon,gene,99546300,99558543,.,-,.,"ID=gene-FAM200A;Dbxref=GeneID:221786,HGNC:HGNC:25401;Name=FAM200A;description=family with sequence similarity 200 member A;gbkey=Gene;gene=FAM200A;gene_biotype=protein_coding;gene_synonym=C7orf38"
1840073,NC_000007.14,Gnomon,gene,99552165,99555957,.,+,.,ID=gene-LOC105375422;Dbxref=GeneID:105375422;Name=LOC105375422;description=uncharacterized LOC105375422;gbkey=Gene;gene=LOC105375422;gene_biotype=lncRNA
1840091,NC_000007.14,BestRefSeq%2CGnomon,gene,99558642,99576453,.,+,.,"ID=gene-ZNF655;Dbxref=GeneID:79027,HGNC:HGNC:30899,MIM:617891;Name=ZNF655;description=zinc finger protein 655;gbkey=Gene;gene=ZNF655;gene_biotype=protein_coding;gene_synonym=VIK,VIK-1"
1840211,NC_000007.14,BestRefSeq%2CGnomon,gene,99598058,99611045,.,+,.,"ID=gene-TMEM225B;Dbxref=GeneID:100289187,HGNC:HGNC:53075;Name=TMEM225B;description=transmembrane protein 225B;gbkey=Gene;gene=TMEM225B;gene_biotype=protein_coding;gene_synonym=GS1-259H13.2"
1840468,NC_000007.14,BestRefSeq%2CGnomon,gene,99616946,99738035,.,+,.,"ID=gene-ZSCAN25;Dbxref=GeneID:221785,HGNC:HGNC:21961;Name=ZSCAN25;description=zinc finger and SCAN domain containing 25;gbkey=Gene;gene=ZSCAN25;gene_biotype=protein_coding;gene_synonym=ZNF498"
1840830,NC_000007.14,BestRefSeq,gene,99648194,99679996,.,-,.,"ID=gene-CYP3A5;Dbxref=GeneID:1577,HGNC:HGNC:2638,MIM:605325;Name=CYP3A5;description=cytochrome P450 family 3 subfamily A member 5;gbkey=Gene;gene=CYP3A5;gene_biotype=protein_coding;gene_synonym=CP35,CYPIIIA5,P450PCN3,PCN3"
1840943,NC_000007.14,BestRefSeq,gene,99684677,99735196,.,-,.,"ID=gene-CYP3A7-CYP3A51P;Dbxref=GeneID:100861540,HGNC:HGNC:51504;Name=CYP3A7-CYP3A51P;description=CYP3A7-CYP3A51P readthrough;gbkey=Gene;gene=CYP3A7-CYP3A51P;gene_biotype=protein_coding;gene_synonym=CYP3A7,CYP3A7-3AP1,CYP3A7-CYP3AP1,CYP3A7.1L,CYPIIIA7"
1840976,NC_000007.14,BestRefSeq,gene,99705036,99735196,.,-,.,"ID=gene-CYP3A7;Dbxref=GeneID:1551,HGNC:HGNC:2640,MIM:605340;Name=CYP3A7;description=cytochrome P450 family 3 subfamily A member 7;gbkey=Gene;gene=CYP3A7;gene_biotype=protein_coding;gene_synonym=CP37,CYPIIIA7,P-450(HFL33),P-450111A7,P450-HFLA,P450HLp2"
1841026,NC_000007.14,BestRefSeq,gene,99756967,99784184,.,-,.,"ID=gene-CYP3A4;Dbxref=GeneID:1576,HGNC:HGNC:2637,MIM:124010;Name=CYP3A4;description=cytochrome P450 family 3 subfamily A member 4;gbkey=Gene;gene=CYP3A4;gene_biotype=protein_coding;gene_synonym=CP33,CP34,CYP3A,CYP3A3,CYPIIIA3,CYPIIIA4,HLP,NF-25,P450C3,P450PCN1,VDDR3"
1841145,NC_000007.14,BestRefSeq%2CGnomon,gene,99828013,99866093,.,+,.,"ID=gene-CYP3A43;Dbxref=GeneID:64816,HGNC:HGNC:17450,MIM:606534;Name=CYP3A43;description=cytochrome P450 family 3 subfamily A member 43;gbkey=Gene;gene=CYP3A43;gene_biotype=protein_coding"
1841352,NC_000007.14,BestRefSeq,gene,99876062,99877033,.,-,.,"ID=gene-OR2AE1;Dbxref=GeneID:81392,HGNC:HGNC:15087;Name=OR2AE1;description=olfactory receptor family 2 subfamily AE member 1;gbkey=Gene;gene=OR2AE1;gene_biotype=protein_coding;gene_synonym=OR2AE2"
1841358,NC_000007.14,BestRefSeq,gene,99890403,99919530,.,-,.,"ID=gene-TRIM4;Dbxref=GeneID:89122,HGNC:HGNC:16275;Name=TRIM4;description=tripartite motif containing 4;gbkey=Gene;gene=TRIM4;gene_biotype=protein_coding;gene_synonym=RNF87"
1841393,NC_000007.14,Gnomon,gene,99919603,99925314,.,+,.,ID=gene-LOC101927610;Dbxref=GeneID:101927610;Name=LOC101927610;description=uncharacterized LOC101927610;gbkey=Gene;gene=LOC101927610;gene_biotype=lncRNA
1841402,NC_000007.14,BestRefSeq%2CGnomon,gene,99923266,99930747,.,-,.,"ID=gene-GJC3;Dbxref=GeneID:349149,HGNC:HGNC:17495,MIM:611925;Name=GJC3;description=gap junction protein gamma 3;gbkey=Gene;gene=GJC3;gene_biotype=protein_coding;gene_synonym=CX29,CX30.2,CX31.3,GJE1"
1841423,NC_000007.14,cmsearch,gene,99952033,99952158,.,+,.,ID=gene-LOC124900245;Dbxref=GeneID:124900245;Name=LOC124900245;description=small nucleolar RNA SNORA40;gbkey=Gene;gene=LOC124900245;gene_biotype=snoRNA
1841426,NC_000007.14,BestRefSeq,gene,99966730,99976031,.,-,.,"ID=gene-AZGP1;Dbxref=GeneID:563,HGNC:HGNC:910,MIM:194460;Name=AZGP1;description=alpha-2-glycoprotein 1%2C zinc-binding;gbkey=Gene;gene=AZGP1;gene_biotype=protein_coding;gene_synonym=ZA2G,ZAG"
1841446,NC_000007.14,BestRefSeq,gene,99997075,100011634,.,+,.,ID=gene-LOC105375423;Dbxref=GeneID:105375423;Name=LOC105375423;description=uncharacterized LOC105375423;gbkey=Gene;gene=LOC105375423;gene_biotype=lncRNA
1841469,NC_000007.14,BestRefSeq%2CGnomon,gene,100015596,100045374,.,+,.,"ID=gene-ZKSCAN1;Dbxref=GeneID:7586,HGNC:HGNC:13101,MIM:601260;Name=ZKSCAN1;description=zinc finger with KRAB and SCAN domains 1;gbkey=Gene;gene=ZKSCAN1;gene_biotype=protein_coding;gene_synonym=KOX18,PHZ-37,ZNF139,ZNF36,ZSCAN33"
1841592,NC_000007.14,BestRefSeq%2CGnomon,gene,100049774,100065040,.,+,.,"ID=gene-ZSCAN21;Dbxref=GeneID:7589,HGNC:HGNC:13104,MIM:601261;Name=ZSCAN21;description=zinc finger and SCAN domain containing 21;gbkey=Gene;gene=ZSCAN21;gene_biotype=protein_coding;gene_synonym=NY-REN-21,Zipro1,ZNF38"
1841668,NC_000007.14,BestRefSeq%2CGnomon,gene,100063837,100082577,.,-,.,"ID=gene-ZNF3;Dbxref=GeneID:7551,HGNC:HGNC:13089,MIM:194510;Name=ZNF3;description=zinc finger protein 3;gbkey=Gene;gene=ZNF3;gene_biotype=protein_coding;gene_synonym=A8-51,HF.12,KOX25,PP838,Zfp113"
1841959,NC_000007.14,BestRefSeq,gene,100088969,100092187,.,+,.,"ID=gene-COPS6;Dbxref=GeneID:10980,HGNC:HGNC:21749,MIM:614729;Name=COPS6;description=COP9 signalosome subunit 6;gbkey=Gene;gene=COPS6;gene_biotype=protein_coding;gene_synonym=CSN6,MOV34-34KD"
1841986,NC_000007.14,BestRefSeq%2CGnomon,gene,100092728,100101397,.,-,.,"ID=gene-MCM7;Dbxref=GeneID:4176,HGNC:HGNC:6950,MIM:600592;Name=MCM7;description=minichromosome maintenance complex component 7;gbkey=Gene;gene=MCM7;gene_biotype=protein_coding;gene_synonym=CDC47,MCM2,P1.1-MCM3,P1CDC47,P85MCM,PNAS146,PPP1R104"
1842098,NC_000007.14,BestRefSeq,gene,100093560,100093643,.,-,.,"ID=gene-MIR25;Dbxref=GeneID:407014,HGNC:HGNC:31609,MIM:612150,miRBase:MI0000082;Name=MIR25;description=microRNA 25;gbkey=Gene;gene=MIR25;gene_biotype=miRNA;gene_synonym=hsa-mir-25,miR-25,MIRN25"
1842105,NC_000007.14,BestRefSeq,gene,100093768,100093847,.,-,.,"ID=gene-MIR93;Dbxref=GeneID:407050,HGNC:HGNC:31645,MIM:612984,miRBase:MI0000095;Name=MIR93;description=microRNA 93;gbkey=Gene;gene=MIR93;gene_biotype=miRNA;gene_synonym=hsa-mir-93,miR-93,MIRN9,MIRN93"
1842112,NC_000007.14,BestRefSeq,gene,100093993,100094074,.,-,.,"ID=gene-MIR106B;Dbxref=GeneID:406900,HGNC:HGNC:31495,MIM:612983,miRBase:MI0000734;Name=MIR106B;description=microRNA 106b;gbkey=Gene;gene=MIR106B;gene_biotype=miRNA;gene_synonym=mir-106b,MIRN106B"
1842123,NC_000007.14,BestRefSeq%2CGnomon,gene,100100794,100109039,.,+,.,"ID=gene-AP4M1;Dbxref=GeneID:9179,HGNC:HGNC:574,MIM:602296;Name=AP4M1;description=adaptor related protein complex 4 subunit mu 1;gbkey=Gene;gene=AP4M1;gene_biotype=protein_coding;gene_synonym=CPSQ3,MU-4,MU-ARP2,SPG50"
1842436,NC_000007.14,BestRefSeq%2CGnomon,gene,100107070,100127171,.,-,.,"ID=gene-TAF6;Dbxref=GeneID:6878,HGNC:HGNC:11540,MIM:602955;Name=TAF6;description=TATA-box binding protein associated factor 6;gbkey=Gene;gene=TAF6;gene_biotype=protein_coding;gene_synonym=ALYUS,MGC:8964,TAF(II)70,TAF(II)80,TAF2E,TAFII-70,TAFII-80,TAFII70,TAFII80,TAFII85"
1842976,NC_000007.14,BestRefSeq,gene,100119634,100125508,.,+,.,"ID=gene-CNPY4;Dbxref=GeneID:245812,HGNC:HGNC:28631,MIM:610047;Name=CNPY4;description=canopy FGF signaling regulator 4;gbkey=Gene;gene=CNPY4;gene_biotype=protein_coding;gene_synonym=PRAT4B"
1842998,NC_000007.14,BestRefSeq%2CGnomon,gene,100126967,100128495,.,+,.,"ID=gene-MBLAC1;Dbxref=GeneID:255374,HGNC:HGNC:22180,MIM:620906;Name=MBLAC1;description=metallo-beta-lactamase domain containing 1;gbkey=Gene;gene=MBLAC1;gene_biotype=protein_coding"
1843020,NC_000007.14,BestRefSeq,gene,100148918,100154203,.,+,.,"ID=gene-LAMTOR4;Dbxref=GeneID:389541,HGNC:HGNC:33772,MIM:618834;Name=LAMTOR4;description=late endosomal/lysosomal adaptor%2C MAPK and MTOR activator 4;gbkey=Gene;gene=LAMTOR4;gene_biotype=protein_coding;gene_synonym=C7orf59"
1843091,NC_000007.14,BestRefSeq,gene,100154423,100158723,.,-,.,"ID=gene-TRAPPC14;Dbxref=GeneID:55262,HGNC:HGNC:25604,MIM:618350;Name=TRAPPC14;description=trafficking protein particle complex subunit 14;gbkey=Gene;gene=TRAPPC14;gene_biotype=protein_coding;gene_synonym=C7orf43,MAP11,MCPH25"
1843134,NC_000007.14,BestRefSeq,gene,100156605,100156669,.,-,.,"ID=gene-MIR4658;Dbxref=GeneID:100616439,HGNC:HGNC:41673,miRBase:MI0017286;Name=MIR4658;description=microRNA 4658;gbkey=Gene;gene=MIR4658;gene_biotype=miRNA"
1843145,NC_000007.14,BestRefSeq,gene,100159244,100168617,.,-,.,"ID=gene-GAL3ST4;Dbxref=GeneID:79690,HGNC:HGNC:24145,MIM:608235;Name=GAL3ST4;description=galactose-3-O-sulfotransferase 4;gbkey=Gene;gene=GAL3ST4;gene_biotype=protein_coding;gene_synonym=GAL3ST-4"
1843156,NC_000007.14,BestRefSeq,gene,100169606,100177381,.,-,.,"ID=gene-GPC2;Dbxref=GeneID:221914,HGNC:HGNC:4450,MIM:618446;Name=GPC2;description=glypican 2;gbkey=Gene;gene=GPC2;gene_biotype=protein_coding"
1843186,NC_000007.14,BestRefSeq%2CGnomon,gene,100177724,100219334,.,+,.,"ID=gene-STAG3;Dbxref=GeneID:10734,HGNC:HGNC:11356,MIM:608489;Name=STAG3;description=STAG3 cohesin complex component;gbkey=Gene;gene=STAG3;gene_biotype=protein_coding;gene_synonym=SA3,SPGF61"
1844747,NC_000007.14,BestRefSeq,gene,100219248,100221490,.,+,.,"ID=gene-PVRIG;Dbxref=GeneID:79037,HGNC:HGNC:32190,MIM:617012;Name=PVRIG;description=PVR related immunoglobulin domain containing;gbkey=Gene;gene=PVRIG;gene_biotype=protein_coding;gene_synonym=C7orf15,CD112R"
1844798,NC_000007.14,Gnomon,gene,100264867,100267484,.,-,.,ID=gene-LOC105375426;Dbxref=GeneID:105375426;Name=LOC105375426;description=uncharacterized LOC105375426;gbkey=Gene;gene=LOC105375426;gene_biotype=lncRNA
1844814,NC_000007.14,BestRefSeq%2CGnomon,gene,100307702,100322196,.,+,.,"ID=gene-SPDYE3;Dbxref=GeneID:441272,HGNC:HGNC:35462,MIM:617625;Name=SPDYE3;description=speedy/RINGO cell cycle regulator family member E3;gbkey=Gene;gene=SPDYE3;gene_biotype=protein_coding;gene_synonym=SPDYB2"
1844870,NC_000007.14,BestRefSeq,gene,100336065,100367831,.,+,.,"ID=gene-STAG3L5P-PVRIG2P-PILRB;Dbxref=GeneID:101752399,HGNC:HGNC:48898;Name=STAG3L5P-PVRIG2P-PILRB;description=STAG3L5P-PVRIG2P-PILRB readthrough;gbkey=Gene;gene=STAG3L5P-PVRIG2P-PILRB;gene_biotype=lncRNA;gene_synonym=FDFACT,LOC101735302-LOC101752334-PILRB,PILRB"
1844925,NC_000007.14,BestRefSeq,gene,100356651,100356721,.,+,.,"ID=gene-MIR6840;Dbxref=GeneID:102466747,HGNC:HGNC:50138,miRBase:MI0022686;Name=MIR6840;description=microRNA 6840;gbkey=Gene;gene=MIR6840;gene_biotype=miRNA;gene_synonym=hsa-mir-6840"
1844932,NC_000007.14,BestRefSeq,gene,100358117,100367831,.,+,.,"ID=gene-PILRB;Dbxref=GeneID:29990,HGNC:HGNC:18297,MIM:605342;Name=PILRB;description=paired immunoglobin like type 2 receptor beta;gbkey=Gene;gene=PILRB;gene_biotype=protein_coding;gene_synonym=FDFACT1,FDFACT2"
1844963,NC_000007.14,BestRefSeq%2CGnomon,gene,100371291,100400096,.,+,.,"ID=gene-PILRA;Dbxref=GeneID:29992,HGNC:HGNC:20396,MIM:605341;Name=PILRA;description=paired immunoglobin like type 2 receptor alpha;gbkey=Gene;gene=PILRA;gene_biotype=protein_coding;gene_synonym=FDF03"
1845040,NC_000007.14,BestRefSeq%2CGnomon,gene,100400872,100428703,.,-,.,"ID=gene-ZCWPW1;Dbxref=GeneID:55063,HGNC:HGNC:23486,MIM:618900;Name=ZCWPW1;description=zinc finger CW-type and PWWP domain containing 1;gbkey=Gene;gene=ZCWPW1;gene_biotype=protein_coding;gene_synonym=ZCW1"
1846071,NC_000007.14,BestRefSeq,gene,100428790,100434118,.,+,.,"ID=gene-MEPCE;Dbxref=GeneID:56257,HGNC:HGNC:20247,MIM:611478;Name=MEPCE;description=methylphosphate capping enzyme;gbkey=Gene;gene=MEPCE;gene_biotype=protein_coding;gene_synonym=BCDIN3"
1846127,NC_000007.14,BestRefSeq%2CGnomon,gene,100435282,100436698,.,-,.,"ID=gene-PPP1R35;Dbxref=GeneID:221908,HGNC:HGNC:28320,MIM:618937;Name=PPP1R35;description=protein phosphatase 1 regulatory subunit 35;gbkey=Gene;gene=PPP1R35;gene_biotype=protein_coding;gene_synonym=C7orf47"
1846157,NC_000007.14,BestRefSeq,gene,100436668,100439877,.,+,.,"ID=gene-PPP1R35-AS1;Dbxref=GeneID:101927632,HGNC:HGNC:41194;Name=PPP1R35-AS1;description=PPP1R35 antisense RNA 1;gbkey=Gene;gene=PPP1R35-AS1;gene_biotype=lncRNA"
1846174,NC_000007.14,BestRefSeq,gene,100456620,100479214,.,-,.,ID=gene-TSC22D4-C7ORF61;Dbxref=GeneID:122198330;Name=TSC22D4-C7ORF61;description=TSC22D4-C7orf61 readthrough;gbkey=Gene;gene=TSC22D4-C7ORF61;gene_biotype=protein_coding
1846187,NC_000007.14,BestRefSeq,gene,100456620,100464260,.,-,.,"ID=gene-SPACDR;Dbxref=GeneID:402573,HGNC:HGNC:22135,MIM:619782;Name=SPACDR;description=sperm acrosome developmental regulator;gbkey=Gene;gene=SPACDR;gene_biotype=protein_coding;gene_synonym=C7orf61"
1846197,NC_000007.14,BestRefSeq,gene,100466519,100479214,.,-,.,"ID=gene-TSC22D4;Dbxref=GeneID:81628,HGNC:HGNC:21696,MIM:611914;Name=TSC22D4;description=TSC22 domain family member 4;gbkey=Gene;gene=TSC22D4;gene_biotype=protein_coding;gene_synonym=SPACDR,THG-1,THG1,TILZ2"
1846249,NC_000007.14,BestRefSeq,gene,100483927,100494802,.,+,.,"ID=gene-NYAP1;Dbxref=GeneID:222950,HGNC:HGNC:22009,MIM:615477;Name=NYAP1;description=neuronal tyrosine phosphorylated phosphoinositide-3-kinase adaptor 1;gbkey=Gene;gene=NYAP1;gene_biotype=protein_coding;gene_synonym=C7orf51"
1846276,NC_000007.14,Gnomon,gene,100509764,100522036,.,+,.,ID=gene-LOC107986829;Dbxref=GeneID:107986829;Name=LOC107986829;description=uncharacterized LOC107986829;gbkey=Gene;gene=LOC107986829;gene_biotype=lncRNA
1846290,NC_000007.14,BestRefSeq%2CGnomon,gene,100539203,100568220,.,+,.,"ID=gene-AGFG2;Dbxref=GeneID:3268,HGNC:HGNC:5177,MIM:604019;Name=AGFG2;description=ArfGAP with FG repeats 2;gbkey=Gene;gene=AGFG2;gene_biotype=protein_coding;gene_synonym=HRBL,RABR"
1846392,NC_000007.14,Gnomon,gene,100543467,100546496,.,-,.,ID=gene-LOC124901708;Dbxref=GeneID:124901708;Name=LOC124901708;description=uncharacterized LOC124901708;gbkey=Gene;gene=LOC124901708;gene_biotype=lncRNA
1846409,NC_000007.14,BestRefSeq,gene,100572228,100573900,.,-,.,"ID=gene-SAP25;Dbxref=GeneID:100316904,HGNC:HGNC:41908,MIM:619230;Name=SAP25;description=Sin3A associated protein 25;gbkey=Gene;gene=SAP25;gene_biotype=protein_coding"
1846446,NC_000007.14,BestRefSeq%2CGnomon,gene,100574011,100586129,.,-,.,"ID=gene-LRCH4;Dbxref=GeneID:4034,HGNC:HGNC:6691,MIM:620165;Name=LRCH4;description=leucine rich repeats and calponin homology domain containing 4;gbkey=Gene;gene=LRCH4;gene_biotype=protein_coding;gene_synonym=LRN,LRRN1,LRRN4,PP14183"
1847137,NC_000007.14,BestRefSeq%2CGnomon,gene,100586328,100601117,.,+,.,"ID=gene-FBXO24;Dbxref=GeneID:26261,HGNC:HGNC:13595,MIM:609097;Name=FBXO24;description=F-box protein 24;gbkey=Gene;gene=FBXO24;gene_biotype=protein_coding;gene_synonym=FBX24"
1847279,NC_000007.14,BestRefSeq,gene,100589401,100604038,.,-,.,"ID=gene-PCOLCE-AS1;Dbxref=GeneID:100129845,HGNC:HGNC:40430;Name=PCOLCE-AS1;description=PCOLCE antisense RNA 1;gbkey=Gene;gene=PCOLCE-AS1;gene_biotype=lncRNA"
1847292,NC_000007.14,BestRefSeq,gene,100602363,100608175,.,+,.,"ID=gene-PCOLCE;Dbxref=GeneID:5118,HGNC:HGNC:8738,MIM:600270;Name=PCOLCE;description=procollagen C-endopeptidase enhancer;gbkey=Gene;gene=PCOLCE;gene_biotype=protein_coding;gene_synonym=PCPE,PCPE-1,PCPE1"
1847324,NC_000007.14,BestRefSeq%2CGnomon,gene,100612162,100615377,.,+,.,"ID=gene-MOSPD3;Dbxref=GeneID:64598,HGNC:HGNC:25078,MIM:609125;Name=MOSPD3;description=motile sperm domain containing 3;gbkey=Gene;gene=MOSPD3;gene_biotype=protein_coding;gene_synonym=CDS3,NET30"
1847409,NC_000007.14,BestRefSeq,gene,100620420,100641552,.,-,.,"ID=gene-TFR2;Dbxref=GeneID:7036,HGNC:HGNC:11762,MIM:604720;Name=TFR2;description=transferrin receptor 2;gbkey=Gene;gene=TFR2;gene_biotype=protein_coding;gene_synonym=HFE3,TFRC2"
1847478,NC_000007.14,Gnomon,gene,100622122,100633102,.,+,.,ID=gene-LOC124901709;Dbxref=GeneID:124901709;Name=LOC124901709;description=uncharacterized LOC124901709;gbkey=Gene;gene=LOC124901709;gene_biotype=lncRNA
1847483,NC_000007.14,Gnomon,gene,100624554,100626750,.,-,.,ID=gene-LOC124901710;Dbxref=GeneID:124901710;Name=LOC124901710;description=uncharacterized LOC124901710;gbkey=Gene;gene=LOC124901710;gene_biotype=lncRNA
1847498,NC_000007.14,BestRefSeq,gene,100643097,100656448,.,-,.,"ID=gene-ACTL6B;Dbxref=GeneID:51412,HGNC:HGNC:160,MIM:612458;Name=ACTL6B;description=actin like 6B;gbkey=Gene;gene=ACTL6B;gene_biotype=protein_coding;gene_synonym=ACTL6,arpNalpha,BAF53B,DEE76,EIEE76,IDDSSAD,SMARCN2"
1847547,NC_000007.14,BestRefSeq,gene,100656561,100666426,.,+,.,ID=gene-LOC105375429;Dbxref=GeneID:105375429;Name=LOC105375429;description=uncharacterized LOC105375429;gbkey=Gene;gene=LOC105375429;gene_biotype=lncRNA
1847556,NC_000007.14,BestRefSeq,gene,100673740,100679169,.,+,.,"ID=gene-GNB2;Dbxref=GeneID:2783,HGNC:HGNC:4398,MIM:139390;Name=GNB2;description=G protein subunit beta 2;gbkey=Gene;gene=GNB2;gene_biotype=protein_coding;gene_synonym=HG2C1,NEDHYDF,SSS4"
1847589,NC_000007.14,BestRefSeq,gene,100679507,100694250,.,-,.,"ID=gene-GIGYF1;Dbxref=GeneID:64599,HGNC:HGNC:9126,MIM:612064;Name=GIGYF1;description=GRB10 interacting GYF protein 1;gbkey=Gene;gene=GIGYF1;gene_biotype=protein_coding;gene_synonym=GYF1,PERQ1"
1848139,NC_000007.14,BestRefSeq,gene,100706121,100707486,.,+,.,"ID=gene-POP7;Dbxref=GeneID:10248,HGNC:HGNC:19949,MIM:606113;Name=POP7;description=POP7 homolog%2C ribonuclease P/MRP subunit;gbkey=Gene;gene=POP7;gene_biotype=protein_coding;gene_synonym=0610037N12Rik,RPP2,RPP20"
1848144,NC_000007.14,BestRefSeq,gene,100720468,100723700,.,+,.,"ID=gene-EPO;Dbxref=GeneID:2056,HGNC:HGNC:3415,MIM:133170;Name=EPO;description=erythropoietin;gbkey=Gene;gene=EPO;gene_biotype=protein_coding;gene_synonym=DBAL,ECYT5,EP,MVCD2"
1848160,NC_000007.14,BestRefSeq,gene,100733595,100797797,.,+,.,"ID=gene-ZAN;Dbxref=GeneID:7455,HGNC:HGNC:12857,MIM:602372;Name=ZAN;description=zonadhesin;gbkey=Gene;gene=ZAN;gene_biotype=protein_coding"
1848508,NC_000007.14,BestRefSeq%2CGnomon,gene,100802565,100827523,.,-,.,"ID=gene-EPHB4;Dbxref=GeneID:2050,HGNC:HGNC:3395,MIM:600011;Name=EPHB4;description=EPH receptor B4;gbkey=Gene;gene=EPHB4;gene_biotype=protein_coding;gene_synonym=CMAVM2,HFASD,HTK,LMPHM7,MYK1,TYRO11"
1848587,NC_000007.14,BestRefSeq%2CGnomon,gene,100826869,100867012,.,+,.,"ID=gene-SLC12A9;Dbxref=GeneID:56996,HGNC:HGNC:17435,MIM:616861;Name=SLC12A9;description=solute carrier family 12 member 9;gbkey=Gene;gene=SLC12A9;gene_biotype=protein_coding;gene_synonym=CCC6,CIP1,hCCC6,WO3.3"
1848935,NC_000007.14,BestRefSeq,gene,100837314,100852614,.,-,.,"ID=gene-SLC12A9-AS1;Dbxref=GeneID:105375430,HGNC:HGNC:40807;Name=SLC12A9-AS1;description=SLC12A9 antisense RNA 1;gbkey=Gene;gene=SLC12A9-AS1;gene_biotype=lncRNA"
1848957,NC_000007.14,BestRefSeq,gene,100867387,100873454,.,+,.,"ID=gene-TRIP6;Dbxref=GeneID:7205,HGNC:HGNC:12311,MIM:602933;Name=TRIP6;description=thyroid hormone receptor interactor 6;gbkey=Gene;gene=TRIP6;gene_biotype=protein_coding;gene_synonym=OIP-1,OIP1,TRIP-6,TRIP6i2,ZRP-1"
1848979,NC_000007.14,BestRefSeq,gene,100868036,100868107,.,+,.,"ID=gene-MIR6875;Dbxref=GeneID:102466755,HGNC:HGNC:50015,miRBase:MI0022722;Name=MIR6875;description=microRNA 6875;gbkey=Gene;gene=MIR6875;gene_biotype=miRNA;gene_synonym=hsa-mir-6875"
1848993,NC_000007.14,BestRefSeq%2CGnomon,gene,100875103,100888664,.,+,.,"ID=gene-SRRT;Dbxref=GeneID:51593,HGNC:HGNC:24101,MIM:614469;Name=SRRT;description=serrate%2C RNA effector molecule;gbkey=Gene;gene=SRRT;gene_biotype=protein_coding;gene_synonym=ARS2,ASR2,serrate"
1849403,NC_000007.14,BestRefSeq,gene,100888721,100889715,.,-,.,"ID=gene-UFSP1;Dbxref=GeneID:402682,HGNC:HGNC:33821,MIM:611481;Name=UFSP1;description=UFM1 specific peptidase 1;gbkey=Gene;gene=UFSP1;gene_biotype=protein_coding;gene_synonym=UFSP"
1849412,NC_000007.14,BestRefSeq,gene,100889994,100896994,.,-,.,"ID=gene-ACHE;Dbxref=GeneID:43,HGNC:HGNC:108,MIM:100740;Name=ACHE;description=acetylcholinesterase (Yt blood group);gbkey=Gene;gene=ACHE;gene_biotype=protein_coding;gene_synonym=ACEE,ARACHE,N-ACHE,YT"
1849531,NC_000007.14,Gnomon,gene,100942059,100962315,.,-,.,ID=gene-LOC105375431;Dbxref=GeneID:105375431;Name=LOC105375431;description=uncharacterized LOC105375431;gbkey=Gene;gene=LOC105375431;gene_biotype=lncRNA
1849540,NC_000007.14,BestRefSeq,gene,100949534,100968347,.,+,.,"ID=gene-MUC3A;Dbxref=GeneID:4584,HGNC:HGNC:7513,MIM:158371;Name=MUC3A;description=mucin 3A%2C cell surface associated;gbkey=Gene;gene=MUC3A;gene_biotype=protein_coding;gene_synonym=MUC-3A,MUC3"
1849572,NC_000007.14,Gnomon,gene,100963829,100964807,.,-,.,ID=gene-LOC124900622;Dbxref=GeneID:124900622;Name=LOC124900622;description=uncharacterized LOC124900622;gbkey=Gene;gene=LOC124900622;gene_biotype=lncRNA
1849581,NC_000007.14,BestRefSeq,gene,100969565,101018936,.,+,.,"ID=gene-MUC12;Dbxref=GeneID:10071,HGNC:HGNC:7510,MIM:604609;Name=MUC12;description=mucin 12%2C cell surface associated;gbkey=Gene;gene=MUC12;gene_biotype=protein_coding;gene_synonym=MUC-11,MUC-12,MUC11"
1849611,NC_000007.14,BestRefSeq,gene,101014320,101017608,.,-,.,"ID=gene-MUC12-AS1;Dbxref=GeneID:102724094,HGNC:HGNC:40382;Name=MUC12-AS1;description=MUC12 antisense RNA 1;gbkey=Gene;gene=MUC12-AS1;gene_biotype=lncRNA"
1849630,NC_000007.14,BestRefSeq,gene,101020081,101058859,.,+,.,"ID=gene-MUC17;Dbxref=GeneID:140453,HGNC:HGNC:16800,MIM:608424;Name=MUC17;description=mucin 17%2C cell surface associated;gbkey=Gene;gene=MUC17;gene_biotype=protein_coding;gene_synonym=MUC-17,MUC-3,MUC3"
1849678,NC_000007.14,BestRefSeq%2CGnomon,gene,101085481,101097967,.,+,.,"ID=gene-TRIM56;Dbxref=GeneID:81844,HGNC:HGNC:19028,MIM:616996;Name=TRIM56;description=tripartite motif containing 56;gbkey=Gene;gene=TRIM56;gene_biotype=protein_coding;gene_synonym=RNF109"
1849718,NC_000007.14,BestRefSeq,gene,101127104,101139247,.,+,.,"ID=gene-SERPINE1;Dbxref=GeneID:5054,HGNC:HGNC:8583,MIM:173360;Name=SERPINE1;description=serpin family E member 1;gbkey=Gene;gene=SERPINE1;gene_biotype=protein_coding;gene_synonym=PAI,PAI-1,PAI1,PLANH1"
1849947,NC_000007.14,BestRefSeq,gene,101154476,101161276,.,+,.,"ID=gene-AP1S1;Dbxref=GeneID:1174,HGNC:HGNC:559,MIM:603531;Name=AP1S1;description=adaptor related protein complex 1 subunit sigma 1;gbkey=Gene;gene=AP1S1;gene_biotype=protein_coding;gene_synonym=AP19,CLAPS1,EKV3,MEDNIK,SIGMA1A"
1849963,NC_000007.14,BestRefSeq,gene,101159473,101159555,.,+,.,"ID=gene-MIR4653;Dbxref=GeneID:100616117,HGNC:HGNC:41562,miRBase:MI0017281;Name=MIR4653;description=microRNA 4653;gbkey=Gene;gene=MIR4653;gene_biotype=miRNA"
1849970,NC_000007.14,BestRefSeq%2CGnomon,gene,101162509,101169952,.,-,.,"ID=gene-VGF;Dbxref=GeneID:7425,HGNC:HGNC:12684,MIM:602186;Name=VGF;description=VGF nerve growth factor inducible;gbkey=Gene;gene=VGF;gene_biotype=protein_coding;gene_synonym=SCG7,SgVII"
1849994,NC_000007.14,BestRefSeq,gene,101170496,101180293,.,-,.,"ID=gene-NAT16;Dbxref=GeneID:375607,HGNC:HGNC:22030,MIM:615783;Name=NAT16;description=N-acetyltransferase 16 (putative);gbkey=Gene;gene=NAT16;gene_biotype=protein_coding;gene_synonym=C7orf52"
1850036,NC_000007.14,BestRefSeq%2CGnomon,gene,101192886,101201036,.,-,.,"ID=gene-MOGAT3;Dbxref=GeneID:346606,HGNC:HGNC:23249,MIM:610184;Name=MOGAT3;description=monoacylglycerol O-acyltransferase 3;gbkey=Gene;gene=MOGAT3;gene_biotype=protein_coding;gene_synonym=DC7,DGAT2L2,MGAT3"
1850103,NC_000007.14,BestRefSeq,gene,101205984,101217581,.,-,.,"ID=gene-PLOD3;Dbxref=GeneID:8985,HGNC:HGNC:9083,MIM:603066;Name=PLOD3;description=procollagen-lysine%2C2-oxoglutarate 5-dioxygenase 3;gbkey=Gene;gene=PLOD3;gene_biotype=protein_coding;gene_synonym=BCARD,LH3"
1850153,NC_000007.14,BestRefSeq%2CGnomon,gene,101218165,101224190,.,+,.,"ID=gene-ZNHIT1;Dbxref=GeneID:10467,HGNC:HGNC:21688,MIM:618617;Name=ZNHIT1;description=zinc finger HIT-type containing 1;gbkey=Gene;gene=ZNHIT1;gene_biotype=protein_coding;gene_synonym=CG1I,p18(Hamlet),ZNFN4A1"
1850180,NC_000007.14,BestRefSeq,gene,101232094,101238820,.,-,.,"ID=gene-CLDN15;Dbxref=GeneID:24146,HGNC:HGNC:2036,MIM:615778;Name=CLDN15;description=claudin 15;gbkey=Gene;gene=CLDN15;gene_biotype=protein_coding"
1850204,NC_000007.14,BestRefSeq,gene,101239472,101245081,.,-,.,"ID=gene-FIS1;Dbxref=GeneID:51024,HGNC:HGNC:21689,MIM:609003;Name=FIS1;description=fission%2C mitochondrial 1;gbkey=Gene;gene=FIS1;gene_biotype=protein_coding;gene_synonym=CGI-135,TTC11"
1850251,NC_000007.14,BestRefSeq,gene,101299613,101301346,.,+,.,"ID=gene-LNCPRESS1;Dbxref=GeneID:101927721,HGNC:HGNC:52746;Name=LNCPRESS1;description=lncRNA p53 regulated and ESC associated 1;gbkey=Gene;gene=LNCPRESS1;gene_biotype=lncRNA"
1850261,NC_000007.14,BestRefSeq,gene,101308307,101311339,.,+,.,"ID=gene-EMSLR;Dbxref=GeneID:101927746,HGNC:HGNC:54408,MIM:618575;Name=EMSLR;description=E2F1 mRNA stabilizing lncRNA;gbkey=Gene;gene=EMSLR;gene_biotype=lncRNA;gene_synonym=BCCE4,EMS"
1850267,NC_000007.14,BestRefSeq,gene,101310914,101321823,.,-,.,"ID=gene-IFT22;Dbxref=GeneID:64792,HGNC:HGNC:21895,MIM:620505;Name=IFT22;description=intraflagellar transport 22;gbkey=Gene;gene=IFT22;gene_biotype=protein_coding;gene_synonym=CFAP9,FAP9,RABL5"
1850320,NC_000007.14,BestRefSeq%2CGnomon,gene,101362388,101559024,.,+,.,"ID=gene-COL26A1;Dbxref=GeneID:136227,HGNC:HGNC:18038,MIM:608927;Name=COL26A1;description=collagen type XXVI alpha 1 chain;gbkey=Gene;gene=COL26A1;gene_biotype=protein_coding;gene_synonym=EMI6,EMID2,EMU2,SH2B"
1850521,NC_000007.14,BestRefSeq,gene,101562755,101569006,.,-,.,"ID=gene-LINC01007;Dbxref=GeneID:100506527,HGNC:HGNC:48973;Name=LINC01007;description=long intergenic non-protein coding RNA 1007;gbkey=Gene;gene=LINC01007;gene_biotype=lncRNA"
1850536,NC_000007.14,Gnomon,gene,101575745,101591775,.,+,.,ID=gene-LOC107986832;Dbxref=GeneID:107986832;Name=LOC107986832;description=uncharacterized LOC107986832;gbkey=Gene;gene=LOC107986832;gene_biotype=lncRNA
1850547,NC_000007.14,BestRefSeq%2CGnomon,gene,101613330,101629296,.,-,.,"ID=gene-MYL10;Dbxref=GeneID:93408,HGNC:HGNC:29825,MIM:617177;Name=MYL10;description=myosin light chain 10;gbkey=Gene;gene=MYL10;gene_biotype=protein_coding;gene_synonym=MYLC2PL,PLRLC"
1850621,NC_000007.14,BestRefSeq%2CGnomon,gene,101816007,102283958,.,+,.,"ID=gene-CUX1;Dbxref=GeneID:1523,HGNC:HGNC:2557,MIM:116896;Name=CUX1;description=cut like homeobox 1;gbkey=Gene;gene=CUX1;gene_biotype=protein_coding;gene_synonym=CASP,CDP,CDP/Cut,CDP1,Clox,COY1,CUTL1,CUX,Cux/CDP,GDDI,GOLIM6,Nbla10317,p100,p110,p200,p75"
1851940,NC_000007.14,cmsearch,gene,102194076,102194205,.,-,.,ID=gene-LOC124900244;Dbxref=GeneID:124900244;Name=LOC124900244;description=small nucleolar RNA SNORA48;gbkey=Gene;gene=LOC124900244;gene_biotype=snoRNA
1851949,NC_000007.14,Gnomon,gene,102240552,102247372,.,-,.,ID=gene-LOC124901711;Dbxref=GeneID:124901711;Name=LOC124901711;description=uncharacterized LOC124901711;gbkey=Gene;gene=LOC124901711;gene_biotype=lncRNA
1851964,NC_000007.14,BestRefSeq%2CGnomon,gene,102285141,102321711,.,+,.,"ID=gene-SH2B2;Dbxref=GeneID:10603,HGNC:HGNC:17381,MIM:605300;Name=SH2B2;description=SH2B adaptor protein 2;gbkey=Gene;gene=SH2B2;gene_biotype=protein_coding;gene_synonym=APS"
1852222,NC_000007.14,BestRefSeq,gene,102293103,102293187,.,+,.,"ID=gene-MIR4285;Dbxref=GeneID:100422858,HGNC:HGNC:38337,miRBase:MI0015891;Name=MIR4285;description=microRNA 4285;gbkey=Gene;gene=MIR4285;gene_biotype=miRNA"
1852246,NC_000007.14,Gnomon,gene,102327045,102328629,.,-,.,ID=gene-LOC107986717;Dbxref=GeneID:107986717;Name=LOC107986717;description=uncharacterized LOC107986717;gbkey=Gene;gene=LOC107986717;gene_biotype=lncRNA
1852256,NC_000007.14,BestRefSeq%2CGnomon,gene,102345746,102356444,.,-,.,"ID=gene-SPDYE6;Dbxref=GeneID:729597,HGNC:HGNC:35465;Name=SPDYE6;description=speedy/RINGO cell cycle regulator family member E6;gbkey=Gene;gene=SPDYE6;gene_biotype=protein_coding"
1852314,NC_000007.14,BestRefSeq,gene,102363861,102426682,.,+,.,ID=gene-LOC100630923;Dbxref=GeneID:100630923;Name=LOC100630923;description=LOC100289561-PRKRIP1 readthrough;gbkey=Gene;gene=LOC100630923;gene_biotype=lncRNA
1852353,NC_000007.14,BestRefSeq,gene,102396363,102426666,.,+,.,"ID=gene-PRKRIP1;Dbxref=GeneID:79706,HGNC:HGNC:21894,MIM:617458;Name=PRKRIP1;description=PRKR interacting protein 1;gbkey=Gene;gene=PRKRIP1;gene_biotype=protein_coding;gene_synonym=C114,KRBOX3"
1852367,NC_000007.14,BestRefSeq,gene,102405742,102405855,.,-,.,"ID=gene-MIR548O;Dbxref=GeneID:100313829,HGNC:HGNC:35333,miRBase:MI0006402;Name=MIR548O;description=microRNA 548o;gbkey=Gene;gene=MIR548O;gene_biotype=miRNA;gene_synonym=MIRN548O"
1852372,NC_000007.14,Gnomon,gene,102405778,102421110,.,-,.,ID=gene-LOC105375433;Dbxref=GeneID:105375433;Name=LOC105375433;description=uncharacterized LOC105375433;gbkey=Gene;gene=LOC105375433;gene_biotype=lncRNA
1852408,NC_000007.14,BestRefSeq,gene,102433575,102456825,.,+,.,"ID=gene-ORAI2;Dbxref=GeneID:80228,HGNC:HGNC:21667,MIM:610929;Name=ORAI2;description=ORAI calcium release-activated calcium modulator 2;gbkey=Gene;gene=ORAI2;gene_biotype=protein_coding;gene_synonym=C7orf19,CBCIP2,MEM142B,TMEM142B"
1852442,NC_000007.14,BestRefSeq%2CGnomon,gene,102456238,102464863,.,-,.,"ID=gene-ALKBH4;Dbxref=GeneID:54784,HGNC:HGNC:21900,MIM:613302;Name=ALKBH4;description=alkB homolog 4%2C lysine demethylase;gbkey=Gene;gene=ALKBH4;gene_biotype=protein_coding;gene_synonym=ABH4"
1852459,NC_000007.14,BestRefSeq,gene,102464984,102473168,.,+,.,"ID=gene-LRWD1;Dbxref=GeneID:222229,HGNC:HGNC:21769,MIM:615167;Name=LRWD1;description=leucine rich repeats and WD repeat domain containing 1;gbkey=Gene;gene=LRWD1;gene_biotype=protein_coding;gene_synonym=CENP-33,ORCA"
1852522,NC_000007.14,BestRefSeq,gene,102465742,102465826,.,+,.,"ID=gene-MIR5090;Dbxref=GeneID:100847073,HGNC:HGNC:43547,miRBase:MI0017979;Name=MIR5090;description=microRNA 5090;gbkey=Gene;gene=MIR5090;gene_biotype=miRNA;gene_synonym=mir-5090"
1852531,NC_000007.14,BestRefSeq,gene,102471469,102471531,.,+,.,"ID=gene-MIR4467;Dbxref=GeneID:100616367,HGNC:HGNC:41896,miRBase:MI0016818;Name=MIR4467;description=microRNA 4467;gbkey=Gene;gene=MIR4467;gene_biotype=miRNA"
1852536,NC_000007.14,BestRefSeq%2CGnomon,gene,102473128,102478922,.,-,.,"ID=gene-POLR2J;Dbxref=GeneID:5439,HGNC:HGNC:9197,MIM:604150;Name=POLR2J;description=RNA polymerase II subunit J;gbkey=Gene;gene=POLR2J;gene_biotype=protein_coding;gene_synonym=hRPB14,POLR2J1,RPB11,RPB11A,RPB11m"
1852574,NC_000007.14,BestRefSeq%2CGnomon,gene,102479976,102517777,.,-,.,"ID=gene-RASA4B;Dbxref=GeneID:100271927,HGNC:HGNC:35202;Name=RASA4B;description=RAS p21 protein activator 4B;gbkey=Gene;gene=RASA4B;gene_biotype=protein_coding"
1852883,NC_000007.14,Gnomon,gene,102493914,102495392,.,+,.,ID=gene-LOC124901715;Dbxref=GeneID:124901715;Name=LOC124901715;description=uncharacterized LOC124901715;gbkey=Gene;gene=LOC124901715;gene_biotype=lncRNA
1852899,NC_000007.14,BestRefSeq,gene,102537919,102572583,.,-,.,ID=gene-POLR2J3-UPK3BL2;Dbxref=GeneID:123258399;Name=POLR2J3-UPK3BL2;description=POLR2J3-UPK3BL2 readthrough;gbkey=Gene;gene=POLR2J3-UPK3BL2;gene_biotype=lncRNA
1852910,NC_000007.14,BestRefSeq,gene,102537919,102543696,.,-,.,"ID=gene-UPK3BL2;Dbxref=GeneID:107983993,HGNC:HGNC:53444;Name=UPK3BL2;description=uroplakin 3B like 2;gbkey=Gene;gene=UPK3BL2;gene_biotype=protein_coding"
1852928,NC_000007.14,BestRefSeq%2CGnomon,gene,102551226,102565227,.,+,.,"ID=gene-SPDYE2;Dbxref=GeneID:441273,HGNC:HGNC:33841,MIM:617624;Name=SPDYE2;description=speedy/RINGO cell cycle regulator family member E2;gbkey=Gene;gene=SPDYE2;gene_biotype=protein_coding;gene_synonym=SPDYB2-L1,SPDYB2L1"
1852989,NC_000007.14,BestRefSeq,gene,102566966,102572583,.,-,.,"ID=gene-POLR2J3;Dbxref=GeneID:548644,HGNC:HGNC:33853;Name=POLR2J3;description=RNA polymerase II subunit J3;gbkey=Gene;gene=POLR2J3;gene_biotype=protein_coding;gene_synonym=RPB11b2"
1853003,NC_000007.14,Gnomon,gene,102573707,102579832,.,-,.,ID=gene-LOC124901712;Dbxref=GeneID:124901712;Name=LOC124901712;description=uncharacterized LOC124901712;gbkey=Gene;gene=LOC124901712;gene_biotype=protein_coding
1853009,NC_000007.14,BestRefSeq%2CGnomon,gene,102579646,102616758,.,-,.,"ID=gene-RASA4;Dbxref=GeneID:10156,HGNC:HGNC:23181,MIM:607943;Name=RASA4;description=RAS p21 protein activator 4;gbkey=Gene;gene=RASA4;gene_biotype=protein_coding;gene_synonym=CAPRI,GAPL"
1853419,NC_000007.14,Gnomon,gene,102593077,102594561,.,+,.,ID=gene-LOC124901714;Dbxref=GeneID:124901714;Name=LOC124901714;description=uncharacterized LOC124901714;gbkey=Gene;gene=LOC124901714;gene_biotype=lncRNA
1853435,NC_000007.14,BestRefSeq,gene,102637025,102671663,.,-,.,ID=gene-POLR2J2-UPK3BL1;Dbxref=GeneID:123258400;Name=POLR2J2-UPK3BL1;description=POLR2J2-UPK3BL1 readthrough;gbkey=Gene;gene=POLR2J2-UPK3BL1;gene_biotype=lncRNA
1853446,NC_000007.14,BestRefSeq,gene,102637025,102642791,.,-,.,"ID=gene-UPK3BL1;Dbxref=GeneID:100134938,HGNC:HGNC:37278;Name=UPK3BL1;description=uroplakin 3B like 1;gbkey=Gene;gene=UPK3BL1;gene_biotype=protein_coding;gene_synonym=UPK3BL,UPLP"
1853462,NC_000007.14,BestRefSeq%2CGnomon,gene,102650319,102662625,.,+,.,"ID=gene-SPDYE2B;Dbxref=GeneID:100310812,HGNC:HGNC:48334;Name=SPDYE2B;description=speedy/RINGO cell cycle regulator family member E2B;gbkey=Gene;gene=SPDYE2B;gene_biotype=protein_coding;gene_synonym=SPDYE2L"
1853504,NC_000007.14,BestRefSeq,gene,102666046,102671663,.,-,.,"ID=gene-POLR2J2;Dbxref=GeneID:246721,HGNC:HGNC:23208,MIM:609881;Name=POLR2J2;description=RNA polymerase II subunit J2;gbkey=Gene;gene=POLR2J2;gene_biotype=protein_coding;gene_synonym=HRPB11B,RPB11b1"
1853530,NC_000007.14,Gnomon,gene,102688987,102691609,.,+,.,ID=gene-LOC124901713;Dbxref=GeneID:124901713;Name=LOC124901713;description=uncharacterized LOC124901713;gbkey=Gene;gene=LOC124901713;gene_biotype=lncRNA
1853540,NC_000007.14,BestRefSeq,gene,102748999,102850723,.,+,.,"ID=gene-FAM185A;Dbxref=GeneID:222234,HGNC:HGNC:22412;Name=FAM185A;description=family with sequence similarity 185 member A;gbkey=Gene;gene=FAM185A;gene_biotype=protein_coding"
1853714,NC_000007.14,BestRefSeq%2CGnomon,gene,102811189,103074796,.,-,.,"ID=gene-FBXL13;Dbxref=GeneID:222235,HGNC:HGNC:21658,MIM:609080;Name=FBXL13;description=F-box and leucine rich repeat protein 13;gbkey=Gene;gene=FBXL13;gene_biotype=protein_coding;gene_synonym=CFAP169,DRC6,Fbl13"
1854490,NC_000007.14,BestRefSeq%2CGnomon,gene,102913000,102945111,.,+,.,"ID=gene-LRRC17;Dbxref=GeneID:10234,HGNC:HGNC:16895,MIM:618749;Name=LRRC17;description=leucine rich repeat containing 17;gbkey=Gene;gene=LRRC17;gene_biotype=protein_coding;gene_synonym=P37NB"
1854532,NC_000007.14,BestRefSeq,gene,102973430,102988853,.,+,.,"ID=gene-NFE4;Dbxref=GeneID:58160,HGNC:HGNC:29902,MIM:612133;Name=NFE4;description=nuclear factor%2C erythroid 4;gbkey=Gene;gene=NFE4;gene_biotype=lncRNA;gene_synonym=NF-E4"
1854563,NC_000007.14,BestRefSeq%2CGnomon,gene,103075140,103099759,.,+,.,"ID=gene-ARMC10;Dbxref=GeneID:83787,HGNC:HGNC:21706,MIM:611864;Name=ARMC10;description=armadillo repeat containing 10;gbkey=Gene;gene=ARMC10;gene_biotype=protein_coding;gene_synonym=PNAS-112,PNAS112,PSEC0198,SVH"
1854817,NC_000007.14,BestRefSeq%2CGnomon,gene,103099776,103150001,.,-,.,"ID=gene-NAPEPLD;Dbxref=GeneID:222236,HGNC:HGNC:21683,MIM:612334;Name=NAPEPLD;description=N-acyl phosphatidylethanolamine phospholipase D;gbkey=Gene;gene=NAPEPLD;gene_biotype=protein_coding;gene_synonym=C7orf18,FMP30,NAPE-PLD"
1855176,NC_000007.14,Gnomon,gene,103141766,103168002,.,+,.,ID=gene-LOC105375434;Dbxref=GeneID:105375434;Name=LOC105375434;description=uncharacterized LOC105375434;gbkey=Gene;gene=LOC105375434;gene_biotype=protein_coding
1855244,NC_000007.14,BestRefSeq%2CGnomon,gene,103297435,103347542,.,+,.,"ID=gene-PMPCB;Dbxref=GeneID:9512,HGNC:HGNC:9119,MIM:603131;Name=PMPCB;description=peptidase%2C mitochondrial processing subunit beta;gbkey=Gene;gene=PMPCB;gene_biotype=protein_coding;gene_synonym=Beta-MPP,MAS1,MPP11,MPPB,MPPP52,P-52"
1855397,NC_000007.14,BestRefSeq%2CGnomon,gene,103312289,103344767,.,-,.,"ID=gene-DNAJC2;Dbxref=GeneID:27000,HGNC:HGNC:13192,MIM:605502;Name=DNAJC2;description=DnaJ heat shock protein family (Hsp40) member C2;gbkey=Gene;gene=DNAJC2;gene_biotype=protein_coding;gene_synonym=MPHOSPH11,MPP11,ZRF1,ZUO1"
1855584,NC_000007.14,BestRefSeq,gene,103347524,103369395,.,+,.,"ID=gene-PSMC2;Dbxref=GeneID:5701,HGNC:HGNC:9548,MIM:154365;Name=PSMC2;description=proteasome 26S subunit%2C ATPase 2;gbkey=Gene;gene=PSMC2;gene_biotype=protein_coding;gene_synonym=MSS1,Nbla10058,RPT1,S7"
1855622,NC_000007.14,BestRefSeq%2CGnomon,gene,103352730,103446207,.,-,.,"ID=gene-SLC26A5;Dbxref=GeneID:375611,HGNC:HGNC:9359,MIM:604943;Name=SLC26A5;description=solute carrier family 26 member 5;gbkey=Gene;gene=SLC26A5;gene_biotype=protein_coding;gene_synonym=DFNB61,PRES"
1855998,NC_000007.14,BestRefSeq,gene,103445207,103514007,.,+,.,"ID=gene-SLC26A5-AS1;Dbxref=GeneID:101927870,HGNC:HGNC:55680;Name=SLC26A5-AS1;description=SLC26A5 antisense RNA 1;gbkey=Gene;gene=SLC26A5-AS1;gene_biotype=lncRNA"
1856008,NC_000007.14,BestRefSeq,gene,103471789,103989658,.,-,.,"ID=gene-RELN;Dbxref=GeneID:5649,HGNC:HGNC:9957,MIM:600514;Name=RELN;description=reelin;gbkey=Gene;gene=RELN;gene_biotype=protein_coding;gene_synonym=ETL7,LIS2,PRO1598,RL"
1856272,NC_000007.14,Gnomon,gene,103534590,103539093,.,+,.,ID=gene-LOC105375435;Dbxref=GeneID:105375435;Name=LOC105375435;description=uncharacterized LOC105375435;gbkey=Gene;gene=LOC105375435;gene_biotype=lncRNA
1856293,NC_000007.14,BestRefSeq%2CGnomon,gene,104126341,104208013,.,-,.,"ID=gene-ORC5;Dbxref=GeneID:5001,HGNC:HGNC:8491,MIM:602331;Name=ORC5;description=origin recognition complex subunit 5;gbkey=Gene;gene=ORC5;gene_biotype=protein_coding;gene_synonym=ORC5L,ORC5P,ORC5T,PPP1R117"
1856383,NC_000007.14,BestRefSeq,gene,104328603,104908561,.,+,.,"ID=gene-LHFPL3;Dbxref=GeneID:375612,HGNC:HGNC:6589,MIM:609719;Name=LHFPL3;description=LHFPL tetraspan subfamily member 3;gbkey=Gene;gene=LHFPL3;gene_biotype=protein_coding;gene_synonym=LHFPL4"
1856409,NC_000007.14,BestRefSeq,gene,104796506,104804092,.,-,.,"ID=gene-LHFPL3-AS1;Dbxref=GeneID:645591,HGNC:HGNC:40341;Name=LHFPL3-AS1;description=LHFPL3 antisense RNA 1;gbkey=Gene;gene=LHFPL3-AS1;gene_biotype=lncRNA"
1856419,NC_000007.14,BestRefSeq,gene,104894628,104926645,.,-,.,"ID=gene-LHFPL3-AS2;Dbxref=GeneID:723809,HGNC:HGNC:44106;Name=LHFPL3-AS2;description=LHFPL3 antisense RNA 2;gbkey=Gene;gene=LHFPL3-AS2;gene_biotype=lncRNA;gene_synonym=lncPENG"
1856432,NC_000007.14,BestRefSeq,gene,104940944,104962334,.,+,.,ID=gene-LOC101927902;Dbxref=GeneID:101927902;Name=LOC101927902;description=uncharacterized LOC101927902;gbkey=Gene;gene=LOC101927902;gene_biotype=lncRNA
1856450,NC_000007.14,BestRefSeq,gene,104981747,104991165,.,-,.,"ID=gene-LINC01004;Dbxref=GeneID:100216546,HGNC:HGNC:48961;Name=LINC01004;description=long intergenic non-protein coding RNA 1004;gbkey=Gene;gene=LINC01004;gene_biotype=lncRNA"
1856461,NC_000007.14,BestRefSeq,gene,105010542,105014141,.,-,.,"ID=gene-KMT2E-AS1;Dbxref=GeneID:100216545,HGNC:HGNC:40845;Name=KMT2E-AS1;description=KMT2E antisense RNA 1;gbkey=Gene;gene=KMT2E-AS1;gene_biotype=lncRNA"
1856477,NC_000007.14,BestRefSeq%2CGnomon,gene,105014205,105115019,.,+,.,"ID=gene-KMT2E;Dbxref=GeneID:55904,HGNC:HGNC:18541,MIM:608444;Name=KMT2E;description=lysine methyltransferase 2E (inactive);gbkey=Gene;gene=KMT2E;gene_biotype=protein_coding;gene_synonym=HDCMC04P,MLL5,NKp44L,ODLURO,SETD5B"
1856831,NC_000007.14,BestRefSeq%2CGnomon,gene,105114740,105399357,.,-,.,"ID=gene-SRPK2;Dbxref=GeneID:6733,HGNC:HGNC:11306,MIM:602980;Name=SRPK2;description=SRSF protein kinase 2;gbkey=Gene;gene=SRPK2;gene_biotype=protein_coding;gene_synonym=SFRSK2"
1857819,NC_000007.14,Gnomon,gene,105128786,105134173,.,+,.,ID=gene-LOC124901717;Dbxref=GeneID:124901717;Name=LOC124901717;description=uncharacterized LOC124901717;gbkey=Gene;gene=LOC124901717;gene_biotype=lncRNA
1857827,NC_000007.14,Gnomon,gene,105192427,105203620,.,-,.,ID=gene-LOC124901718;Dbxref=GeneID:124901718;Name=LOC124901718;description=uncharacterized LOC124901718;gbkey=Gene;gene=LOC124901718;gene_biotype=lncRNA
1857870,NC_000007.14,BestRefSeq%2CGnomon,gene,105456501,105522271,.,-,.,"ID=gene-PUS7;Dbxref=GeneID:54517,HGNC:HGNC:26033,MIM:616261;Name=PUS7;description=pseudouridine synthase 7;gbkey=Gene;gene=PUS7;gene_biotype=protein_coding;gene_synonym=IDDABS"
1858171,NC_000007.14,BestRefSeq%2CGnomon,gene,105532201,105567677,.,+,.,"ID=gene-RINT1;Dbxref=GeneID:60561,HGNC:HGNC:21876,MIM:610089;Name=RINT1;description=RAD50 interactor 1;gbkey=Gene;gene=RINT1;gene_biotype=protein_coding;gene_synonym=ILFS3,RINT-1"
1858405,NC_000007.14,BestRefSeq,gene,105565124,105581493,.,-,.,"ID=gene-EFCAB10;Dbxref=GeneID:100130771,HGNC:HGNC:34531;Name=EFCAB10;description=EF-hand calcium binding domain 10;gbkey=Gene;gene=EFCAB10;gene_biotype=protein_coding"
1858453,NC_000007.14,BestRefSeq,gene,105571083,105573660,.,+,.,"ID=gene-EFCAB10-AS1;Dbxref=GeneID:127138863,HGNC:HGNC:56350;Name=EFCAB10-AS1;description=EFCAB10 antisense RNA 1;gbkey=Gene;gene=EFCAB10-AS1;gene_biotype=lncRNA"
1858471,NC_000007.14,BestRefSeq,gene,105604772,105876599,.,-,.,"ID=gene-ATXN7L1;Dbxref=GeneID:222255,HGNC:HGNC:22210;Name=ATXN7L1;description=ataxin 7 like 1;gbkey=Gene;gene=ATXN7L1;gene_biotype=protein_coding;gene_synonym=ATXN7L4"
1858672,NC_000007.14,BestRefSeq,gene,105963264,106036432,.,+,.,"ID=gene-CDHR3;Dbxref=GeneID:222256,HGNC:HGNC:26308,MIM:615610;Name=CDHR3;description=cadherin related family member 3;gbkey=Gene;gene=CDHR3;gene_biotype=protein_coding;gene_synonym=CDH28"
1858751,NC_000007.14,Gnomon,gene,105996366,106000992,.,+,.,ID=gene-LOC107986833;Dbxref=GeneID:107986833;Name=LOC107986833;description=uncharacterized LOC107986833;gbkey=Gene;gene=LOC107986833;gene_biotype=lncRNA
1858783,NC_000007.14,BestRefSeq,gene,106090505,106112576,.,-,.,"ID=gene-SYPL1;Dbxref=GeneID:6856,HGNC:HGNC:11507,MIM:616665;Name=SYPL1;description=synaptophysin like 1;gbkey=Gene;gene=SYPL1;gene_biotype=protein_coding;gene_synonym=H-SP1,SYPL"
1858964,NC_000007.14,Gnomon,gene,106216425,106217176,.,-,.,ID=gene-LOC124901719;Dbxref=GeneID:124901719;Name=LOC124901719;description=uncharacterized LOC124901719;gbkey=Gene;gene=LOC124901719;gene_biotype=lncRNA
1858970,NC_000007.14,BestRefSeq%2CGnomon,gene,106248298,106285888,.,-,.,"ID=gene-NAMPT;Dbxref=GeneID:10135,HGNC:HGNC:30092,MIM:608764;Name=NAMPT;description=nicotinamide phosphoribosyltransferase;gbkey=Gene;gene=NAMPT;gene_biotype=protein_coding;gene_synonym=1110035O14Rik,PBEF,PBEF1,VF,VISFATIN"
1859041,NC_000007.14,BestRefSeq,gene,106285246,106286326,.,+,.,"ID=gene-NAMPT-AS1;Dbxref=GeneID:128266843,HGNC:HGNC:56696;Name=NAMPT-AS1;description=NAMPT antisense RNA 1;gbkey=Gene;gene=NAMPT-AS1;gene_biotype=lncRNA;gene_synonym=PBEF"
1859068,NC_000007.14,BestRefSeq,gene,106569911,106598847,.,-,.,ID=gene-CTB-30L5.1;Dbxref=GeneID:102724339;Name=CTB-30L5.1;description=uncharacterized CTB-30L5.1;gbkey=Gene;gene=CTB-30L5.1;gene_biotype=lncRNA
1859084,NC_000007.14,Gnomon,gene,106624059,106629206,.,+,.,ID=gene-LOC105375440;Dbxref=GeneID:105375440;Name=LOC105375440;description=uncharacterized LOC105375440;gbkey=Gene;gene=LOC105375440;gene_biotype=lncRNA
1859096,NC_000007.14,BestRefSeq,gene,106654360,106661158,.,-,.,"ID=gene-CCDC71L;Dbxref=GeneID:168455,HGNC:HGNC:26685;Name=CCDC71L;description=coiled-coil domain containing 71 like;gbkey=Gene;gene=CCDC71L;gene_biotype=protein_coding;gene_synonym=C7orf74"
1859118,NC_000007.14,BestRefSeq,gene,106775018,106838482,.,+,.,"ID=gene-LINC02577;Dbxref=GeneID:111216280,HGNC:HGNC:53749;Name=LINC02577;description=long intergenic non-protein coding RNA 2577;gbkey=Gene;gene=LINC02577;gene_biotype=lncRNA;gene_synonym=CLAN,SLINKY;partial=true"
1859167,NC_000007.14,BestRefSeq%2CGnomon,gene,106865282,106908980,.,+,.,"ID=gene-PIK3CG;Dbxref=GeneID:5294,HGNC:HGNC:8978,MIM:601232;Name=PIK3CG;description=phosphatidylinositol-4%2C5-bisphosphate 3-kinase catalytic subunit gamma;gbkey=Gene;gene=PIK3CG;gene_biotype=protein_coding;gene_synonym=IMD97,p110gamma,p120-PI3K,PI3CG,PI3K,PI3Kgamma,PIK3"
1859391,NC_000007.14,BestRefSeq,gene,107044705,107161811,.,+,.,"ID=gene-PRKAR2B;Dbxref=GeneID:5577,HGNC:HGNC:9392,MIM:176912;Name=PRKAR2B;description=protein kinase cAMP-dependent type II regulatory subunit beta;gbkey=Gene;gene=PRKAR2B;gene_biotype=protein_coding;gene_synonym=PRKAR2,RII-BETA"
1859416,NC_000007.14,Gnomon,gene,107064323,107079609,.,-,.,"ID=gene-PRKAR2B-AS1;Dbxref=GeneID:105375441,HGNC:HGNC:40472;Name=PRKAR2B-AS1;description=PRKAR2B antisense RNA 1;gbkey=Gene;gene=PRKAR2B-AS1;gene_biotype=lncRNA"
1859434,NC_000007.14,BestRefSeq%2CGnomon,gene,107169003,107202522,.,+,.,"ID=gene-HBP1;Dbxref=GeneID:26959,HGNC:HGNC:23200,MIM:616714;Name=HBP1;description=HMG-box transcription factor 1;gbkey=Gene;gene=HBP1;gene_biotype=protein_coding"
1859592,NC_000007.14,BestRefSeq%2CGnomon,gene,107201372,107563920,.,-,.,"ID=gene-COG5;Dbxref=GeneID:10466,HGNC:HGNC:14857,MIM:606821;Name=COG5;description=component of oligomeric golgi complex 5;gbkey=Gene;gene=COG5;gene_biotype=protein_coding;gene_synonym=CDG2I,GOLTC1,GTC90"
1859988,NC_000007.14,Gnomon,gene,107203630,107209663,.,+,.,ID=gene-LOC124901720;Dbxref=GeneID:124901720;Name=LOC124901720;description=uncharacterized LOC124901720;gbkey=Gene;gene=LOC124901720;gene_biotype=lncRNA
1859992,NC_000007.14,Gnomon,gene,107222062,107234212,.,+,.,ID=gene-LOC124901721;Dbxref=GeneID:124901721;Name=LOC124901721;description=uncharacterized LOC124901721;gbkey=Gene;gene=LOC124901721;gene_biotype=lncRNA
1860002,NC_000007.14,BestRefSeq%2CGnomon,gene,107470057,107477845,.,+,.,"ID=gene-GPR22;Dbxref=GeneID:2845,HGNC:HGNC:4477,MIM:601910;Name=GPR22;description=G protein-coupled receptor 22;gbkey=Gene;gene=GPR22;gene_biotype=protein_coding"
1860026,NC_000007.14,BestRefSeq,gene,107563971,107623317,.,+,.,"ID=gene-DUS4L-BCAP29;Dbxref=GeneID:115253422,HGNC:HGNC:54422;Name=DUS4L-BCAP29;description=DUS4L-BCAP29 readthrough;gbkey=Gene;gene=DUS4L-BCAP29;gene_biotype=protein_coding"
1860180,NC_000007.14,BestRefSeq,gene,107563971,107578523,.,+,.,"ID=gene-DUS4L;Dbxref=GeneID:11062,HGNC:HGNC:21517;Name=DUS4L;description=dihydrouridine synthase 4 like;gbkey=Gene;gene=DUS4L;gene_biotype=protein_coding;gene_synonym=DUS4,PP35"
1860248,NC_000007.14,BestRefSeq,gene,107580007,107623317,.,+,.,"ID=gene-BCAP29;Dbxref=GeneID:55973,HGNC:HGNC:24131,MIM:619612;Name=BCAP29;description=B cell receptor associated protein 29;gbkey=Gene;gene=BCAP29;gene_biotype=protein_coding;gene_synonym=B29,BAP29"
1860528,NC_000007.14,BestRefSeq,gene,107656516,107661798,.,-,.,"ID=gene-SLC26A4-AS1;Dbxref=GeneID:286002,HGNC:HGNC:22385;Name=SLC26A4-AS1;description=SLC26A4 antisense RNA 1;gbkey=Gene;gene=SLC26A4-AS1;gene_biotype=lncRNA"
1860532,NC_000007.14,BestRefSeq,gene,107660828,107717809,.,+,.,"ID=gene-SLC26A4;Dbxref=GeneID:5172,HGNC:HGNC:8818,MIM:605646;Name=SLC26A4;description=solute carrier family 26 member 4;gbkey=Gene;gene=SLC26A4;gene_biotype=protein_coding;gene_synonym=DFNB4,EVA,PDS,TDH2B"
1860581,NC_000007.14,BestRefSeq,gene,107742753,107744581,.,-,.,"ID=gene-CBLL1-AS1;Dbxref=GeneID:101927974,HGNC:HGNC:55571;Name=CBLL1-AS1;description=CBLL1 antisense RNA 1;gbkey=Gene;gene=CBLL1-AS1;gene_biotype=lncRNA"
1860599,NC_000007.14,BestRefSeq%2CGnomon,gene,107744142,107761667,.,+,.,"ID=gene-CBLL1;Dbxref=GeneID:79872,HGNC:HGNC:21225,MIM:606872;Name=CBLL1;description=Cbl proto-oncogene like 1;gbkey=Gene;gene=CBLL1;gene_biotype=protein_coding;gene_synonym=HAKAI,RNF188"
1860708,NC_000007.14,BestRefSeq,gene,107765469,107803223,.,-,.,"ID=gene-SLC26A3;Dbxref=GeneID:1811,HGNC:HGNC:3018,MIM:126650;Name=SLC26A3;description=solute carrier family 26 member 3;gbkey=Gene;gene=SLC26A3;gene_biotype=protein_coding;gene_synonym=CLD,DRA"
1860759,NC_000007.14,Gnomon,gene,107856479,107870881,.,-,.,ID=gene-LOC105375444;Dbxref=GeneID:105375444;Name=LOC105375444;description=uncharacterized LOC105375444;gbkey=Gene;gene=LOC105375444;gene_biotype=lncRNA
1860764,NC_000007.14,Gnomon,gene,107870924,107874235,.,-,.,ID=gene-LOC105375445;Dbxref=GeneID:105375445;Name=LOC105375445;description=uncharacterized LOC105375445;gbkey=Gene;gene=LOC105375445;gene_biotype=lncRNA
1860772,NC_000007.14,BestRefSeq,gene,107891107,107921198,.,+,.,"ID=gene-DLD;Dbxref=GeneID:1738,HGNC:HGNC:2898,MIM:238331;Name=DLD;description=dihydrolipoamide dehydrogenase;gbkey=Gene;gene=DLD;gene_biotype=protein_coding;gene_synonym=DLDD,DLDH,E3,GCSL,LAD,OGDC-E3,PHE3"
1860883,NC_000007.14,BestRefSeq%2CGnomon,gene,107923799,108003161,.,-,.,"ID=gene-LAMB1;Dbxref=GeneID:3912,HGNC:HGNC:6486,MIM:150240;Name=LAMB1;description=laminin subunit beta 1;gbkey=Gene;gene=LAMB1;gene_biotype=protein_coding;gene_synonym=CLM,LIS5"
1861076,NC_000007.14,BestRefSeq%2CGnomon,gene,108011662,108130361,.,-,.,"ID=gene-LAMB4;Dbxref=GeneID:22798,HGNC:HGNC:6491,MIM:616380;Name=LAMB4;description=laminin subunit beta 4;gbkey=Gene;gene=LAMB4;gene_biotype=protein_coding"
1861767,NC_000007.14,Gnomon,gene,108020940,108022433,.,+,.,ID=gene-LOC107986834;Dbxref=GeneID:107986834;Name=LOC107986834;description=uncharacterized LOC107986834;gbkey=Gene;gene=LOC107986834;gene_biotype=lncRNA
1861774,NC_000007.14,Gnomon,gene,108045250,108048778,.,+,.,ID=gene-LOC107986835;Dbxref=GeneID:107986835;Name=LOC107986835;description=uncharacterized LOC107986835;gbkey=Gene;gene=LOC107986835;gene_biotype=lncRNA
1861783,NC_000007.14,Gnomon,gene,108079993,108092309,.,+,.,ID=gene-LOC105375446;Dbxref=GeneID:105375446;Name=LOC105375446;description=uncharacterized LOC105375446;gbkey=Gene;gene=LOC105375446;gene_biotype=lncRNA
1861794,NC_000007.14,BestRefSeq%2CGnomon,gene,108147649,108456720,.,-,.,"ID=gene-NRCAM;Dbxref=GeneID:4897,HGNC:HGNC:7994,MIM:601581;Name=NRCAM;description=neuronal cell adhesion molecule;gbkey=Gene;gene=NRCAM;gene_biotype=protein_coding;gene_synonym=NEDNMS"
1867882,NC_000007.14,Gnomon,gene,108165249,108177041,.,+,.,ID=gene-LOC102724363;Dbxref=GeneID:102724363;Name=LOC102724363;description=uncharacterized LOC102724363;gbkey=Gene;gene=LOC102724363;gene_biotype=lncRNA
1867910,NC_000007.14,BestRefSeq%2CGnomon,gene,108470417,108528178,.,-,.,"ID=gene-PNPLA8;Dbxref=GeneID:50640,HGNC:HGNC:28900,MIM:612123;Name=PNPLA8;description=patatin like phospholipase domain containing 8;gbkey=Gene;gene=PNPLA8;gene_biotype=protein_coding;gene_synonym=IPLA2-2,IPLA2G,iPLA2gamma,MMLA,PNPLA-gamma"
1868157,NC_000007.14,Gnomon,gene,108526475,108529782,.,+,.,ID=gene-LOC124901722;Dbxref=GeneID:124901722;Name=LOC124901722;description=uncharacterized LOC124901722;gbkey=Gene;gene=LOC124901722;gene_biotype=lncRNA
1868161,NC_000007.14,BestRefSeq%2CGnomon,gene,108541759,108569768,.,-,.,"ID=gene-THAP5;Dbxref=GeneID:168451,HGNC:HGNC:23188,MIM:612534;Name=THAP5;description=THAP domain containing 5;gbkey=Gene;gene=THAP5;gene_biotype=protein_coding"
1868204,NC_000007.14,BestRefSeq,gene,108569874,108574850,.,+,.,"ID=gene-DNAJB9;Dbxref=GeneID:4189,HGNC:HGNC:6968,MIM:602634;Name=DNAJB9;description=DnaJ heat shock protein family (Hsp40) member B9;gbkey=Gene;gene=DNAJB9;gene_biotype=protein_coding;gene_synonym=ERdj4,MDG-1,MDG1,MST049,MSTP049"
1868219,NC_000007.14,BestRefSeq,gene,108598374,108639344,.,+,.,ID=gene-LOC105375448;Dbxref=GeneID:105375448;Name=LOC105375448;description=uncharacterized LOC105375448;gbkey=Gene;gene=LOC105375448;gene_biotype=lncRNA
1868235,NC_000007.14,Gnomon,gene,108783922,108841349,.,+,.,ID=gene-LOC107986836;Dbxref=GeneID:107986836;Name=LOC107986836;description=uncharacterized LOC107986836;gbkey=Gene;gene=LOC107986836;gene_biotype=lncRNA
1868243,NC_000007.14,BestRefSeq,gene,108883975,108884587,.,-,.,"ID=gene-LINC02903;Dbxref=GeneID:154907,HGNC:HGNC:33712;Name=LINC02903;description=long intergenic non-protein coding RNA 2903;gbkey=Gene;gene=LINC02903;gene_biotype=lncRNA;gene_synonym=C7orf66"
1868277,NC_000007.14,Gnomon,gene,110360846,110534717,.,-,.,ID=gene-LOC105375451;Dbxref=GeneID:105375451;Name=LOC105375451;description=uncharacterized LOC105375451;gbkey=Gene;gene=LOC105375451;gene_biotype=lncRNA
1868284,NC_000007.14,Gnomon,gene,110436374,110459883,.,+,.,ID=gene-LOC105375450;Dbxref=GeneID:105375450;Name=LOC105375450;description=uncharacterized LOC105375450;gbkey=Gene;gene=LOC105375450;gene_biotype=lncRNA
1868295,NC_000007.14,Gnomon,gene,110555230,110573841,.,+,.,ID=gene-LOC105375452;Dbxref=GeneID:105375452;Name=LOC105375452;description=uncharacterized LOC105375452;gbkey=Gene;gene=LOC105375452;gene_biotype=lncRNA
1868306,NC_000007.14,Gnomon,gene,110573903,110587280,.,+,.,ID=gene-LOC124901723;Dbxref=GeneID:124901723;Name=LOC124901723;description=uncharacterized LOC124901723;gbkey=Gene;gene=LOC124901723;gene_biotype=lncRNA
1868313,NC_000007.14,BestRefSeq%2CGnomon,gene,110662644,111562492,.,-,.,"ID=gene-IMMP2L;Dbxref=GeneID:83943,HGNC:HGNC:14598,MIM:605977;Name=IMMP2L;description=inner mitochondrial membrane peptidase subunit 2;gbkey=Gene;gene=IMMP2L;gene_biotype=protein_coding;gene_synonym=IMMP2L-IT1,IMP2,IMP2-LIKE"
1868648,NC_000007.14,Gnomon,gene,110723675,110727173,.,-,.,ID=gene-LOC124901724;Dbxref=GeneID:124901724;Name=LOC124901724;description=uncharacterized LOC124901724;gbkey=Gene;gene=LOC124901724;gene_biotype=lncRNA
1868660,NC_000007.14,BestRefSeq,gene,111091127,111125454,.,+,.,"ID=gene-LRRN3;Dbxref=GeneID:54674,HGNC:HGNC:17200,MIM:619748;Name=LRRN3;description=leucine rich repeat neuronal 3;gbkey=Gene;gene=LRRN3;gene_biotype=protein_coding;gene_synonym=FIGLER5,NLRR-3,NLRR3"
1868684,NC_000007.14,Gnomon,gene,111172333,111243562,.,-,.,ID=gene-LOC124901725;Dbxref=GeneID:124901725;Name=LOC124901725;description=uncharacterized LOC124901725;gbkey=Gene;gene=LOC124901725;gene_biotype=lncRNA
1868692,NC_000007.14,Gnomon,gene,111334336,111392897,.,-,.,ID=gene-LOC124900232;Dbxref=GeneID:124900232;Name=LOC124900232;description=uncharacterized LOC124900232;gbkey=Gene;gene=LOC124900232;gene_biotype=lncRNA
1868713,NC_000007.14,BestRefSeq%2CGnomon,gene,111726110,112206399,.,-,.,"ID=gene-DOCK4;Dbxref=GeneID:9732,HGNC:HGNC:19192,MIM:607679;Name=DOCK4;description=dedicator of cytokinesis 4;gbkey=Gene;gene=DOCK4;gene_biotype=protein_coding"
1870190,NC_000007.14,Gnomon,gene,111756974,111758262,.,+,.,ID=gene-LOC124901727;Dbxref=GeneID:124901727;Name=LOC124901727;description=uncharacterized LOC124901727;gbkey=Gene;gene=LOC124901727;gene_biotype=lncRNA
1870196,NC_000007.14,Gnomon,gene,111758744,111766874,.,+,.,ID=gene-LOC124901726;Dbxref=GeneID:124901726;Name=LOC124901726;description=uncharacterized LOC124901726;gbkey=Gene;gene=LOC124901726;gene_biotype=lncRNA
1870200,NC_000007.14,BestRefSeq,gene,111808505,111821779,.,+,.,"ID=gene-DOCK4-AS1;Dbxref=GeneID:100506413,HGNC:HGNC:40876;Name=DOCK4-AS1;description=DOCK4 antisense RNA 1;gbkey=Gene;gene=DOCK4-AS1;gene_biotype=lncRNA"
1870225,NC_000007.14,BestRefSeq%2CGnomon,gene,112206695,112343934,.,+,.,"ID=gene-ZNF277;Dbxref=GeneID:11179,HGNC:HGNC:13070,MIM:605465;Name=ZNF277;description=zinc finger protein 277;gbkey=Gene;gene=ZNF277;gene_biotype=protein_coding;gene_synonym=NRIF4,ZNF277P"
1870305,NC_000007.14,BestRefSeq,gene,112328194,112350541,.,-,.,"ID=gene-ZNF277-AS1;Dbxref=GeneID:124901728,HGNC:HGNC:55828;Name=ZNF277-AS1;description=ZNF277 antisense RNA 1;gbkey=Gene;gene=ZNF277-AS1;gene_biotype=lncRNA"
1870310,NC_000007.14,Gnomon,gene,112370530,112391337,.,-,.,ID=gene-LOC105375456;Dbxref=GeneID:105375456;Name=LOC105375456;description=uncharacterized LOC105375456;gbkey=Gene;gene=LOC105375456;gene_biotype=lncRNA
1870324,NC_000007.14,Gnomon,gene,112416961,112445306,.,-,.,ID=gene-LOC105375457;Dbxref=GeneID:105375457;Name=LOC105375457;description=uncharacterized LOC105375457;gbkey=Gene;gene=LOC105375457;gene_biotype=lncRNA
1870356,NC_000007.14,BestRefSeq,gene,112423174,112477203,.,+,.,"ID=gene-IFRD1;Dbxref=GeneID:3475,HGNC:HGNC:5456,MIM:603502;Name=IFRD1;description=interferon related developmental regulator 1;gbkey=Gene;gene=IFRD1;gene_biotype=protein_coding;gene_synonym=PC4,TIS7"
1870474,NC_000007.14,BestRefSeq,gene,112450487,112450645,.,+,.,ID=gene-LOC128031837;Dbxref=GeneID:128031837;Name=LOC128031837;description=uncharacterized LOC128031837;gbkey=Gene;gene=LOC128031837;gene_biotype=protein_coding
1870481,NC_000007.14,BestRefSeq%2CGnomon,gene,112480304,112491062,.,+,.,"ID=gene-LSMEM1;Dbxref=GeneID:286006,HGNC:HGNC:22036;Name=LSMEM1;description=leucine rich single-pass membrane protein 1;gbkey=Gene;gene=LSMEM1;gene_biotype=protein_coding;gene_synonym=C7orf53"
1870534,NC_000007.14,BestRefSeq,gene,112618065,112620649,.,+,.,"ID=gene-LINC03076;Dbxref=GeneID:100996249,HGNC:HGNC:56656;Name=LINC03076;description=long intergenic non-protein coding RNA 3076;gbkey=Gene;gene=LINC03076;gene_biotype=lncRNA"
1870542,NC_000007.14,BestRefSeq,gene,112622381,112708072,.,+,.,ID=gene-LOC101928012;Dbxref=GeneID:101928012;Name=LOC101928012;description=uncharacterized LOC101928012;gbkey=Gene;gene=LOC101928012;gene_biotype=lncRNA
1870563,NC_000007.14,BestRefSeq%2CGnomon,gene,112762377,112790393,.,-,.,"ID=gene-TMEM168;Dbxref=GeneID:64418,HGNC:HGNC:25826;Name=TMEM168;description=transmembrane protein 168;gbkey=Gene;gene=TMEM168;gene_biotype=protein_coding"
1870615,NC_000007.14,Gnomon,gene,112800376,112802777,.,-,.,ID=gene-LOC124901729;Dbxref=GeneID:124901729;Name=LOC124901729;description=uncharacterized LOC124901729;gbkey=Gene;gene=LOC124901729;gene_biotype=lncRNA
1870619,NC_000007.14,BestRefSeq,gene,112819147,112939875,.,-,.,"ID=gene-SAMTOR;Dbxref=GeneID:154743,HGNC:HGNC:26475,MIM:617855;Name=SAMTOR;description=S-adenosylmethionine sensor upstream of mTORC1;gbkey=Gene;gene=SAMTOR;gene_biotype=protein_coding;gene_synonym=C7orf60"
1870648,NC_000007.14,BestRefSeq,gene,112954635,112995643,.,-,.,ID=gene-HRAT17;Dbxref=GeneID:101928036;Name=HRAT17;description=heart tissue-associated transcript 17;gbkey=Gene;gene=HRAT17;gene_biotype=lncRNA
1870656,NC_000007.14,BestRefSeq%2CGnomon,gene,113082285,113087724,.,-,.,"ID=gene-GPR85;Dbxref=GeneID:54329,HGNC:HGNC:4536,MIM:605188;Name=GPR85;description=G protein-coupled receptor 85;gbkey=Gene;gene=GPR85;gene_biotype=protein_coding;gene_synonym=SREB,SREB2"
1870687,NC_000007.14,Gnomon,gene,113100664,113146441,.,+,.,ID=gene-LOC107986837;Dbxref=GeneID:107986837;Name=LOC107986837;description=uncharacterized LOC107986837;gbkey=Gene;gene=LOC107986837;gene_biotype=protein_coding
1870704,NC_000007.14,BestRefSeq,gene,113116718,113118554,.,-,.,"ID=gene-SMIM30;Dbxref=GeneID:401397,HGNC:HGNC:48953;Name=SMIM30;description=small integral membrane protein 30;gbkey=Gene;gene=SMIM30;gene_biotype=protein_coding;gene_synonym=LINC00998,MAVI1"
1870724,NC_000007.14,Gnomon,gene,113486298,113495025,.,-,.,ID=gene-LOC124901813;Dbxref=GeneID:124901813;Name=LOC124901813;description=uncharacterized LOC124901813;gbkey=Gene;gene=LOC124901813;gene_biotype=lncRNA
1870728,NC_000007.14,Gnomon,gene,113639928,113644632,.,-,.,ID=gene-LOC124901814;Dbxref=GeneID:124901814;Name=LOC124901814;description=uncharacterized LOC124901814;gbkey=Gene;gene=LOC124901814;gene_biotype=lncRNA
1870738,NC_000007.14,BestRefSeq%2CGnomon,gene,113876777,113919009,.,-,.,"ID=gene-PPP1R3A;Dbxref=GeneID:5506,HGNC:HGNC:9291,MIM:600917;Name=PPP1R3A;description=protein phosphatase 1 regulatory subunit 3A;gbkey=Gene;gene=PPP1R3A;gene_biotype=protein_coding;gene_synonym=GM,PP1G,PPP1R3"
1870763,NC_000007.14,BestRefSeq,gene,114086327,114693765,.,+,.,"ID=gene-FOXP2;Dbxref=GeneID:93986,HGNC:HGNC:13875,MIM:605317;Name=FOXP2;description=forkhead box P2;gbkey=Gene;gene=FOXP2;gene_biotype=protein_coding;gene_synonym=CAGH44,SPCH1,TNRC10"
1870999,NC_000007.14,BestRefSeq,gene,114653345,114653455,.,+,.,"ID=gene-MIR3666;Dbxref=GeneID:100500896,HGNC:HGNC:38940,miRBase:MI0016067;Name=MIR3666;description=microRNA 3666;gbkey=Gene;gene=MIR3666;gene_biotype=miRNA"
1871023,NC_000007.14,BestRefSeq,gene,114922094,115019917,.,+,.,"ID=gene-MDFIC;Dbxref=GeneID:29969,HGNC:HGNC:28870,MIM:614511;Name=MDFIC;description=MyoD family inhibitor domain containing;gbkey=Gene;gene=MDFIC;gene_biotype=protein_coding;gene_synonym=HIC,LMPHM12,MDFIC1"
1871066,NC_000007.14,BestRefSeq,gene,115078958,115126314,.,+,.,"ID=gene-LINC01393;Dbxref=GeneID:102724386,HGNC:HGNC:50669;Name=LINC01393;description=long intergenic non-protein coding RNA 1393;gbkey=Gene;gene=LINC01393;gene_biotype=lncRNA"
1871072,NC_000007.14,BestRefSeq,gene,115123599,115231355,.,-,.,"ID=gene-LINC01392;Dbxref=GeneID:104355291,HGNC:HGNC:50668;Name=LINC01392;description=long intergenic non-protein coding RNA 1392;gbkey=Gene;gene=LINC01392;gene_biotype=lncRNA"
1871091,NC_000007.14,BestRefSeq,gene,115581315,115581441,.,-,.,"ID=gene-SNORA25B;Dbxref=GeneID:109623459,HGNC:HGNC:52199;Name=SNORA25B;description=small nucleolar RNA%2C H/ACA box 25B;gbkey=Gene;gene=SNORA25B;gene_biotype=snoRNA"
1871097,NC_000007.14,BestRefSeq,gene,115679345,115682477,.,-,.,ID=gene-LOC100506489;Dbxref=GeneID:100506489;Name=LOC100506489;description=uncharacterized LOC100506489;gbkey=Gene;gene=LOC100506489;gene_biotype=lncRNA
1871101,NC_000007.14,Gnomon,gene,115682776,115684608,.,+,.,ID=gene-LOC105375461;Dbxref=GeneID:105375461;Name=LOC105375461;description=uncharacterized LOC105375461;gbkey=Gene;gene=LOC105375461;gene_biotype=lncRNA
1871110,NC_000007.14,Gnomon,gene,115756735,115758936,.,-,.,ID=gene-LOC105375462;Dbxref=GeneID:105375462;Name=LOC105375462;description=uncharacterized LOC105375462;gbkey=Gene;gene=LOC105375462;gene_biotype=lncRNA
1871117,NC_000007.14,Gnomon,gene,115789912,115791304,.,+,.,ID=gene-LOC102724407;Dbxref=GeneID:102724407;Name=LOC102724407;description=uncharacterized LOC102724407;gbkey=Gene;gene=LOC102724407;gene_biotype=lncRNA
1871124,NC_000007.14,BestRefSeq%2CGnomon,gene,115935152,116159896,.,-,.,"ID=gene-TFEC;Dbxref=GeneID:22797,HGNC:HGNC:11754,MIM:604732;Name=TFEC;description=transcription factor EC;gbkey=Gene;gene=TFEC;gene_biotype=protein_coding;gene_synonym=bHLHe34,hTFEC-L,TCFEC,TFE-C,TFEC-L,TFECL"
1871475,NC_000007.14,BestRefSeq,gene,116210539,116258783,.,+,.,"ID=gene-TES;Dbxref=GeneID:26136,HGNC:HGNC:14620,MIM:606085;Name=TES;description=testin LIM domain protein;gbkey=Gene;gene=TES;gene_biotype=protein_coding;gene_synonym=TESS,TESS-2"
1871515,NC_000007.14,Gnomon,gene,116235868,116257304,.,-,.,ID=gene-LOC124901730;Dbxref=GeneID:124901730;Name=LOC124901730;description=uncharacterized LOC124901730;gbkey=Gene;gene=LOC124901730;gene_biotype=lncRNA
1871531,NC_000007.14,BestRefSeq,gene,116275606,116286727,.,-,.,ID=gene-LOC102724434;Dbxref=GeneID:102724434;Name=LOC102724434;description=uncharacterized LOC102724434;gbkey=Gene;gene=LOC102724434;gene_biotype=lncRNA
1871546,NC_000007.14,Gnomon,gene,116285479,116337208,.,+,.,ID=gene-LOC105375463;Dbxref=GeneID:105375463;Name=LOC105375463;description=uncharacterized LOC105375463;gbkey=Gene;gene=LOC105375463;gene_biotype=lncRNA
1871591,NC_000007.14,Gnomon,gene,116337213,116349517,.,+,.,ID=gene-LOC124900233;Dbxref=GeneID:124900233;Name=LOC124900233;description=uncharacterized LOC124900233;gbkey=Gene;gene=LOC124900233;gene_biotype=lncRNA
1871603,NC_000007.14,BestRefSeq,gene,116416106,116499516,.,-,.,ID=gene-LOC107986838;Dbxref=GeneID:107986838;Name=LOC107986838;description=uncharacterized LOC107986838;gbkey=Gene;gene=LOC107986838;gene_biotype=lncRNA
1871644,NC_000007.14,BestRefSeq,gene,116499738,116508541,.,+,.,"ID=gene-CAV2;Dbxref=GeneID:858,HGNC:HGNC:1528,MIM:601048;Name=CAV2;description=caveolin 2;gbkey=Gene;gene=CAV2;gene_biotype=protein_coding;gene_synonym=CAV"
1871678,NC_000007.14,BestRefSeq,gene,116525009,116561185,.,+,.,"ID=gene-CAV1;Dbxref=GeneID:857,HGNC:HGNC:1527,MIM:601047;Name=CAV1;description=caveolin 1;gbkey=Gene;gene=CAV1;gene_biotype=protein_coding;gene_synonym=BSCL3,CGL3,LCCNS,MSTP085,PPH3,VIP21"
1871710,NC_000007.14,BestRefSeq,gene,116563594,116688027,.,-,.,"ID=gene-COMETT;Dbxref=GeneID:100996266,HGNC:HGNC:51196;Name=COMETT;description=cytosolic oncogenic antisense to MET transcript;gbkey=Gene;gene=COMETT;gene_biotype=lncRNA;gene_synonym=COMET,LINC01510"
1871750,NC_000007.14,BestRefSeq%2CGnomon,gene,116672196,116798377,.,+,.,"ID=gene-MET;Dbxref=GeneID:4233,HGNC:HGNC:7029,MIM:164860;Name=MET;description=MET proto-oncogene%2C receptor tyrosine kinase;gbkey=Gene;gene=MET;gene_biotype=protein_coding;gene_synonym=AUTS9,c-Met,DA11,DFNB97,HGFR,RCCP2"
1871989,NC_000007.14,Gnomon,gene,116811020,116848478,.,+,.,ID=gene-LOC124901731;Dbxref=GeneID:124901731;Name=LOC124901731;description=uncharacterized LOC124901731;gbkey=Gene;gene=LOC124901731;gene_biotype=lncRNA
1872000,NC_000007.14,BestRefSeq,gene,116862587,116922049,.,+,.,"ID=gene-CAPZA2;Dbxref=GeneID:830,HGNC:HGNC:1490,MIM:601571;Name=CAPZA2;description=capping actin protein of muscle Z-line subunit alpha 2;gbkey=Gene;gene=CAPZA2;gene_biotype=protein_coding;gene_synonym=CAPPA2,CAPZ"
1872030,NC_000007.14,Gnomon,gene,116940339,116947917,.,+,.,ID=gene-LOC105375465;Dbxref=GeneID:105375465;Name=LOC105375465;description=uncharacterized LOC105375465;gbkey=Gene;gene=LOC105375465;gene_biotype=lncRNA
1872038,NC_000007.14,BestRefSeq,gene,116952446,116954334,.,-,.,"ID=gene-ST7-AS1;Dbxref=GeneID:93653,HGNC:HGNC:16000;Name=ST7-AS1;description=ST7 antisense RNA 1;gbkey=Gene;gene=ST7-AS1;gene_biotype=lncRNA;gene_synonym=ST7AS1,ST7OT1"
1872045,NC_000007.14,BestRefSeq,gene,116953501,117230176,.,+,.,"ID=gene-ST7;Dbxref=GeneID:7982,HGNC:HGNC:11351,MIM:600833;Name=ST7;description=suppression of tumorigenicity 7;gbkey=Gene;gene=ST7;gene_biotype=protein_coding;gene_synonym=ETS7q,FAM4A,FAM4A1,HELG,RAY1,SEN4,TSG7"
1872505,NC_000007.14,BestRefSeq,gene,116953848,116959817,.,+,.,"ID=gene-ST7-OT4;Dbxref=GeneID:338069,HGNC:HGNC:18835;Name=ST7-OT4;description=ST7 overlapping transcript 4;gbkey=Gene;gene=ST7-OT4;gene_biotype=lncRNA;gene_synonym=NCRNA00042,ST7OT4"
1872526,NC_000007.14,BestRefSeq,gene,117020211,117020319,.,+,.,"ID=gene-MIR6132;Dbxref=GeneID:102466616,HGNC:HGNC:50272,miRBase:MI0021277;Name=MIR6132;description=microRNA 6132;gbkey=Gene;gene=MIR6132;gene_biotype=miRNA;gene_synonym=hsa-mir-6132"
1872535,NC_000007.14,BestRefSeq,gene,117072072,117145592,.,-,.,"ID=gene-ST7-AS2;Dbxref=GeneID:93654,HGNC:HGNC:16044;Name=ST7-AS2;description=ST7 antisense RNA 2;gbkey=Gene;gene=ST7-AS2;gene_biotype=lncRNA;gene_synonym=ST7AS2,ST7OT2"
1872559,NC_000007.14,Gnomon,gene,117091432,117100379,.,-,.,ID=gene-LOC124901732;Dbxref=GeneID:124901732;Name=LOC124901732;description=uncharacterized LOC124901732;gbkey=Gene;gene=LOC124901732;gene_biotype=lncRNA
1872574,NC_000007.14,BestRefSeq,gene,117182681,117209937,.,+,.,"ID=gene-ST7-OT3;Dbxref=GeneID:93655,HGNC:HGNC:16045;Name=ST7-OT3;description=ST7 overlapping transcript 3;gbkey=Gene;gene=ST7-OT3;gene_biotype=lncRNA;gene_synonym=NCRNA00026,ST7,ST7OT3"
1872587,NC_000007.14,Gnomon,gene,117232748,117241355,.,+,.,ID=gene-LOC105375466;Dbxref=GeneID:105375466;Name=LOC105375466;description=uncharacterized LOC105375466;gbkey=Gene;gene=LOC105375466;gene_biotype=lncRNA
1872598,NC_000007.14,BestRefSeq,gene,117275451,117323058,.,-,.,"ID=gene-WNT2;Dbxref=GeneID:7472,HGNC:HGNC:12780,MIM:147870;Name=WNT2;description=Wnt family member 2;gbkey=Gene;gene=WNT2;gene_biotype=protein_coding;gene_synonym=INT1L1,IRP"
1872620,NC_000007.14,Gnomon,gene,117287127,117300947,.,+,.,ID=gene-LOC124900596;Dbxref=GeneID:124900596;Name=LOC124900596;description=uncharacterized LOC124900596;gbkey=Gene;gene=LOC124900596;gene_biotype=lncRNA
1872629,NC_000007.14,Gnomon,gene,117300952,117322232,.,+,.,ID=gene-LOC105375467;Dbxref=GeneID:105375467;Name=LOC105375467;description=uncharacterized LOC105375467;gbkey=Gene;gene=LOC105375467;gene_biotype=lncRNA
1872642,NC_000007.14,BestRefSeq,gene,117363222,117427493,.,-,.,"ID=gene-ASZ1;Dbxref=GeneID:136991,HGNC:HGNC:1350,MIM:605797;Name=ASZ1;description=ankyrin repeat%2C SAM and basic leucine zipper domain containing 1;gbkey=Gene;gene=ASZ1;gene_biotype=protein_coding;gene_synonym=ALP1,ANKL1,C7orf7,CT1.19,GASZ,Orf3"
1872740,NC_000007.14,Gnomon,gene,117447905,117475729,.,+,.,ID=gene-LOC105375468;Dbxref=GeneID:105375468;Name=LOC105375468;description=uncharacterized LOC105375468;gbkey=Gene;gene=LOC105375468;gene_biotype=lncRNA
1872791,NC_000007.14,BestRefSeq,gene,117480025,117668665,.,+,.,"ID=gene-CFTR;Dbxref=GeneID:1080,HGNC:HGNC:1884,MIM:602421;Name=CFTR;description=CF transmembrane conductance regulator;gbkey=Gene;gene=CFTR;gene_biotype=protein_coding;gene_synonym=ABC35,ABCC7,CF,CFTR/MRP,dJ760C5.1,MRP7,TNR-CFTR"
1872866,NC_000007.14,BestRefSeq,gene,117542521,117564676,.,-,.,"ID=gene-CFTR-AS1;Dbxref=GeneID:111082987,HGNC:HGNC:40144;Name=CFTR-AS1;description=CFTR antisense RNA 1;gbkey=Gene;gene=CFTR-AS1;gene_biotype=lncRNA;gene_synonym=BGas"
1872973,NC_000007.14,BestRefSeq%2CGnomon,gene,117710651,117873441,.,-,.,"ID=gene-CTTNBP2;Dbxref=GeneID:83992,HGNC:HGNC:15679,MIM:609772;Name=CTTNBP2;description=cortactin binding protein 2;gbkey=Gene;gene=CTTNBP2;gene_biotype=protein_coding;gene_synonym=C7orf8,CORTBP2,Orf4"
1873455,NC_000007.14,Gnomon,gene,117715883,117730025,.,+,.,ID=gene-LOC105375469;Dbxref=GeneID:105375469;Name=LOC105375469;description=uncharacterized LOC105375469;gbkey=Gene;gene=LOC105375469;gene_biotype=lncRNA
1873488,NC_000007.14,Gnomon,gene,118151349,118183968,.,-,.,ID=gene-LOC105375470;Dbxref=GeneID:105375470;Name=LOC105375470;description=uncharacterized LOC105375470;gbkey=Gene;gene=LOC105375470;gene_biotype=lncRNA
1873498,NC_000007.14,BestRefSeq,gene,118184164,118204035,.,+,.,"ID=gene-LSM8;Dbxref=GeneID:51691,HGNC:HGNC:20471,MIM:607288;Name=LSM8;description=LSM8 homolog%2C U6 small nuclear RNA associated;gbkey=Gene;gene=LSM8;gene_biotype=protein_coding;gene_synonym=NAA38"
1873512,NC_000007.14,BestRefSeq,gene,118224704,118242732,.,+,.,"ID=gene-ANKRD7;Dbxref=GeneID:56311,HGNC:HGNC:18588,MIM:610731;Name=ANKRD7;description=ankyrin repeat domain 7;gbkey=Gene;gene=ANKRD7;gene_biotype=protein_coding;gene_synonym=TSA806"
1873529,NC_000007.14,Gnomon,gene,118259835,118322890,.,+,.,ID=gene-LOC102724495;Dbxref=GeneID:102724495;Name=LOC102724495;description=uncharacterized LOC102724495;gbkey=Gene;gene=LOC102724495;gene_biotype=lncRNA
1873534,NC_000007.14,Gnomon,gene,118323059,118383106,.,+,.,ID=gene-LOC124901815;Dbxref=GeneID:124901815;Name=LOC124901815;description=uncharacterized LOC124901815;gbkey=Gene;gene=LOC124901815;gene_biotype=lncRNA
1873538,NC_000007.14,Gnomon,gene,118427040,118444087,.,+,.,ID=gene-LOC105375471;Dbxref=GeneID:105375471;Name=LOC105375471;description=uncharacterized LOC105375471;gbkey=Gene;gene=LOC105375471;gene_biotype=lncRNA
1873549,NC_000007.14,Gnomon,gene,118455657,118480736,.,+,.,ID=gene-LOC105375472;Dbxref=GeneID:105375472;Name=LOC105375472;description=uncharacterized LOC105375472;gbkey=Gene;gene=LOC105375472;gene_biotype=lncRNA
1873557,NC_000007.14,Gnomon,gene,118493745,118501998,.,+,.,ID=gene-LOC107986747;Dbxref=GeneID:107986747;Name=LOC107986747;description=uncharacterized LOC107986747;gbkey=Gene;gene=LOC107986747;gene_biotype=lncRNA
1873562,NC_000007.14,Gnomon,gene,118502980,118569206,.,+,.,ID=gene-LOC105375473;Dbxref=GeneID:105375473;Name=LOC105375473;description=uncharacterized LOC105375473;gbkey=Gene;gene=LOC105375473;gene_biotype=lncRNA
1873599,NC_000007.14,Gnomon,gene,119460338,119500103,.,-,.,ID=gene-LOC124901816;Dbxref=GeneID:124901816;Name=LOC124901816;description=uncharacterized LOC124901816;gbkey=Gene;gene=LOC124901816;gene_biotype=lncRNA
1873612,NC_000007.14,BestRefSeq,gene,119619430,119907375,.,-,.,"ID=gene-LINC02476;Dbxref=GeneID:105375475,HGNC:HGNC:53419;Name=LINC02476;description=long intergenic non-protein coding RNA 2476;gbkey=Gene;gene=LINC02476;gene_biotype=lncRNA;gene_synonym=lnc-TSPAN12,LVCAT5"
1873634,NC_000007.14,Gnomon,gene,119706572,119712850,.,+,.,ID=gene-LOC107986840;Dbxref=GeneID:107986840;Name=LOC107986840;description=uncharacterized LOC107986840;gbkey=Gene;gene=LOC107986840;gene_biotype=lncRNA
1873658,NC_000007.14,Gnomon,gene,120216560,120227118,.,-,.,ID=gene-LOC105375477;Dbxref=GeneID:105375477;Name=LOC105375477;description=uncharacterized LOC105375477;gbkey=Gene;gene=LOC105375477;gene_biotype=lncRNA
1873672,NC_000007.14,BestRefSeq%2CGnomon,gene,120272908,120750337,.,+,.,"ID=gene-KCND2;Dbxref=GeneID:3751,HGNC:HGNC:6238,MIM:605410;Name=KCND2;description=potassium voltage-gated channel subfamily D member 2;gbkey=Gene;gene=KCND2;gene_biotype=protein_coding;gene_synonym=KV4.2,RK5"
1873721,NC_000007.14,BestRefSeq%2CGnomon,gene,120787320,120858335,.,-,.,"ID=gene-TSPAN12;Dbxref=GeneID:23554,HGNC:HGNC:21641,MIM:613138;Name=TSPAN12;description=tetraspanin 12;gbkey=Gene;gene=TSPAN12;gene_biotype=protein_coding;gene_synonym=EVR5,NET-2,NET2,TM4SF12"
1873799,NC_000007.14,Gnomon,gene,120856835,120902140,.,+,.,ID=gene-LOC124901733;Dbxref=GeneID:124901733;Name=LOC124901733;description=uncharacterized LOC124901733;gbkey=Gene;gene=LOC124901733;gene_biotype=lncRNA
1873809,NC_000007.14,BestRefSeq%2CGnomon,gene,120950777,120977216,.,+,.,"ID=gene-ING3;Dbxref=GeneID:54556,HGNC:HGNC:14587,MIM:607493;Name=ING3;description=inhibitor of growth family member 3;gbkey=Gene;gene=ING3;gene_biotype=protein_coding;gene_synonym=Eaf4,ING2,MEAF4,p47ING3"
1873870,NC_000007.14,Gnomon,gene,120965256,120971345,.,-,.,ID=gene-LOC124901734;Dbxref=GeneID:124901734;Name=LOC124901734;description=uncharacterized LOC124901734;gbkey=Gene;gene=LOC124901734;gene_biotype=lncRNA
1873878,NC_000007.14,BestRefSeq%2CGnomon,gene,120988711,121297442,.,+,.,"ID=gene-CPED1;Dbxref=GeneID:79974,HGNC:HGNC:26159,MIM:620637;Name=CPED1;description=cadherin like and PC-esterase domain containing 1;gbkey=Gene;gene=CPED1;gene_biotype=protein_coding;gene_synonym=C7orf58"
1874090,NC_000007.14,Gnomon,gene,121143864,121266749,.,-,.,ID=gene-LOC124901735;Dbxref=GeneID:124901735;Name=LOC124901735;description=uncharacterized LOC124901735;gbkey=Gene;gene=LOC124901735;gene_biotype=lncRNA
1874109,NC_000007.14,BestRefSeq,gene,121325367,121341104,.,+,.,"ID=gene-WNT16;Dbxref=GeneID:51384,HGNC:HGNC:16267,MIM:606267;Name=WNT16;description=Wnt family member 16;gbkey=Gene;gene=WNT16;gene_biotype=protein_coding"
1874128,NC_000007.14,BestRefSeq%2CGnomon,gene,121348878,121396396,.,-,.,"ID=gene-FAM3C;Dbxref=GeneID:10447,HGNC:HGNC:18664,MIM:608618;Name=FAM3C;description=FAM3 metabolism regulating signaling molecule C;gbkey=Gene;gene=FAM3C;gene_biotype=protein_coding;gene_synonym=GS3786,ILEI"
1874327,NC_000007.14,Gnomon,gene,121450948,121511194,.,-,.,ID=gene-LOC124901737;Dbxref=GeneID:124901737;Name=LOC124901737;description=uncharacterized LOC124901737;gbkey=Gene;gene=LOC124901737;gene_biotype=lncRNA
1874333,NC_000007.14,Gnomon,gene,121485319,121489807,.,+,.,ID=gene-LOC124901736;Dbxref=GeneID:124901736;Name=LOC124901736;description=uncharacterized LOC124901736;gbkey=Gene;gene=LOC124901736;gene_biotype=lncRNA
1874337,NC_000007.14,Gnomon,gene,121488241,121505159,.,-,.,ID=gene-LOC105375478;Dbxref=GeneID:105375478;Name=LOC105375478;description=uncharacterized LOC105375478;gbkey=Gene;gene=LOC105375478;gene_biotype=lncRNA
1874356,NC_000007.14,BestRefSeq,gene,121873161,122062036,.,+,.,"ID=gene-PTPRZ1;Dbxref=GeneID:5803,HGNC:HGNC:9685,MIM:176891;Name=PTPRZ1;description=protein tyrosine phosphatase receptor type Z1;gbkey=Gene;gene=PTPRZ1;gene_biotype=protein_coding;gene_synonym=HPTPZ,HPTPzeta,phosphacan,PTP-ZETA,PTP18,PTPRZ,PTPZ,R-PTP-zeta-2,RPTPB,RPTPbeta"
1874671,NC_000007.14,BestRefSeq%2CGnomon,gene,122073549,122144249,.,-,.,"ID=gene-AASS;Dbxref=GeneID:10157,HGNC:HGNC:17366,MIM:605113;Name=AASS;description=aminoadipate-semialdehyde synthase;gbkey=Gene;gene=AASS;gene_biotype=protein_coding;gene_synonym=LKR/SDH,LKRSDH,LORSDH"
1874882,NC_000007.14,Gnomon,gene,122144414,122219277,.,+,.,ID=gene-LOC102724527;Dbxref=GeneID:102724527;Name=LOC102724527;description=uncharacterized LOC102724527;gbkey=Gene;gene=LOC102724527;gene_biotype=lncRNA
1874930,NC_000007.14,BestRefSeq%2CGnomon,gene,122301303,122310723,.,-,.,"ID=gene-FEZF1;Dbxref=GeneID:389549,HGNC:HGNC:22788,MIM:613301;Name=FEZF1;description=FEZ family zinc finger 1;gbkey=Gene;gene=FEZF1;gene_biotype=protein_coding;gene_synonym=FEZ,HH22,ZNF312B"
1874973,NC_000007.14,BestRefSeq,gene,122303658,122310077,.,+,.,"ID=gene-FEZF1-AS1;Dbxref=GeneID:154860,HGNC:HGNC:41001;Name=FEZF1-AS1;description=FEZF1 antisense RNA 1;gbkey=Gene;gene=FEZF1-AS1;gene_biotype=lncRNA"
1874990,NC_000007.14,BestRefSeq%2CGnomon,gene,122318411,122886460,.,-,.,"ID=gene-CADPS2;Dbxref=GeneID:93664,HGNC:HGNC:16018,MIM:609978;Name=CADPS2;description=calcium dependent secretion activator 2;gbkey=Gene;gene=CADPS2;gene_biotype=protein_coding;gene_synonym=CAPS2"
1876745,NC_000007.14,Gnomon,gene,122527732,122563522,.,+,.,ID=gene-LOC105375481;Dbxref=GeneID:105375481;Name=LOC105375481;description=uncharacterized LOC105375481;gbkey=Gene;gene=LOC105375481;gene_biotype=lncRNA
1876757,NC_000007.14,Gnomon,gene,122683096,122693744,.,-,.,ID=gene-LOC124901739;Dbxref=GeneID:124901739;Name=LOC124901739;description=uncharacterized LOC124901739;gbkey=Gene;gene=LOC124901739;gene_biotype=lncRNA
1876763,NC_000007.14,BestRefSeq,gene,122697735,122699117,.,-,.,"ID=gene-RNF133;Dbxref=GeneID:168433,HGNC:HGNC:21154,MIM:620556;Name=RNF133;description=ring finger protein 133;gbkey=Gene;gene=RNF133;gene_biotype=protein_coding"
1876767,NC_000007.14,BestRefSeq,gene,122701668,122702922,.,-,.,"ID=gene-RNF148;Dbxref=GeneID:378925,HGNC:HGNC:22411;Name=RNF148;description=ring finger protein 148;gbkey=Gene;gene=RNF148;gene_biotype=protein_coding"
1876771,NC_000007.14,Gnomon,gene,122703092,122748072,.,+,.,ID=gene-LOC124901738;Dbxref=GeneID:124901738;Name=LOC124901738;description=uncharacterized LOC124901738;gbkey=Gene;gene=LOC124901738;gene_biotype=lncRNA
1876807,NC_000007.14,Gnomon,gene,122915558,122966271,.,+,.,ID=gene-LOC105375482;Dbxref=GeneID:105375482;Name=LOC105375482;description=uncharacterized LOC105375482;gbkey=Gene;gene=LOC105375482;gene_biotype=lncRNA
1876816,NC_000007.14,BestRefSeq,gene,122994704,122995700,.,-,.,"ID=gene-TAS2R16;Dbxref=GeneID:50833,HGNC:HGNC:14921,MIM:604867;Name=TAS2R16;description=taste 2 receptor member 16;gbkey=Gene;gene=TAS2R16;gene_biotype=protein_coding;gene_synonym=BGLPT,T2R16"
1876820,NC_000007.14,BestRefSeq%2CGnomon,gene,123113531,123199971,.,-,.,"ID=gene-SLC13A1;Dbxref=GeneID:6561,HGNC:HGNC:10916,MIM:606193;Name=SLC13A1;description=solute carrier family 13 member 1;gbkey=Gene;gene=SLC13A1;gene_biotype=protein_coding;gene_synonym=NAS1,NaSi-1"
1877103,NC_000007.14,BestRefSeq%2CGnomon,gene,123452193,123534595,.,-,.,"ID=gene-IQUB;Dbxref=GeneID:154865,HGNC:HGNC:21995,MIM:620557;Name=IQUB;description=IQ motif and ubiquitin domain containing;gbkey=Gene;gene=IQUB;gene_biotype=protein_coding;gene_synonym=TRS4"
1877389,NC_000007.14,Gnomon,gene,123534531,123536259,.,+,.,ID=gene-LOC124901740;Dbxref=GeneID:124901740;Name=LOC124901740;description=uncharacterized LOC124901740;gbkey=Gene;gene=LOC124901740;gene_biotype=lncRNA
1877401,NC_000007.14,BestRefSeq%2CGnomon,gene,123536997,123601651,.,-,.,"ID=gene-NDUFA5;Dbxref=GeneID:4698,HGNC:HGNC:7688,MIM:601677;Name=NDUFA5;description=NADH:ubiquinone oxidoreductase subunit A5;gbkey=Gene;gene=NDUFA5;gene_biotype=protein_coding;gene_synonym=B13,CI-13kB,CI-13KD-B,NUFM,UQOR13"
1877510,NC_000007.14,BestRefSeq%2CGnomon,gene,123567008,123639481,.,+,.,"ID=gene-ASB15;Dbxref=GeneID:142685,HGNC:HGNC:19767,MIM:619757;Name=ASB15;description=ankyrin repeat and SOCS box containing 15;gbkey=Gene;gene=ASB15;gene_biotype=protein_coding"
1877765,NC_000007.14,BestRefSeq,gene,123614161,123624957,.,-,.,"ID=gene-ASB15-AS1;Dbxref=GeneID:102724555,HGNC:HGNC:40904;Name=ASB15-AS1;description=ASB15 antisense RNA 1;gbkey=Gene;gene=ASB15-AS1;gene_biotype=lncRNA"
1877774,NC_000007.14,BestRefSeq,gene,123655866,123664290,.,+,.,"ID=gene-LMOD2;Dbxref=GeneID:442721,HGNC:HGNC:6648,MIM:608006;Name=LMOD2;description=leiomodin 2;gbkey=Gene;gene=LMOD2;gene_biotype=protein_coding;gene_synonym=C-LMOD,CLMOD,CMD2G"
1877782,NC_000007.14,BestRefSeq,gene,123681943,123749003,.,-,.,"ID=gene-WASL;Dbxref=GeneID:8976,HGNC:HGNC:12735,MIM:605056;Name=WASL;description=WASP like actin nucleation promoting factor;gbkey=Gene;gene=WASL;gene_biotype=protein_coding;gene_synonym=N-WASP,NWASP,WASPB"
1877817,NC_000007.14,BestRefSeq,gene,123749195,123750981,.,+,.,"ID=gene-WASL-DT;Dbxref=GeneID:116435299,HGNC:HGNC:54820;Name=WASL-DT;description=WASL divergent transcript;gbkey=Gene;gene=WASL-DT;gene_biotype=lncRNA"
1877820,NC_000007.14,BestRefSeq%2CGnomon,gene,123763708,123877481,.,+,.,"ID=gene-HYAL4;Dbxref=GeneID:23553,HGNC:HGNC:5323,MIM:604510;Name=HYAL4;description=hyaluronidase 4;gbkey=Gene;gene=HYAL4;gene_biotype=protein_coding;gene_synonym=CSHY,HYAL-4"
1877877,NC_000007.14,BestRefSeq,gene,123925241,123971414,.,+,.,"ID=gene-SPAM1;Dbxref=GeneID:6677,HGNC:HGNC:11217,MIM:600930;Name=SPAM1;description=sperm adhesion molecule 1;gbkey=Gene;gene=SPAM1;gene_biotype=protein_coding;gene_synonym=HEL-S-96n,HYA1,HYAL1,HYAL3,HYAL5,PH-20,PH20,SPAG15"
1877930,NC_000007.14,BestRefSeq,gene,123994622,124027646,.,+,.,ID=gene-LOC105375483;Dbxref=GeneID:105375483;Name=LOC105375483;description=uncharacterized LOC105375483;gbkey=Gene;gene=LOC105375483;gene_biotype=lncRNA
1877937,NC_000007.14,BestRefSeq,gene,124030921,124033067,.,-,.,"ID=gene-TMEM229A;Dbxref=GeneID:730130,HGNC:HGNC:37279;Name=TMEM229A;description=transmembrane protein 229A;gbkey=Gene;gene=TMEM229A;gene_biotype=protein_coding"
1877943,NC_000007.14,Gnomon,gene,124077331,124090568,.,+,.,ID=gene-LOC124901741;Dbxref=GeneID:124901741;Name=LOC124901741;description=uncharacterized LOC124901741;gbkey=Gene;gene=LOC124901741;gene_biotype=lncRNA
1877949,NC_000007.14,BestRefSeq,gene,124274671,124288854,.,-,.,ID=gene-LOC105375484;Dbxref=GeneID:105375484;Name=LOC105375484;description=uncharacterized LOC105375484;gbkey=Gene;gene=LOC105375484;gene_biotype=lncRNA
1877957,NC_000007.14,Gnomon,gene,124287289,124353415,.,+,.,ID=gene-LOC107986841;Dbxref=GeneID:107986841;Name=LOC107986841;description=uncharacterized LOC107986841;gbkey=Gene;gene=LOC107986841;gene_biotype=lncRNA
1877963,NC_000007.14,BestRefSeq,gene,124337380,124352096,.,-,.,ID=gene-LOC101928211;Dbxref=GeneID:101928211;Name=LOC101928211;description=uncharacterized LOC101928211;gbkey=Gene;gene=LOC101928211;gene_biotype=lncRNA
1877973,NC_000007.14,Gnomon,gene,124385598,124392700,.,+,.,ID=gene-LOC102724577;Dbxref=GeneID:102724577;Name=LOC102724577;description=uncharacterized LOC102724577;gbkey=Gene;gene=LOC102724577;gene_biotype=lncRNA
1877985,NC_000007.14,BestRefSeq,gene,124476317,124477664,.,+,.,"ID=gene-SSU72L6;Dbxref=GeneID:136157,HGNC:HGNC:43627;Name=SSU72L6;description=SSU72 like 6;gbkey=Gene;gene=SSU72L6;gene_biotype=protein_coding;gene_synonym=SSU72P8"
1877998,NC_000007.14,BestRefSeq,gene,124743885,124765792,.,-,.,"ID=gene-GPR37;Dbxref=GeneID:2861,HGNC:HGNC:4494,MIM:602583;Name=GPR37;description=G protein-coupled receptor 37;gbkey=Gene;gene=GPR37;gene_biotype=protein_coding;gene_synonym=EDNRBL,hET(B)R-LP,PAELR"
1878009,NC_000007.14,BestRefSeq,gene,124777292,124790810,.,-,.,"ID=gene-LINC03043;Dbxref=GeneID:154872,HGNC:HGNC:51256;Name=LINC03043;description=long intergenic non-protein coding RNA 3043;gbkey=Gene;gene=LINC03043;gene_biotype=lncRNA;gene_synonym=C7orf77"
1878022,NC_000007.14,BestRefSeq,gene,124822386,124929825,.,-,.,"ID=gene-POT1;Dbxref=GeneID:25913,HGNC:HGNC:17284,MIM:606478;Name=POT1;description=protection of telomeres 1;gbkey=Gene;gene=POT1;gene_biotype=protein_coding;gene_synonym=CMM10,CRMCC3,GLM9,HPOT1,PFBMFT8,TPDS3"
1878160,NC_000007.14,BestRefSeq,gene,124929873,125145234,.,+,.,"ID=gene-POT1-AS1;Dbxref=GeneID:401398,HGNC:HGNC:49459;Name=POT1-AS1;description=POT1 antisense RNA 1;gbkey=Gene;gene=POT1-AS1;gene_biotype=lncRNA"
1878188,NC_000007.14,BestRefSeq,gene,125150412,125153614,.,-,.,"ID=gene-LINC02830;Dbxref=GeneID:105375486,HGNC:HGNC:54363;Name=LINC02830;description=long intergenic non-protein coding RNA 2830;gbkey=Gene;gene=LINC02830;gene_biotype=lncRNA"
1878193,NC_000007.14,BestRefSeq,gene,125184569,125379321,.,+,.,ID=gene-LOC101928283;Dbxref=GeneID:101928283;Name=LOC101928283;description=uncharacterized LOC101928283;gbkey=Gene;gene=LOC101928283;gene_biotype=lncRNA
1878204,NC_000007.14,BestRefSeq,gene,125229579,125264291,.,-,.,ID=gene-LOC101928254;Dbxref=GeneID:101928254;Name=LOC101928254;description=uncharacterized LOC101928254;gbkey=Gene;gene=LOC101928254;gene_biotype=lncRNA
1878231,NC_000007.14,Gnomon,gene,125437869,125466775,.,+,.,ID=gene-LOC100506664;Dbxref=GeneID:100506664;Name=LOC100506664;description=uncharacterized LOC100506664;gbkey=Gene;gene=LOC100506664;gene_biotype=lncRNA
1878240,NC_000007.14,Gnomon,gene,125845213,125854046,.,-,.,ID=gene-LOC105375487;Dbxref=GeneID:105375487;Name=LOC105375487;description=uncharacterized LOC105375487;gbkey=Gene;gene=LOC105375487;gene_biotype=lncRNA
1878255,NC_000007.14,Gnomon,gene,126233570,126253648,.,+,.,ID=gene-LOC105375488;Dbxref=GeneID:105375488;Name=LOC105375488;description=uncharacterized LOC105375488;gbkey=Gene;gene=LOC105375488;gene_biotype=lncRNA
1878266,NC_000007.14,BestRefSeq%2CGnomon,gene,126438598,127252941,.,-,.,"ID=gene-GRM8;Dbxref=GeneID:2918,HGNC:HGNC:4600,MIM:601116;Name=GRM8;description=glutamate metabotropic receptor 8;gbkey=Gene;gene=GRM8;gene_biotype=protein_coding;gene_synonym=GLUR8,GPRC1H,mGlu8,MGLUR8"
1878758,NC_000007.14,Gnomon,gene,126495312,126537276,.,+,.,ID=gene-LOC101928357;Dbxref=GeneID:101928357;Name=LOC101928357;description=uncharacterized LOC101928357;gbkey=Gene;gene=LOC101928357;gene_biotype=lncRNA
1878771,NC_000007.14,Gnomon,gene,126649446,126654426,.,-,.,ID=gene-LOC107986843;Dbxref=GeneID:107986843;Name=LOC107986843;description=uncharacterized LOC107986843;gbkey=Gene;gene=LOC107986843;gene_biotype=lncRNA
1878793,NC_000007.14,BestRefSeq,gene,127058088,127058184,.,-,.,"ID=gene-MIR592;Dbxref=GeneID:693177,HGNC:HGNC:32848,miRBase:MI0003604;Name=MIR592;description=microRNA 592;gbkey=Gene;gene=MIR592;gene_biotype=miRNA;gene_synonym=hsa-mir-592,mir-592,MIRN592"
1878798,NC_000007.14,Gnomon,gene,127094895,127096476,.,-,.,ID=gene-LOC124901742;Dbxref=GeneID:124901742;Name=LOC124901742;description=uncharacterized LOC124901742;gbkey=Gene;gene=LOC124901742;gene_biotype=lncRNA
1878802,NC_000007.14,BestRefSeq,gene,127215127,127229921,.,+,.,"ID=gene-GRM8-AS1;Dbxref=GeneID:101928333,HGNC:HGNC:40268;Name=GRM8-AS1;description=GRM8 antisense RNA 1;gbkey=Gene;gene=GRM8-AS1;gene_biotype=lncRNA"
1878816,NC_000007.14,BestRefSeq%2CGnomon,gene,127342859,127392708,.,-,.,"ID=gene-ZNF800;Dbxref=GeneID:168850,HGNC:HGNC:27267;Name=ZNF800;description=zinc finger protein 800;gbkey=Gene;gene=ZNF800;gene_biotype=protein_coding"
1878990,NC_000007.14,BestRefSeq,gene,127476883,127485804,.,+,.,"ID=gene-LINC03012;Dbxref=GeneID:100506682,HGNC:HGNC:56139;Name=LINC03012;description=long intergenic non-protein coding RNA 3012;gbkey=Gene;gene=LINC03012;gene_biotype=lncRNA"
1878996,NC_000007.14,Gnomon,gene,127485011,127589846,.,-,.,ID=gene-LOC105375490;Dbxref=GeneID:105375490;Name=LOC105375490;description=uncharacterized LOC105375490;gbkey=Gene;gene=LOC105375490;gene_biotype=lncRNA
1879018,NC_000007.14,BestRefSeq,gene,127580628,127585596,.,-,.,"ID=gene-GCC1;Dbxref=GeneID:79571,HGNC:HGNC:19095,MIM:607418;Name=GCC1;description=GRIP and coiled-coil domain containing 1;gbkey=Gene;gene=GCC1;gene_biotype=protein_coding;gene_synonym=GCC1P,GCC88"
1879035,NC_000007.14,BestRefSeq,gene,127588411,127591700,.,+,.,"ID=gene-ARF5;Dbxref=GeneID:381,HGNC:HGNC:658,MIM:103188;Name=ARF5;description=ADP ribosylation factor 5;gbkey=Gene;gene=ARF5;gene_biotype=protein_coding"
1879052,NC_000007.14,Gnomon,gene,127589869,127592240,.,-,.,ID=gene-LOC105375489;Dbxref=GeneID:105375489;Name=LOC105375489;description=uncharacterized LOC105375489;gbkey=Gene;gene=LOC105375489;gene_biotype=lncRNA
1879061,NC_000007.14,BestRefSeq,gene,127593736,127602144,.,+,.,"ID=gene-FSCN3;Dbxref=GeneID:29999,HGNC:HGNC:3961,MIM:615800;Name=FSCN3;description=fascin actin-bundling protein 3;gbkey=Gene;gene=FSCN3;gene_biotype=protein_coding"
1879078,NC_000007.14,BestRefSeq,gene,127610292,127618142,.,-,.,"ID=gene-PAX4;Dbxref=GeneID:5078,HGNC:HGNC:8618,MIM:167413;Name=PAX4;description=paired box 4;gbkey=Gene;gene=PAX4;gene_biotype=protein_coding;gene_synonym=KPD,MODY9"
1879132,NC_000007.14,BestRefSeq,gene,127647146,127651832,.,-,.,"ID=gene-SND1-DT;Dbxref=GeneID:121832805,HGNC:HGNC:55639;Name=SND1-DT;description=SND1 divergent transcript;gbkey=Gene;gene=SND1-DT;gene_biotype=lncRNA"
1879139,NC_000007.14,BestRefSeq%2CGnomon,gene,127652194,128092593,.,+,.,"ID=gene-SND1;Dbxref=GeneID:27044,HGNC:HGNC:30646,MIM:602181;Name=SND1;description=staphylococcal nuclease and tudor domain containing 1;gbkey=Gene;gene=SND1;gene_biotype=protein_coding;gene_synonym=p100,TDRD11,TSN,Tudor-SN"
1879255,NC_000007.14,BestRefSeq,gene,127997509,128000077,.,+,.,"ID=gene-SND1-IT1;Dbxref=GeneID:27099,HGNC:HGNC:24158;Name=SND1-IT1;description=SND1 intronic transcript 1;gbkey=Gene;gene=SND1-IT1;gene_biotype=lncRNA;gene_synonym=C7orf54,NAG8,NSG-X"
1879262,NC_000007.14,BestRefSeq%2CGnomon,gene,128027071,128032128,.,-,.,"ID=gene-LRRC4;Dbxref=GeneID:64101,HGNC:HGNC:15586,MIM:610486;Name=LRRC4;description=leucine rich repeat containing 4;gbkey=Gene;gene=LRRC4;gene_biotype=protein_coding;gene_synonym=NAG14,NGL-2"
1879285,NC_000007.14,Gnomon,gene,128047473,128053837,.,-,.,ID=gene-LOC124901743;Dbxref=GeneID:124901743;Name=LOC124901743;description=uncharacterized LOC124901743;gbkey=Gene;gene=LOC124901743;gene_biotype=lncRNA
1879295,NC_000007.14,BestRefSeq,gene,128081861,128081960,.,+,.,"ID=gene-MIR593;Dbxref=GeneID:693178,HGNC:HGNC:32849,miRBase:MI0003605;Name=MIR593;description=microRNA 593;gbkey=Gene;gene=MIR593;gene_biotype=miRNA;gene_synonym=hsa-mir-593,MIRN593"
1879310,NC_000007.14,Gnomon,gene,128121885,128126362,.,+,.,ID=gene-LOC105375493;Dbxref=GeneID:105375493;Name=LOC105375493;description=uncharacterized LOC105375493;gbkey=Gene;gene=LOC105375493;gene_biotype=lncRNA
1879324,NC_000007.14,Gnomon,gene,128206296,128224609,.,+,.,ID=gene-LOC124901744;Dbxref=GeneID:124901744;Name=LOC124901744;description=uncharacterized LOC124901744;gbkey=Gene;gene=LOC124901744;gene_biotype=lncRNA
1879328,NC_000007.14,BestRefSeq,gene,128207872,128207943,.,+,.,"ID=gene-MIR129-1;Dbxref=GeneID:406917,HGNC:HGNC:31512,miRBase:MI0000252;Name=MIR129-1;description=microRNA 129-1;gbkey=Gene;gene=MIR129-1;gene_biotype=miRNA;gene_synonym=mir-129-1,MIR-129b,MIRN129-1"
1879353,NC_000007.14,BestRefSeq%2CGnomon,gene,128241278,128257629,.,+,.,"ID=gene-LEP;Dbxref=GeneID:3952,HGNC:HGNC:6553,MIM:164160;Name=LEP;description=leptin;gbkey=Gene;gene=LEP;gene_biotype=protein_coding;gene_synonym=LEPD,OB,OBS"
1879370,NC_000007.14,BestRefSeq,gene,128297685,128343908,.,-,.,"ID=gene-RBM28;Dbxref=GeneID:55131,HGNC:HGNC:21863,MIM:612074;Name=RBM28;description=RNA binding motif protein 28;gbkey=Gene;gene=RBM28;gene_biotype=protein_coding;gene_synonym=ANES,NOP4"
1879451,NC_000007.14,BestRefSeq%2CGnomon,gene,128350325,128361983,.,-,.,"ID=gene-PRRT4;Dbxref=GeneID:401399,HGNC:HGNC:37280;Name=PRRT4;description=proline rich transmembrane protein 4;gbkey=Gene;gene=PRRT4;gene_biotype=protein_coding"
1879641,NC_000007.14,BestRefSeq,gene,128386682,128392347,.,+,.,ID=gene-LOC107986845;Dbxref=GeneID:107986845;Name=LOC107986845;description=uncharacterized LOC107986845;gbkey=Gene;gene=LOC107986845;gene_biotype=lncRNA
1879651,NC_000007.14,BestRefSeq%2CGnomon,gene,128392277,128409982,.,-,.,"ID=gene-IMPDH1;Dbxref=GeneID:3614,HGNC:HGNC:6052,MIM:146690;Name=IMPDH1;description=inosine monophosphate dehydrogenase 1;gbkey=Gene;gene=IMPDH1;gene_biotype=protein_coding;gene_synonym=IMPD,IMPD1,IMPDH-I,LCA11,RP10,sWSS2608"
1880147,NC_000007.14,BestRefSeq,gene,128455878,128458418,.,+,.,"ID=gene-HILPDA;Dbxref=GeneID:29923,HGNC:HGNC:28859,MIM:617905;Name=HILPDA;description=hypoxia inducible lipid droplet associated;gbkey=Gene;gene=HILPDA;gene_biotype=protein_coding;gene_synonym=C7orf68,HIG-2,HIG2"
1880160,NC_000007.14,BestRefSeq,gene,128476748,128506602,.,+,.,"ID=gene-METTL2B;Dbxref=GeneID:55798,HGNC:HGNC:18272,MIM:607846;Name=METTL2B;description=methyltransferase 2B%2C tRNA N3-cytidine;gbkey=Gene;gene=METTL2B;gene_biotype=protein_coding;gene_synonym=METL,METTL2,METTL2A,PSENIP1"
1880203,NC_000007.14,BestRefSeq,gene,128641241,128660998,.,+,.,"ID=gene-LINC01000;Dbxref=GeneID:402483,HGNC:HGNC:38541;Name=LINC01000;description=long intergenic non-protein coding RNA 1000;gbkey=Gene;gene=LINC01000;gene_biotype=lncRNA"
1880211,NC_000007.14,BestRefSeq%2CGnomon,gene,128671629,128709166,.,+,.,"ID=gene-GARIN1A;Dbxref=GeneID:346653,HGNC:HGNC:27998,MIM:619904;Name=GARIN1A;description=golgi associated RAB2 interactor 1A;gbkey=Gene;gene=GARIN1A;gene_biotype=protein_coding;gene_synonym=FAM137B,FAM71F2,GARI"
1880357,NC_000007.14,BestRefSeq%2CGnomon,gene,128709061,128731743,.,+,.,"ID=gene-GARIN1B;Dbxref=GeneID:84691,HGNC:HGNC:30704,MIM:619905;Name=GARIN1B;description=golgi associated RAB2 interactor 1B;gbkey=Gene;gene=GARIN1B;gene_biotype=protein_coding;gene_synonym=FAM137A,FAM71F1,GARI-L1,GARIL1,NYD-SP18"
1880535,NC_000007.14,BestRefSeq,gene,128739359,128773400,.,+,.,"ID=gene-CALU;Dbxref=GeneID:813,HGNC:HGNC:1458,MIM:603420;Name=CALU;description=calumenin;gbkey=Gene;gene=CALU;gene_biotype=protein_coding"
1880617,NC_000007.14,BestRefSeq,gene,128772485,128775794,.,-,.,"ID=gene-OPN1SW;Dbxref=GeneID:611,HGNC:HGNC:1012,MIM:613522;Name=OPN1SW;description=opsin 1%2C short wave sensitive;gbkey=Gene;gene=OPN1SW;gene_biotype=protein_coding;gene_synonym=BCP,BOP,CBT"
1880640,NC_000007.14,tRNAscan-SE,gene,128783450,128783521,.,+,.,"ID=gene-TRP-AGG2-3;Dbxref=GeneID:100189276,HGNC:HGNC:34840;Name=TRP-AGG2-3;description=tRNA-Pro (anticodon AGG) 2-3;gbkey=Gene;gene=TRP-AGG2-3;gene_biotype=tRNA"
1880643,NC_000007.14,BestRefSeq%2CGnomon,gene,128790761,128822130,.,+,.,"ID=gene-CCDC136;Dbxref=GeneID:64753,HGNC:HGNC:22225,MIM:611902;Name=CCDC136;description=coiled-coil domain containing 136;gbkey=Gene;gene=CCDC136;gene_biotype=protein_coding;gene_synonym=NAG6"
1881499,NC_000007.14,BestRefSeq,gene,128830406,128859272,.,+,.,"ID=gene-FLNC;Dbxref=GeneID:2318,HGNC:HGNC:3756,MIM:102565;Name=FLNC;description=filamin C;gbkey=Gene;gene=FLNC;gene_biotype=protein_coding;gene_synonym=ABP-280,ABP280A,ABPA,ABPL,ARVC15,CMH26,FLN2,MFM5,MPD4,RCM5"
1881700,NC_000007.14,BestRefSeq,gene,128850162,128862626,.,-,.,"ID=gene-FLNC-AS1;Dbxref=GeneID:110806300,HGNC:HGNC:53474;Name=FLNC-AS1;description=FLNC antisense RNA 1;gbkey=Gene;gene=FLNC-AS1;gene_biotype=lncRNA"
1881712,NC_000007.14,BestRefSeq,gene,128862856,128865847,.,+,.,"ID=gene-ATP6V1F;Dbxref=GeneID:9296,HGNC:HGNC:16832,MIM:607160;Name=ATP6V1F;description=ATPase H+ transporting V1 subunit F;gbkey=Gene;gene=ATP6V1F;gene_biotype=protein_coding;gene_synonym=ATP6S14,VATF,Vma7"
1881725,NC_000007.14,BestRefSeq,gene,128866330,128872047,.,+,.,"ID=gene-SPMIP1;Dbxref=GeneID:100130705,HGNC:HGNC:52392;Name=SPMIP1;description=sperm microtubule inner protein 1;gbkey=Gene;gene=SPMIP1;gene_biotype=protein_coding;gene_synonym=ATP6V1FNB"
1881737,NC_000007.14,BestRefSeq,gene,128876865,128910709,.,-,.,"ID=gene-KCP;Dbxref=GeneID:375616,HGNC:HGNC:17585,MIM:609344;Name=KCP;description=kielin cysteine rich BMP regulator;gbkey=Gene;gene=KCP;gene_biotype=protein_coding;gene_synonym=CRIM2,KCP1,NET67"
1881875,NC_000007.14,Gnomon,gene,128891229,128900925,.,+,.,ID=gene-LOC105375497;Dbxref=GeneID:105375497;Name=LOC105375497;description=uncharacterized LOC105375497;gbkey=Gene;gene=LOC105375497;gene_biotype=lncRNA
1881904,NC_000007.14,BestRefSeq%2CGnomon,gene,128937032,128950038,.,+,.,"ID=gene-IRF5;Dbxref=GeneID:3663,HGNC:HGNC:6120,MIM:607218;Name=IRF5;description=interferon regulatory factor 5;gbkey=Gene;gene=IRF5;gene_biotype=protein_coding;gene_synonym=SLEB10"
1882205,NC_000007.14,BestRefSeq%2CGnomon,gene,128954185,129056193,.,-,.,"ID=gene-TNPO3;Dbxref=GeneID:23534,HGNC:HGNC:17103,MIM:610032;Name=TNPO3;description=transportin 3;gbkey=Gene;gene=TNPO3;gene_biotype=protein_coding;gene_synonym=IPO12,LGMD1F,LGMDD2,MTR10A,TRN-SR,TRN-SR2,TRNSR"
1883209,NC_000007.14,cmsearch,gene,129061531,129061634,.,+,.,ID=gene-LOC124901836;Dbxref=GeneID:124901836;Name=LOC124901836;description=small nucleolar RNA U13;gbkey=Gene;gene=LOC124901836;gene_biotype=snoRNA
1883225,NC_000007.14,cmsearch,gene,129103555,129103700,.,-,.,ID=gene-LOC124901863;Dbxref=GeneID:124901863;Name=LOC124901863;description=U4 spliceosomal RNA;gbkey=Gene;gene=LOC124901863;gene_biotype=snRNA
1883249,NC_000007.14,BestRefSeq%2CGnomon,gene,129144707,129169699,.,+,.,"ID=gene-TSPAN33;Dbxref=GeneID:340348,HGNC:HGNC:28743,MIM:610120;Name=TSPAN33;description=tetraspanin 33;gbkey=Gene;gene=TSPAN33;gene_biotype=protein_coding;gene_synonym=PEN,PEN.,TSPAN-33"
1883302,NC_000007.14,BestRefSeq%2CGnomon,gene,129188633,129213545,.,+,.,"ID=gene-SMO;Dbxref=GeneID:6608,HGNC:HGNC:11119,MIM:601500;Name=SMO;description=smoothened%2C frizzled class receptor;gbkey=Gene;gene=SMO;gene_biotype=protein_coding;gene_synonym=CRJS,FZD11,Gx,PHLS,SMOH"
1883365,NC_000007.14,BestRefSeq%2CGnomon,gene,129225030,129430211,.,+,.,"ID=gene-AHCYL2;Dbxref=GeneID:23382,HGNC:HGNC:22204,MIM:616520;Name=AHCYL2;description=adenosylhomocysteinase like 2;gbkey=Gene;gene=AHCYL2;gene_biotype=protein_coding;gene_synonym=ADOHCYASE3,IRBIT2"
1883949,NC_000007.14,Gnomon,gene,129301749,129319872,.,+,.,ID=gene-LOC124900234;Dbxref=GeneID:124900234;Name=LOC124900234;description=uncharacterized LOC124900234;gbkey=Gene;gene=LOC124900234;gene_biotype=lncRNA
1883957,NC_000007.14,Gnomon,gene,129340777,129352477,.,+,.,ID=gene-LOC105375500;Dbxref=GeneID:105375500;Name=LOC105375500;description=uncharacterized LOC105375500;gbkey=Gene;gene=LOC105375500;gene_biotype=lncRNA
1883961,NC_000007.14,Gnomon,gene,129368024,129377678,.,-,.,ID=gene-LOC107986847;Dbxref=GeneID:107986847;Name=LOC107986847;description=uncharacterized LOC107986847;gbkey=Gene;gene=LOC107986847;gene_biotype=lncRNA
1883983,NC_000007.14,BestRefSeq%2CGnomon,gene,129434432,129488399,.,+,.,"ID=gene-STRIP2;Dbxref=GeneID:57464,HGNC:HGNC:22209,MIM:617919;Name=STRIP2;description=striatin interacting protein 2;gbkey=Gene;gene=STRIP2;gene_biotype=protein_coding;gene_synonym=FAM40B,FAR11B"
1884358,NC_000007.14,BestRefSeq%2CGnomon,gene,129502531,129512918,.,+,.,"ID=gene-SMKR1;Dbxref=GeneID:100287482,HGNC:HGNC:43561;Name=SMKR1;description=small lysine rich protein 1;gbkey=Gene;gene=SMKR1;gene_biotype=protein_coding"
1884385,NC_000007.14,BestRefSeq,gene,129611720,129757076,.,+,.,"ID=gene-NRF1;Dbxref=GeneID:4899,HGNC:HGNC:7996,MIM:600879;Name=NRF1;description=nuclear respiratory factor 1;gbkey=Gene;gene=NRF1;gene_biotype=protein_coding;gene_synonym=ALPHA-PAL"
1884477,NC_000007.14,Gnomon,gene,129762982,129769205,.,-,.,ID=gene-LOC105375501;Dbxref=GeneID:105375501;Name=LOC105375501;description=uncharacterized LOC105375501;gbkey=Gene;gene=LOC105375501;gene_biotype=lncRNA
1884482,NC_000007.14,BestRefSeq,gene,129770383,129770492,.,-,.,"ID=gene-MIR182;Dbxref=GeneID:406958,HGNC:HGNC:31553,MIM:611607,miRBase:MI0000272;Name=MIR182;description=microRNA 182;gbkey=Gene;gene=MIR182;gene_biotype=miRNA;gene_synonym=mir-182,MIRN182,miRNA182"
1884493,NC_000007.14,BestRefSeq,gene,129774692,129774769,.,-,.,"ID=gene-MIR96;Dbxref=GeneID:407053,HGNC:HGNC:31648,MIM:611606,miRBase:MI0000098;Name=MIR96;description=microRNA 96;gbkey=Gene;gene=MIR96;gene_biotype=miRNA;gene_synonym=DFNA50,hsa-mir-96,miR-96,MIRN96,miRNA96"
1884500,NC_000007.14,BestRefSeq,gene,129774905,129775014,.,-,.,"ID=gene-MIR183;Dbxref=GeneID:406959,HGNC:HGNC:31554,MIM:611608,miRBase:MI0000273;Name=MIR183;description=microRNA 183;gbkey=Gene;gene=MIR183;gene_biotype=miRNA;gene_synonym=miR-183,MIRN183,miRNA183"
1884550,NC_000007.14,BestRefSeq%2CGnomon,gene,129830732,129952960,.,-,.,"ID=gene-UBE2H;Dbxref=GeneID:7328,HGNC:HGNC:12484,MIM:601082;Name=UBE2H;description=ubiquitin conjugating enzyme E2 H;gbkey=Gene;gene=UBE2H;gene_biotype=protein_coding;gene_synonym=E2-20K,GID3,UBC8,UBCH,UBCH2"
1884628,NC_000007.14,Gnomon,gene,129953067,130026312,.,+,.,"ID=gene-UBE2H-DT;Dbxref=GeneID:121832803,HGNC:HGNC:55615;Name=UBE2H-DT;description=UBE2H divergent transcript;gbkey=Gene;gene=UBE2H-DT;gene_biotype=lncRNA"
1884657,NC_000007.14,BestRefSeq%2CGnomon,gene,130018286,130051451,.,-,.,"ID=gene-ZC3HC1;Dbxref=GeneID:51530,HGNC:HGNC:29913,MIM:619746;Name=ZC3HC1;description=zinc finger C3HC-type containing 1;gbkey=Gene;gene=ZC3HC1;gene_biotype=protein_coding;gene_synonym=HSPC216,NIPA"
1884853,NC_000007.14,BestRefSeq%2CGnomon,gene,130070534,130135705,.,+,.,"ID=gene-KLHDC10;Dbxref=GeneID:23008,HGNC:HGNC:22194,MIM:615152;Name=KLHDC10;description=kelch domain containing 10;gbkey=Gene;gene=KLHDC10;gene_biotype=protein_coding;gene_synonym=PNAS-138,slim"
1884964,NC_000007.14,BestRefSeq,gene,130141731,130142618,.,+,.,"ID=gene-LINC03008;Dbxref=GeneID:100128325,HGNC:HGNC:56133;Name=LINC03008;description=long intergenic non-protein coding RNA 3008;gbkey=Gene;gene=LINC03008;gene_biotype=lncRNA"
1884977,NC_000007.14,BestRefSeq,gene,130164713,130205406,.,-,.,"ID=gene-TMEM209;Dbxref=GeneID:84928,HGNC:HGNC:21898;Name=TMEM209;description=transmembrane protein 209;gbkey=Gene;gene=TMEM209;gene_biotype=protein_coding;gene_synonym=NET31"
1885086,NC_000007.14,Gnomon,gene,130192080,130200296,.,+,.,ID=gene-LOC124901745;Dbxref=GeneID:124901745;Name=LOC124901745;description=uncharacterized LOC124901745;gbkey=Gene;gene=LOC124901745;gene_biotype=lncRNA
1885099,NC_000007.14,BestRefSeq%2CGnomon,gene,130205410,130216844,.,+,.,"ID=gene-SSMEM1;Dbxref=GeneID:136263,HGNC:HGNC:29580;Name=SSMEM1;description=serine rich single-pass membrane protein 1;gbkey=Gene;gene=SSMEM1;gene_biotype=protein_coding;gene_synonym=C7orf45"
1885127,NC_000007.14,BestRefSeq,gene,130266863,130289798,.,+,.,"ID=gene-CPA2;Dbxref=GeneID:1358,HGNC:HGNC:2297,MIM:600688;Name=CPA2;description=carboxypeptidase A2;gbkey=Gene;gene=CPA2;gene_biotype=protein_coding"
1885157,NC_000007.14,BestRefSeq%2CGnomon,gene,130293161,130324180,.,+,.,"ID=gene-CPA4;Dbxref=GeneID:51200,HGNC:HGNC:15740,MIM:607635;Name=CPA4;description=carboxypeptidase A4;gbkey=Gene;gene=CPA4;gene_biotype=protein_coding;gene_synonym=CPA3"
1885226,NC_000007.14,Gnomon,gene,130318643,130351631,.,-,.,ID=gene-LOC105375503;Dbxref=GeneID:105375503;Name=LOC105375503;description=uncharacterized LOC105375503;gbkey=Gene;gene=LOC105375503;gene_biotype=lncRNA
1885265,NC_000007.14,cmsearch,gene,130319279,130319382,.,+,.,ID=gene-LOC124901842;Dbxref=GeneID:124901842;Name=LOC124901842;description=small nucleolar RNA U13;gbkey=Gene;gene=LOC124901842;gene_biotype=snoRNA
1885268,NC_000007.14,cmsearch,gene,130344415,130344518,.,+,.,ID=gene-LOC124901837;Dbxref=GeneID:124901837;Name=LOC124901837;description=small nucleolar RNA U13;gbkey=Gene;gene=LOC124901837;gene_biotype=snoRNA
1885271,NC_000007.14,BestRefSeq%2CGnomon,gene,130344816,130374599,.,+,.,"ID=gene-CPA5;Dbxref=GeneID:93979,HGNC:HGNC:15722,MIM:609561;Name=CPA5;description=carboxypeptidase A5;gbkey=Gene;gene=CPA5;gene_biotype=protein_coding"
1885702,NC_000007.14,BestRefSeq,gene,130365650,130367127,.,-,.,ID=gene-LOC105375504;Dbxref=GeneID:105375504;Name=LOC105375504;description=uncharacterized LOC105375504;gbkey=Gene;gene=LOC105375504;gene_biotype=lncRNA
1885710,NC_000007.14,BestRefSeq,gene,130380494,130388108,.,+,.,"ID=gene-CPA1;Dbxref=GeneID:1357,HGNC:HGNC:2296,MIM:114850;Name=CPA1;description=carboxypeptidase A1;gbkey=Gene;gene=CPA1;gene_biotype=protein_coding;gene_synonym=CPA"
1885732,NC_000007.14,BestRefSeq%2CGnomon,gene,130393771,130441741,.,-,.,"ID=gene-CEP41;Dbxref=GeneID:95681,HGNC:HGNC:12370,MIM:610523;Name=CEP41;description=centrosomal protein 41;gbkey=Gene;gene=CEP41;gene_biotype=protein_coding;gene_synonym=JBTS15,TSGA14"
1885929,NC_000007.14,Gnomon,gene,130441754,130443226,.,+,.,ID=gene-LOC105375505;Dbxref=GeneID:105375505;Name=LOC105375505;description=uncharacterized LOC105375505;gbkey=Gene;gene=LOC105375505;gene_biotype=lncRNA
1885942,NC_000007.14,BestRefSeq,gene,130486042,130490977,.,-,.,"ID=gene-MESTIT1;Dbxref=GeneID:317751,HGNC:HGNC:17991,MIM:607794;Name=MESTIT1;description=MEST intronic transcript 1%2C antisense RNA;gbkey=Gene;gene=MESTIT1;gene_biotype=lncRNA;gene_synonym=MEST-AS1,MEST-IT,MEST-IT1,NCRNA00040,PEG1-AS"
1885946,NC_000007.14,BestRefSeq%2CGnomon,gene,130486175,130506465,.,+,.,"ID=gene-MEST;Dbxref=GeneID:4232,HGNC:HGNC:7028,MIM:601029;Name=MEST;description=mesoderm specific transcript;gbkey=Gene;gene=MEST;gene_biotype=protein_coding;gene_synonym=PEG1"
1886142,NC_000007.14,BestRefSeq,gene,130496111,130496204,.,+,.,"ID=gene-MIR335;Dbxref=GeneID:442904,HGNC:HGNC:31773,MIM:611768,miRBase:MI0000816;Name=MIR335;description=microRNA 335;gbkey=Gene;gene=MIR335;gene_biotype=miRNA;gene_synonym=hsa-mir-335,mir-335,MIRN335,miRNA335"
1886151,NC_000007.14,BestRefSeq,gene,130506238,130668748,.,-,.,"ID=gene-COPG2;Dbxref=GeneID:26958,HGNC:HGNC:2237,MIM:604355;Name=COPG2;description=COPI coat complex subunit gamma 2;gbkey=Gene;gene=COPG2;gene_biotype=protein_coding;gene_synonym=2-COP,gamma-2-COP"
1886242,NC_000007.14,BestRefSeq,gene,130543453,130546900,.,+,.,"ID=gene-COPG2IT1;Dbxref=GeneID:53844,HGNC:HGNC:2238,MIM:610581;Name=COPG2IT1;description=COPG2 imprinted transcript 1;gbkey=Gene;gene=COPG2IT1;gene_biotype=lncRNA;gene_synonym=CIT1,COPG2AS,DKFZP761N09121,NCRNA00170"
1886247,NC_000007.14,Gnomon,gene,130592458,130596976,.,+,.,ID=gene-LOC124901746;Dbxref=GeneID:124901746;Name=LOC124901746;description=uncharacterized LOC124901746;gbkey=Gene;gene=LOC124901746;gene_biotype=lncRNA
1886258,NC_000007.14,BestRefSeq,gene,130668643,130687432,.,-,.,"ID=gene-TSGA13;Dbxref=GeneID:114960,HGNC:HGNC:12369;Name=TSGA13;description=testis specific 13;gbkey=Gene;gene=TSGA13;gene_biotype=protein_coding"
1886296,NC_000007.14,BestRefSeq,gene,130730697,130734207,.,-,.,"ID=gene-KLF14;Dbxref=GeneID:136259,HGNC:HGNC:23025,MIM:609393;Name=KLF14;description=KLF transcription factor 14;gbkey=Gene;gene=KLF14;gene_biotype=protein_coding;gene_synonym=BTEB5"
1886305,NC_000007.14,Gnomon,gene,130734264,130853951,.,+,.,ID=gene-LOC105375508;Dbxref=GeneID:105375508;Name=LOC105375508;description=uncharacterized LOC105375508;gbkey=Gene;gene=LOC105375508;gene_biotype=lncRNA
1886337,NC_000007.14,Gnomon,gene,130790919,130832738,.,-,.,ID=gene-LOC105375509;Dbxref=GeneID:105375509;Name=LOC105375509;description=uncharacterized LOC105375509;gbkey=Gene;gene=LOC105375509;gene_biotype=lncRNA
1886355,NC_000007.14,BestRefSeq,gene,130876747,130876810,.,-,.,"ID=gene-MIR29A;Dbxref=GeneID:407021,HGNC:HGNC:31616,MIM:610782,miRBase:MI0000087;Name=MIR29A;description=microRNA 29a;gbkey=Gene;gene=MIR29A;gene_biotype=miRNA;gene_synonym=hsa-mir-29,hsa-mir-29a,mir-29a,MIRN29,MIRN29A,miRNA29A"
1886362,NC_000007.14,BestRefSeq,gene,130877459,130877539,.,-,.,"ID=gene-MIR29B1;Dbxref=GeneID:407024,HGNC:HGNC:31619,MIM:610783,miRBase:MI0000105;Name=MIR29B1;description=microRNA 29b-1;gbkey=Gene;gene=MIR29B1;gene_biotype=miRNA;gene_synonym=miR-29b,mir-29b-1,MIRN29B1,miRNA29B1"
1886369,NC_000007.14,BestRefSeq,gene,130877562,131109925,.,-,.,"ID=gene-LINC-PINT;Dbxref=GeneID:378805,HGNC:HGNC:26885,MIM:618212;Name=LINC-PINT;description=long intergenic non-protein coding RNA%2C p53 induced transcript;gbkey=Gene;gene=LINC-PINT;gene_biotype=lncRNA;gene_synonym=LincRNA-Pint,MKLN1-AS1,PINT,PINT87aa,TISPL"
1886471,NC_000007.14,BestRefSeq,gene,130913464,130921946,.,+,.,"ID=gene-LINC00513;Dbxref=GeneID:100506860,HGNC:HGNC:43566;Name=LINC00513;description=long intergenic non-protein coding RNA 513;gbkey=Gene;gene=LINC00513;gene_biotype=lncRNA"
1886563,NC_000007.14,BestRefSeq%2CGnomon,gene,131110094,131496632,.,+,.,"ID=gene-MKLN1;Dbxref=GeneID:4289,HGNC:HGNC:7109,MIM:605623;Name=MKLN1;description=muskelin 1;gbkey=Gene;gene=MKLN1;gene_biotype=protein_coding;gene_synonym=TWA2"
1886849,NC_000007.14,BestRefSeq,gene,131309744,131327779,.,-,.,"ID=gene-MKLN1-AS;Dbxref=GeneID:100506881,HGNC:HGNC:40374;Name=MKLN1-AS;description=MKLN1 antisense RNA;gbkey=Gene;gene=MKLN1-AS;gene_biotype=lncRNA;gene_synonym=MKLN1-AS2"
1886863,NC_000007.14,Gnomon,gene,131339645,131344274,.,+,.,ID=gene-LOC124901747;Dbxref=GeneID:124901747;Name=LOC124901747;description=uncharacterized LOC124901747;gbkey=Gene;gene=LOC124901747;gene_biotype=lncRNA
1886873,NC_000007.14,BestRefSeq,gene,131500271,131556628,.,-,.,"ID=gene-PODXL;Dbxref=GeneID:5420,HGNC:HGNC:9171,MIM:602632;Name=PODXL;description=podocalyxin like;gbkey=Gene;gene=PODXL;gene_biotype=protein_coding;gene_synonym=gp135,Gp200,PC,PCLP,PCLP-1,PDX,PODXL1"
1886993,NC_000007.14,Gnomon,gene,131845060,131882932,.,+,.,ID=gene-LOC107986849;Dbxref=GeneID:107986849;Name=LOC107986849;description=uncharacterized LOC107986849;gbkey=Gene;gene=LOC107986849;gene_biotype=lncRNA
1887007,NC_000007.14,BestRefSeq,gene,131910220,131948953,.,+,.,ID=gene-LOC101928782;Dbxref=GeneID:101928782;Name=LOC101928782;description=uncharacterized LOC101928782;gbkey=Gene;gene=LOC101928782;gene_biotype=lncRNA
1887024,NC_000007.14,BestRefSeq%2CGnomon,gene,132123340,132648688,.,-,.,"ID=gene-PLXNA4;Dbxref=GeneID:91584,HGNC:HGNC:9102,MIM:604280;Name=PLXNA4;description=plexin A4;gbkey=Gene;gene=PLXNA4;gene_biotype=protein_coding;gene_synonym=FAYV2820,PLEXA4,PLXNA4A,PLXNA4B,PRO34003"
1887503,NC_000007.14,BestRefSeq,gene,132260861,132264289,.,+,.,ID=gene-LOC101928807;Dbxref=GeneID:101928807;Name=LOC101928807;description=uncharacterized LOC101928807;gbkey=Gene;gene=LOC101928807;gene_biotype=lncRNA
1887514,NC_000007.14,Gnomon,gene,132403646,132410349,.,+,.,ID=gene-LOC105375511;Dbxref=GeneID:105375511;Name=LOC105375511;description=uncharacterized LOC105375511;gbkey=Gene;gene=LOC105375511;gene_biotype=lncRNA
1887520,NC_000007.14,Gnomon,gene,132409176,132410436,.,-,.,ID=gene-LOC102724906;Dbxref=GeneID:102724906;Name=LOC102724906;description=uncharacterized LOC102724906;gbkey=Gene;gene=LOC102724906;gene_biotype=lncRNA
1887539,NC_000007.14,BestRefSeq,gene,132648794,132728769,.,+,.,ID=gene-FLJ40288;Dbxref=GeneID:286023;Name=FLJ40288;description=Putative uncharacterized protein FLJ40288;gbkey=Gene;gene=FLJ40288;gene_biotype=lncRNA
1887550,NC_000007.14,cmsearch,gene,132753023,132753126,.,+,.,ID=gene-LOC124900236;Dbxref=GeneID:124900236;Name=LOC124900236;description=small nucleolar RNA SNORD46;gbkey=Gene;gene=LOC124900236;gene_biotype=snoRNA
1887553,NC_000007.14,BestRefSeq,gene,132758970,132760632,.,+,.,ID=gene-LOC100506937;Dbxref=GeneID:100506937;Name=LOC100506937;description=uncharacterized LOC100506937;gbkey=Gene;gene=LOC100506937;gene_biotype=lncRNA
1887563,NC_000007.14,BestRefSeq%2CGnomon,gene,132784870,133082090,.,-,.,"ID=gene-CHCHD3;Dbxref=GeneID:54927,HGNC:HGNC:21906,MIM:613748;Name=CHCHD3;description=coiled-coil-helix-coiled-coil-helix domain containing 3;gbkey=Gene;gene=CHCHD3;gene_biotype=protein_coding;gene_synonym=Mic19,MICOS19,MINOS3,PPP1R22"
1887652,NC_000007.14,BestRefSeq,gene,133034860,133034915,.,-,.,"ID=gene-MIR3654;Dbxref=GeneID:100500804,HGNC:HGNC:38896,miRBase:MI0016054;Name=MIR3654;description=microRNA 3654;gbkey=Gene;gene=MIR3654;gene_biotype=miRNA"
1887666,NC_000007.14,BestRefSeq,gene,133099071,133108511,.,-,.,ID=gene-LOC105375512;Dbxref=GeneID:105375512;Name=LOC105375512;description=uncharacterized LOC105375512;gbkey=Gene;gene=LOC105375512;gene_biotype=lncRNA
1887678,NC_000007.14,BestRefSeq%2CGnomon,gene,133253078,134100951,.,+,.,"ID=gene-EXOC4;Dbxref=GeneID:60412,HGNC:HGNC:30389,MIM:608185;Name=EXOC4;description=exocyst complex component 4;gbkey=Gene;gene=EXOC4;gene_biotype=protein_coding;gene_synonym=SEC8,SEC8L1,Sec8p"
1887983,NC_000007.14,BestRefSeq,gene,133290881,133290988,.,+,.,"ID=gene-MIR6133;Dbxref=GeneID:102465139,HGNC:HGNC:50007,miRBase:MI0021278;Name=MIR6133;description=microRNA 6133;gbkey=Gene;gene=MIR6133;gene_biotype=miRNA;gene_synonym=hsa-mir-6133"
1887999,NC_000007.14,Gnomon,gene,133476670,133484301,.,-,.,ID=gene-LOC124901748;Dbxref=GeneID:124901748;Name=LOC124901748;description=uncharacterized LOC124901748;gbkey=Gene;gene=LOC124901748;gene_biotype=lncRNA
1888008,NC_000007.14,Gnomon,gene,133755592,133771488,.,+,.,ID=gene-LOC124901749;Dbxref=GeneID:124901749;Name=LOC124901749;description=uncharacterized LOC124901749;gbkey=Gene;gene=LOC124901749;gene_biotype=lncRNA
1888014,NC_000007.14,BestRefSeq,gene,133800493,133824888,.,-,.,ID=gene-LOC101928861;Dbxref=GeneID:101928861;Name=LOC101928861;description=uncharacterized LOC101928861;gbkey=Gene;gene=LOC101928861;gene_biotype=lncRNA
1888028,NC_000007.14,Gnomon,gene,134072427,134098470,.,-,.,ID=gene-LOC105375514;Dbxref=GeneID:105375514;Name=LOC105375514;description=uncharacterized LOC105375514;gbkey=Gene;gene=LOC105375514;gene_biotype=lncRNA
1888047,NC_000007.14,BestRefSeq%2CGnomon,gene,134127340,134276685,.,+,.,"ID=gene-LRGUK;Dbxref=GeneID:136332,HGNC:HGNC:21964,MIM:616478;Name=LRGUK;description=leucine rich repeats and guanylate kinase domain containing;gbkey=Gene;gene=LRGUK;gene_biotype=protein_coding;gene_synonym=CFAP246"
1888442,NC_000007.14,BestRefSeq%2CGnomon,gene,134289332,134320338,.,-,.,"ID=gene-SLC35B4;Dbxref=GeneID:84912,HGNC:HGNC:20584,MIM:610923;Name=SLC35B4;description=solute carrier family 35 member B4;gbkey=Gene;gene=SLC35B4;gene_biotype=protein_coding;gene_synonym=YEA,YEA4"
1888561,NC_000007.14,Gnomon,gene,134366770,134384331,.,+,.,ID=gene-LOC105375518;Dbxref=GeneID:105375518;Name=LOC105375518;description=uncharacterized LOC105375518;gbkey=Gene;gene=LOC105375518;gene_biotype=lncRNA
1888566,NC_000007.14,Gnomon,gene,134368737,134374351,.,-,.,ID=gene-LOC105375517;Dbxref=GeneID:105375517;Name=LOC105375517;description=uncharacterized LOC105375517;gbkey=Gene;gene=LOC105375517;gene_biotype=lncRNA
1888578,NC_000007.14,BestRefSeq,gene,134415566,134432420,.,-,.,"ID=gene-LINC03060;Dbxref=GeneID:105375519,HGNC:HGNC:56367;Name=LINC03060;description=long intergenic non-protein coding RNA 3060;gbkey=Gene;gene=LINC03060;gene_biotype=lncRNA"
1888607,NC_000007.14,BestRefSeq,gene,134442350,134459239,.,-,.,"ID=gene-AKR1B1;Dbxref=GeneID:231,HGNC:HGNC:381,MIM:103880;Name=AKR1B1;description=aldo-keto reductase family 1 member B;gbkey=Gene;gene=AKR1B1;gene_biotype=protein_coding;gene_synonym=ADR,ALDR1,ALR2,AR"
1888665,NC_000007.14,BestRefSeq%2CGnomon,gene,134527567,134541412,.,+,.,"ID=gene-AKR1B10;Dbxref=GeneID:57016,HGNC:HGNC:382,MIM:604707;Name=AKR1B10;description=aldo-keto reductase family 1 member B10;gbkey=Gene;gene=AKR1B10;gene_biotype=protein_coding;gene_synonym=AKR1B11,AKR1B12,ALDRLn,ARL-1,ARL1,HIS,HSI"
1888735,NC_000007.14,Gnomon,gene,134547357,134558596,.,-,.,ID=gene-LOC105375520;Dbxref=GeneID:105375520;Name=LOC105375520;description=uncharacterized LOC105375520;gbkey=Gene;gene=LOC105375520;gene_biotype=lncRNA
1888782,NC_000007.14,BestRefSeq,gene,134549110,134579869,.,+,.,"ID=gene-AKR1B15;Dbxref=GeneID:441282,HGNC:HGNC:37281,MIM:616336;Name=AKR1B15;description=aldo-keto reductase family 1 member B15;gbkey=Gene;gene=AKR1B15;gene_biotype=protein_coding;gene_synonym=AK1R1B7,AKR1B10L,AKR1R1B7"
1888871,NC_000007.14,Gnomon,gene,134619087,134843884,.,-,.,ID=gene-LOC124901750;Dbxref=GeneID:124901750;Name=LOC124901750;description=uncharacterized LOC124901750;gbkey=Gene;gene=LOC124901750;gene_biotype=lncRNA
1888892,NC_000007.14,BestRefSeq%2CGnomon,gene,134646853,134679816,.,+,.,"ID=gene-BPGM;Dbxref=GeneID:669,HGNC:HGNC:1093,MIM:613896;Name=BPGM;description=bisphosphoglycerate mutase;gbkey=Gene;gene=BPGM;gene_biotype=protein_coding;gene_synonym=DPGM,ECYT8"
1888936,NC_000007.14,Gnomon,gene,134711499,134718751,.,+,.,ID=gene-LOC124901751;Dbxref=GeneID:124901751;Name=LOC124901751;description=uncharacterized LOC124901751;gbkey=Gene;gene=LOC124901751;gene_biotype=lncRNA
1888943,NC_000007.14,BestRefSeq%2CGnomon,gene,134745467,134970729,.,+,.,"ID=gene-CALD1;Dbxref=GeneID:800,HGNC:HGNC:1441,MIM:114213;Name=CALD1;description=caldesmon 1;gbkey=Gene;gene=CALD1;gene_biotype=protein_coding;gene_synonym=CDM,H-CAD,h-CD,HCAD,L-CAD,LCAD,NAG22"
1889780,NC_000007.14,BestRefSeq%2CGnomon,gene,134986508,135135778,.,+,.,"ID=gene-AGBL3;Dbxref=GeneID:340351,HGNC:HGNC:27981,MIM:617346;Name=AGBL3;description=AGBL carboxypeptidase 3;gbkey=Gene;gene=AGBL3;gene_biotype=protein_coding;gene_synonym=CCP3"
1890181,NC_000007.14,BestRefSeq%2CGnomon,gene,135092303,135172469,.,-,.,"ID=gene-CYREN;Dbxref=GeneID:78996,HGNC:HGNC:22432,MIM:616980;Name=CYREN;description=cell cycle regulator of NHEJ;gbkey=Gene;gene=CYREN;gene_biotype=protein_coding;gene_synonym=C7orf49,CYREN-1,CYREN-2,MRI,MRI-2"
1890308,NC_000007.14,BestRefSeq,gene,135148072,135166215,.,+,.,"ID=gene-TMEM140;Dbxref=GeneID:55281,HGNC:HGNC:21870;Name=TMEM140;description=transmembrane protein 140;gbkey=Gene;gene=TMEM140;gene_biotype=protein_coding"
1890327,NC_000007.14,BestRefSeq%2CGnomon,gene,135183839,135211526,.,-,.,"ID=gene-WDR91;Dbxref=GeneID:29062,HGNC:HGNC:24997,MIM:616303;Name=WDR91;description=WD repeat domain 91;gbkey=Gene;gene=WDR91;gene_biotype=protein_coding;gene_synonym=HSPC049,SORF-1,SORF1"
1890541,NC_000007.14,BestRefSeq,gene,135206994,135207078,.,-,.,"ID=gene-MIR6509;Dbxref=GeneID:102465254,HGNC:HGNC:50207,miRBase:MI0022221;Name=MIR6509;description=microRNA 6509;gbkey=Gene;gene=MIR6509;gene_biotype=miRNA;gene_synonym=hsa-mir-6509"
1890552,NC_000007.14,BestRefSeq%2CGnomon,gene,135231915,135258663,.,+,.,"ID=gene-STRA8;Dbxref=GeneID:346673,HGNC:HGNC:30653,MIM:609987;Name=STRA8;description=stimulated by retinoic acid 8;gbkey=Gene;gene=STRA8;gene_biotype=protein_coding"
1890628,NC_000007.14,Gnomon,gene,135257713,135318570,.,-,.,ID=gene-LOC107984123;Dbxref=GeneID:107984123;Name=LOC107984123;description=uncharacterized LOC107984123;gbkey=Gene;gene=LOC107984123;gene_biotype=lncRNA
1890656,NC_000007.14,BestRefSeq%2CGnomon,gene,135361795,135510102,.,-,.,"ID=gene-CNOT4;Dbxref=GeneID:4850,HGNC:HGNC:7880,MIM:604911;Name=CNOT4;description=CCR4-NOT transcription complex subunit 4;gbkey=Gene;gene=CNOT4;gene_biotype=protein_coding;gene_synonym=CLONE243,NOT4,NOT4H"
1891033,NC_000007.14,BestRefSeq,gene,135557917,135648753,.,+,.,"ID=gene-NUP205;Dbxref=GeneID:23165,HGNC:HGNC:18658,MIM:614352;Name=NUP205;description=nucleoporin 205;gbkey=Gene;gene=NUP205;gene_biotype=protein_coding;gene_synonym=C7orf14,NPHS13"
1891217,NC_000007.14,BestRefSeq,gene,135662514,135676416,.,+,.,"ID=gene-STMP1;Dbxref=GeneID:647087,HGNC:HGNC:41909,MIM:618755;Name=STMP1;description=short transmembrane mitochondrial protein 1;gbkey=Gene;gene=STMP1;gene_biotype=protein_coding;gene_synonym=C7orf73,Mm47,Mtlbn,PL-5283"
1891232,NC_000007.14,BestRefSeq%2CGnomon,gene,135681231,135728186,.,-,.,"ID=gene-SLC13A4;Dbxref=GeneID:26266,HGNC:HGNC:15827,MIM:604309;Name=SLC13A4;description=solute carrier family 13 member 4;gbkey=Gene;gene=SLC13A4;gene_biotype=protein_coding;gene_synonym=NAS2,SUT-1,SUT1"
1891390,NC_000007.14,Gnomon,gene,135687011,135708596,.,+,.,ID=gene-LOC105375521;Dbxref=GeneID:105375521;Name=LOC105375521;description=uncharacterized LOC105375521;gbkey=Gene;gene=LOC105375521;gene_biotype=lncRNA
1891411,NC_000007.14,BestRefSeq,gene,135729592,135748813,.,-,.,"ID=gene-FAM180A;Dbxref=GeneID:389558,HGNC:HGNC:33773;Name=FAM180A;description=family with sequence similarity 180 member A;gbkey=Gene;gene=FAM180A;gene_biotype=protein_coding;gene_synonym=UNQ1940"
1891435,NC_000007.14,Gnomon,gene,135758523,135771179,.,+,.,ID=gene-LOC105375522;Dbxref=GeneID:105375522;Name=LOC105375522;description=uncharacterized LOC105375522;gbkey=Gene;gene=LOC105375522;gene_biotype=lncRNA
1891456,NC_000007.14,BestRefSeq,gene,135926760,135977359,.,-,.,"ID=gene-MTPN;Dbxref=GeneID:136319,HGNC:HGNC:15667,MIM:606484;Name=MTPN;description=myotrophin;gbkey=Gene;gene=MTPN;gene_biotype=protein_coding;gene_synonym=GCDP,V-1"
1891467,NC_000007.14,BestRefSeq,gene,135980947,136439965,.,+,.,ID=gene-LOC105375523;Dbxref=GeneID:105375523;Name=LOC105375523;description=uncharacterized LOC105375523;gbkey=Gene;gene=LOC105375523;gene_biotype=lncRNA
1891575,NC_000007.14,Gnomon,gene,136743757,136752301,.,-,.,ID=gene-LOC105375524;Dbxref=GeneID:105375524;Name=LOC105375524;description=uncharacterized LOC105375524;gbkey=Gene;gene=LOC105375524;gene_biotype=lncRNA
1891584,NC_000007.14,cmsearch,gene,136841093,136841196,.,-,.,ID=gene-LOC124901850;Dbxref=GeneID:124901850;Name=LOC124901850;description=small nucleolar RNA U13;gbkey=Gene;gene=LOC124901850;gene_biotype=snoRNA
1891587,NC_000007.14,BestRefSeq%2CGnomon,gene,136868652,137020213,.,+,.,"ID=gene-CHRM2;Dbxref=GeneID:1129,HGNC:HGNC:1951,MIM:118493;Name=CHRM2;description=cholinergic receptor muscarinic 2;gbkey=Gene;gene=CHRM2;gene_biotype=protein_coding;gene_synonym=HM2"
1891651,NC_000007.14,BestRefSeq,gene,136898773,137164341,.,-,.,ID=gene-LOC349160;Dbxref=GeneID:349160;Name=LOC349160;description=uncharacterized LOC349160;gbkey=Gene;gene=LOC349160;gene_biotype=lncRNA
1891657,NC_000007.14,BestRefSeq,gene,136903167,136903294,.,+,.,"ID=gene-MIR490;Dbxref=GeneID:574443,HGNC:HGNC:32075,MIM:616972,miRBase:MI0003125;Name=MIR490;description=microRNA 490;gbkey=Gene;gene=MIR490;gene_biotype=miRNA;gene_synonym=hsa-mir-490,miR-490,MIRN490"
1891686,NC_000007.14,Gnomon,gene,137196674,137205399,.,-,.,ID=gene-LOC105375525;Dbxref=GeneID:105375525;Name=LOC105375525;description=uncharacterized LOC105375525;gbkey=Gene;gene=LOC105375525;gene_biotype=lncRNA
1891691,NC_000007.14,BestRefSeq,gene,137227341,137343733,.,-,.,"ID=gene-PTN;Dbxref=GeneID:5764,HGNC:HGNC:9630,MIM:162095;Name=PTN;description=pleiotrophin;gbkey=Gene;gene=PTN;gene_biotype=protein_coding;gene_synonym=HARP,HB-GAM,HBBM,HBGF-8,HBGF8,HBNF,HBNF-1,NEGF1,OSF-1"
1891731,NC_000007.14,cmsearch,gene,137287687,137287762,.,+,.,ID=gene-LOC124900235;Dbxref=GeneID:124900235;Name=LOC124900235;description=small nucleolar RNA SNORD81;gbkey=Gene;gene=LOC124900235;gene_biotype=snoRNA
1891734,NC_000007.14,BestRefSeq,gene,137324738,137326027,.,+,.,ID=gene-LOC105375527;Dbxref=GeneID:105375527;Name=LOC105375527;description=uncharacterized LOC105375527;gbkey=Gene;gene=LOC105375527;gene_biotype=lncRNA
1891744,NC_000007.14,BestRefSeq%2CGnomon,gene,137381037,137846974,.,-,.,"ID=gene-DGKI;Dbxref=GeneID:9162,HGNC:HGNC:2855,MIM:604072;Name=DGKI;description=diacylglycerol kinase iota;gbkey=Gene;gene=DGKI;gene_biotype=protein_coding;gene_synonym=DGK-IOTA"
1892347,NC_000007.14,BestRefSeq,gene,137874979,138002086,.,-,.,"ID=gene-CREB3L2;Dbxref=GeneID:64764,HGNC:HGNC:23720,MIM:608834;Name=CREB3L2;description=cAMP responsive element binding protein 3 like 2;gbkey=Gene;gene=CREB3L2;gene_biotype=protein_coding;gene_synonym=BBF2H7"
1892429,NC_000007.14,BestRefSeq,gene,137953348,137957966,.,+,.,"ID=gene-CREB3L2-AS1;Dbxref=GeneID:100130880,HGNC:HGNC:41030;Name=CREB3L2-AS1;description=CREB3L2 antisense RNA 1;gbkey=Gene;gene=CREB3L2-AS1;gene_biotype=lncRNA"
1892456,NC_000007.14,Gnomon,gene,138002307,138021913,.,+,.,ID=gene-LOC124901752;Dbxref=GeneID:124901752;Name=LOC124901752;description=uncharacterized LOC124901752;gbkey=Gene;gene=LOC124901752;gene_biotype=lncRNA
1892476,NC_000007.14,Gnomon,gene,138065009,138071847,.,+,.,ID=gene-LOC124901753;Dbxref=GeneID:124901753;Name=LOC124901753;description=uncharacterized LOC124901753;gbkey=Gene;gene=LOC124901753;gene_biotype=lncRNA
1892480,NC_000007.14,BestRefSeq%2CGnomon,gene,138076459,138118305,.,+,.,"ID=gene-AKR1D1;Dbxref=GeneID:6718,HGNC:HGNC:388,MIM:604741;Name=AKR1D1;description=aldo-keto reductase family 1 member D1;gbkey=Gene;gene=AKR1D1;gene_biotype=protein_coding;gene_synonym=3o5bred,CBAS2,SRD5B1"
1892552,NC_000007.14,cmsearch,gene,138121088,138121191,.,+,.,ID=gene-LOC124901828;Dbxref=GeneID:124901828;Name=LOC124901828;description=small nucleolar RNA U13;gbkey=Gene;gene=LOC124901828;gene_biotype=snoRNA
1892558,NC_000007.14,BestRefSeq,gene,138123758,138123821,.,+,.,"ID=gene-MIR4468;Dbxref=GeneID:100616226,HGNC:HGNC:41533,miRBase:MI0016819;Name=MIR4468;description=microRNA 4468;gbkey=Gene;gene=MIR4468;gene_biotype=miRNA"
1892567,NC_000007.14,Gnomon,gene,138161773,138165485,.,+,.,ID=gene-LOC107986749;Dbxref=GeneID:107986749;Name=LOC107986749;description=uncharacterized LOC107986749;gbkey=Gene;gene=LOC107986749;gene_biotype=lncRNA
1892582,NC_000007.14,cmsearch,gene,138187998,138188129,.,-,.,ID=gene-LOC124900243;Dbxref=GeneID:124900243;Name=LOC124900243;description=small nucleolar RNA SNORA51;gbkey=Gene;gene=LOC124900243;gene_biotype=snoRNA
1892594,NC_000007.14,Gnomon,gene,138214321,138219174,.,-,.,ID=gene-LOC124901754;Dbxref=GeneID:124901754;Name=LOC124901754;description=uncharacterized LOC124901754;gbkey=Gene;gene=LOC124901754;gene_biotype=lncRNA
1892625,NC_000007.14,BestRefSeq%2CGnomon,gene,138460259,138589996,.,+,.,"ID=gene-TRIM24;Dbxref=GeneID:8805,HGNC:HGNC:11812,MIM:603406;Name=TRIM24;description=tripartite motif containing 24;gbkey=Gene;gene=TRIM24;gene_biotype=protein_coding;gene_synonym=hTIF1,PTC6,RNF82,TF1A,TIF1,TIF1A,TIF1ALPHA"
1892753,NC_000007.14,cmsearch,gene,138482480,138482583,.,-,.,ID=gene-LOC124901843;Dbxref=GeneID:124901843;Name=LOC124901843;description=small nucleolar RNA U13;gbkey=Gene;gene=LOC124901843;gene_biotype=snoRNA
1892759,NC_000007.14,Gnomon,gene,138556790,138565703,.,-,.,ID=gene-LOC124901755;Dbxref=GeneID:124901755;Name=LOC124901755;description=uncharacterized LOC124901755;gbkey=Gene;gene=LOC124901755;gene_biotype=lncRNA
1892763,NC_000007.14,BestRefSeq%2CGnomon,gene,138594285,138701362,.,-,.,"ID=gene-SVOPL;Dbxref=GeneID:136306,HGNC:HGNC:27034,MIM:611700;Name=SVOPL;description=SVOP like;gbkey=Gene;gene=SVOPL;gene_biotype=protein_coding;gene_synonym=SLC22B5"
1893018,NC_000007.14,cmsearch,gene,138625060,138625188,.,-,.,ID=gene-LOC124900246;Dbxref=GeneID:124900246;Name=LOC124900246;description=small nucleolar RNA SNORA40;gbkey=Gene;gene=LOC124900246;gene_biotype=snoRNA
1893027,NC_000007.14,BestRefSeq,gene,138706294,138798196,.,-,.,"ID=gene-ATP6V0A4;Dbxref=GeneID:50617,HGNC:HGNC:866,MIM:605239;Name=ATP6V0A4;description=ATPase H+ transporting V0 subunit a4;gbkey=Gene;gene=ATP6V0A4;gene_biotype=protein_coding;gene_synonym=A4,ATP6N1B,ATP6N2,DRTA3,RDRTA2,RTA1C,RTADR,STV1,VPH1,VPP2"
1893167,NC_000007.14,BestRefSeq,gene,138797994,138806759,.,+,.,"ID=gene-TMEM213;Dbxref=GeneID:155006,HGNC:HGNC:27220;Name=TMEM213;description=transmembrane protein 213;gbkey=Gene;gene=TMEM213;gene_biotype=protein_coding"
1893179,NC_000007.14,BestRefSeq,gene,138831381,138981389,.,-,.,"ID=gene-KIAA1549;Dbxref=GeneID:57670,HGNC:HGNC:22219,MIM:613344;Name=KIAA1549;description=KIAA1549;gbkey=Gene;gene=KIAA1549;gene_biotype=protein_coding;gene_synonym=RP86"
1893292,NC_000007.14,BestRefSeq%2CGnomon,gene,139021498,139036042,.,-,.,"ID=gene-ZC3HAV1L;Dbxref=GeneID:92092,HGNC:HGNC:22423;Name=ZC3HAV1L;description=zinc finger CCCH-type containing%2C antiviral 1 like;gbkey=Gene;gene=ZC3HAV1L;gene_biotype=protein_coding;gene_synonym=C7orf39"
1893327,NC_000007.14,Gnomon,gene,139036183,139036950,.,+,.,ID=gene-LOC107986852;Dbxref=GeneID:107986852;Name=LOC107986852;description=uncharacterized LOC107986852;gbkey=Gene;gene=LOC107986852;gene_biotype=lncRNA
1893331,NC_000007.14,BestRefSeq,gene,139043515,139109720,.,-,.,"ID=gene-ZC3HAV1;Dbxref=GeneID:56829,HGNC:HGNC:23721,MIM:607312;Name=ZC3HAV1;description=zinc finger CCCH-type containing%2C antiviral 1;gbkey=Gene;gene=ZC3HAV1;gene_biotype=protein_coding;gene_synonym=ARTD13,FLB6421,PARP13,ZAP,ZC3H2,ZC3HDC2"
1893405,NC_000007.14,BestRefSeq,gene,139044100,139044157,.,-,.,"ID=gene-MIR10399;Dbxref=GeneID:113218503,HGNC:HGNC:54009,miRBase:MI0033423;Name=MIR10399;description=microRNA 10399;gbkey=Gene;gene=MIR10399;gene_biotype=miRNA"
1893432,NC_000007.14,BestRefSeq,gene,139133778,139191986,.,+,.,"ID=gene-IFT56;Dbxref=GeneID:79989,HGNC:HGNC:21882,MIM:617453;Name=IFT56;description=intraflagellar transport 56;gbkey=Gene;gene=IFT56;gene_biotype=protein_coding;gene_synonym=BRENS,dyf-13,DYF13,TTC26"
1893733,NC_000007.14,Gnomon,gene,139200419,139201404,.,+,.,ID=gene-LOC124901756;Dbxref=GeneID:124901756;Name=LOC124901756;description=uncharacterized LOC124901756;gbkey=Gene;gene=LOC124901756;gene_biotype=lncRNA
1893742,NC_000007.14,BestRefSeq%2CGnomon,gene,139231237,139330428,.,+,.,"ID=gene-UBN2;Dbxref=GeneID:254048,HGNC:HGNC:21931,MIM:613841;Name=UBN2;description=ubinuclein 2;gbkey=Gene;gene=UBN2;gene_biotype=protein_coding"
1894043,NC_000007.14,BestRefSeq,gene,139340472,139423454,.,+,.,"ID=gene-LUC7L2;Dbxref=GeneID:51631,HGNC:HGNC:21608,MIM:613056;Name=LUC7L2;description=LUC7 like 2%2C pre-mRNA splicing factor;gbkey=Gene;gene=LUC7L2;gene_biotype=protein_coding;gene_synonym=CGI-59,CGI-74,LUC7B2"
1894109,NC_000007.14,BestRefSeq,gene,139340472,139346328,.,+,.,"ID=gene-FMC1;Dbxref=GeneID:154791,HGNC:HGNC:26946,MIM:620766;Name=FMC1;description=formation of mitochondrial complex V assembly factor 1 homolog;gbkey=Gene;gene=FMC1;gene_biotype=protein_coding;gene_synonym=C7orf55,HSPC268"
1894127,NC_000007.14,tRNAscan-SE,gene,139340700,139340772,.,+,.,"ID=gene-TRR-CCT4-1;Dbxref=GeneID:100189406,HGNC:HGNC:34975;Name=TRR-CCT4-1;description=tRNA-Arg (anticodon CCT) 4-1;gbkey=Gene;gene=TRR-CCT4-1;gene_biotype=tRNA"
1894137,NC_000007.14,BestRefSeq,gene,139341337,139423454,.,+,.,"ID=gene-FMC1-LUC7L2;Dbxref=GeneID:100996928,HGNC:HGNC:44671;Name=FMC1-LUC7L2;description=FMC1-LUC7L2 readthrough;gbkey=Gene;gene=FMC1-LUC7L2;gene_biotype=protein_coding;gene_synonym=C7orf55,C7orf55-LUC7L2,FMC1"
1894169,NC_000007.14,BestRefSeq,gene,139417462,139427526,.,-,.,ID=gene-LOC100129148;Dbxref=GeneID:100129148;Name=LOC100129148;description=uncharacterized LOC100129148;gbkey=Gene;gene=LOC100129148;gene_biotype=lncRNA
1894176,NC_000007.14,BestRefSeq%2CGnomon,gene,139427098,139483673,.,-,.,"ID=gene-KLRG2;Dbxref=GeneID:346689,HGNC:HGNC:24778;Name=KLRG2;description=killer cell lectin like receptor G2;gbkey=Gene;gene=KLRG2;gene_biotype=protein_coding;gene_synonym=CLEC15B"
1894247,NC_000007.14,BestRefSeq%2CGnomon,gene,139523685,139544985,.,+,.,"ID=gene-CLEC2L;Dbxref=GeneID:154790,HGNC:HGNC:21969;Name=CLEC2L;description=C-type lectin domain family 2 member L;gbkey=Gene;gene=CLEC2L;gene_biotype=protein_coding"
1894286,NC_000007.14,BestRefSeq%2CGnomon,gene,139561570,139777998,.,-,.,"ID=gene-HIPK2;Dbxref=GeneID:28996,HGNC:HGNC:14402,MIM:606868;Name=HIPK2;description=homeodomain interacting protein kinase 2;gbkey=Gene;gene=HIPK2;gene_biotype=protein_coding;gene_synonym=PRO0593"
1894696,NC_000007.14,Gnomon,gene,139585533,139615553,.,+,.,ID=gene-LOC105375530;Dbxref=GeneID:105375530;Name=LOC105375530;description=uncharacterized LOC105375530;gbkey=Gene;gene=LOC105375530;gene_biotype=lncRNA
1894732,NC_000007.14,BestRefSeq%2CGnomon,gene,139778242,140020293,.,+,.,"ID=gene-TBXAS1;Dbxref=GeneID:6916,HGNC:HGNC:11609,MIM:274180;Name=TBXAS1;description=thromboxane A synthase 1;gbkey=Gene;gene=TBXAS1;gene_biotype=protein_coding;gene_synonym=BDPLT14,CYP5,CYP5A1,GHOSAL,THAS,TS,TXAS,TXS"
1894983,NC_000007.14,Gnomon,gene,139880057,139883924,.,+,.,ID=gene-LOC107986853;Dbxref=GeneID:107986853;Name=LOC107986853;description=uncharacterized LOC107986853;gbkey=Gene;gene=LOC107986853;gene_biotype=lncRNA
1894994,NC_000007.14,Gnomon,gene,139936313,139947147,.,+,.,ID=gene-LOC105375532;Dbxref=GeneID:105375532;Name=LOC105375532;description=uncharacterized LOC105375532;gbkey=Gene;gene=LOC105375532;gene_biotype=lncRNA
1895016,NC_000007.14,BestRefSeq%2CGnomon,gene,140023749,140062951,.,-,.,"ID=gene-PARP12;Dbxref=GeneID:64761,HGNC:HGNC:21919,MIM:612481;Name=PARP12;description=poly(ADP-ribose) polymerase family member 12;gbkey=Gene;gene=PARP12;gene_biotype=protein_coding;gene_synonym=ARTD12,MST109,MSTP109,ZC3H1,ZC3HDC1"
1895188,NC_000007.14,Gnomon,gene,140082797,140083588,.,+,.,ID=gene-LOC124901757;Dbxref=GeneID:124901757;Name=LOC124901757;description=uncharacterized LOC124901757;gbkey=Gene;gene=LOC124901757;gene_biotype=lncRNA
1895192,NC_000007.14,BestRefSeq%2CGnomon,gene,140084746,140176983,.,-,.,"ID=gene-KDM7A;Dbxref=GeneID:80853,HGNC:HGNC:22224,MIM:619640;Name=KDM7A;description=lysine demethylase 7A;gbkey=Gene;gene=KDM7A;gene_biotype=protein_coding;gene_synonym=JHDM1D"
1895313,NC_000007.14,BestRefSeq,gene,140177261,140179640,.,+,.,"ID=gene-KDM7A-DT;Dbxref=GeneID:100134229,HGNC:HGNC:48959;Name=KDM7A-DT;description=KDM7A divergent transcript;gbkey=Gene;gene=KDM7A-DT;gene_biotype=lncRNA;gene_synonym=JHDM1D-AS1"
1895329,NC_000007.14,Gnomon,gene,140231486,140254209,.,+,.,ID=gene-LOC107986854;Dbxref=GeneID:107986854;Name=LOC107986854;description=uncharacterized LOC107986854;gbkey=Gene;gene=LOC107986854;gene_biotype=lncRNA
1895346,NC_000007.14,Gnomon,gene,140294907,140297459,.,-,.,ID=gene-LOC105375534;Dbxref=GeneID:105375534;Name=LOC105375534;description=uncharacterized LOC105375534;gbkey=Gene;gene=LOC105375534;gene_biotype=lncRNA
1895351,NC_000007.14,Gnomon,gene,140301283,140317242,.,-,.,ID=gene-LOC124901758;Dbxref=GeneID:124901758;Name=LOC124901758;description=uncharacterized LOC124901758;gbkey=Gene;gene=LOC124901758;gene_biotype=lncRNA
1895355,NC_000007.14,BestRefSeq%2CGnomon,gene,140333752,140398530,.,-,.,"ID=gene-SLC37A3;Dbxref=GeneID:84255,HGNC:HGNC:20651,MIM:619137;Name=SLC37A3;description=solute carrier family 37 member 3;gbkey=Gene;gene=SLC37A3;gene_biotype=protein_coding;gene_synonym=SPX3"
1895738,NC_000007.14,cmsearch,gene,140375563,140375666,.,-,.,ID=gene-LOC124901838;Dbxref=GeneID:124901838;Name=LOC124901838;description=small nucleolar RNA U13;gbkey=Gene;gene=LOC124901838;gene_biotype=snoRNA
1895753,NC_000007.14,Gnomon,gene,140401583,140404468,.,-,.,ID=gene-LOC124901759;Dbxref=GeneID:124901759;Name=LOC124901759;description=uncharacterized LOC124901759;gbkey=Gene;gene=LOC124901759;gene_biotype=lncRNA
1895759,NC_000007.14,BestRefSeq%2CGnomon,gene,140404058,140427974,.,+,.,"ID=gene-RAB19;Dbxref=GeneID:401409,HGNC:HGNC:19982;Name=RAB19;description=RAB19%2C member RAS oncogene family;gbkey=Gene;gene=RAB19;gene_biotype=protein_coding;gene_synonym=RAB19B"
1895815,NC_000007.14,BestRefSeq%2CGnomon,gene,140453033,140479569,.,-,.,"ID=gene-MKRN1;Dbxref=GeneID:23608,HGNC:HGNC:7112,MIM:607754;Name=MKRN1;description=makorin ring finger protein 1;gbkey=Gene;gene=MKRN1;gene_biotype=protein_coding;gene_synonym=RNF61"
1895957,NC_000007.14,BestRefSeq,gene,140518419,140641460,.,-,.,"ID=gene-DENND2A;Dbxref=GeneID:27147,HGNC:HGNC:22212,MIM:620120;Name=DENND2A;description=DENN domain containing 2A;gbkey=Gene;gene=DENND2A;gene_biotype=protein_coding;gene_synonym=FAM31D,KIAA1277"
1896155,NC_000007.14,Gnomon,gene,140640909,140666628,.,+,.,ID=gene-LOC105375535;Dbxref=GeneID:105375535;Name=LOC105375535;description=uncharacterized LOC105375535;gbkey=Gene;gene=LOC105375535;gene_biotype=lncRNA
1896168,NC_000007.14,BestRefSeq%2CGnomon,gene,140672945,140695110,.,+,.,"ID=gene-ADCK2;Dbxref=GeneID:90956,HGNC:HGNC:19039;Name=ADCK2;description=aarF domain containing kinase 2;gbkey=Gene;gene=ADCK2;gene_biotype=protein_coding;gene_synonym=AARF"
1896222,NC_000007.14,BestRefSeq,gene,140695336,140697077,.,-,.,"ID=gene-NDUFB2-AS1;Dbxref=GeneID:100134713,HGNC:HGNC:40396;Name=NDUFB2-AS1;description=NDUFB2 antisense RNA 1;gbkey=Gene;gene=NDUFB2-AS1;gene_biotype=lncRNA"
1896226,NC_000007.14,BestRefSeq,gene,140696708,140706643,.,+,.,"ID=gene-NDUFB2;Dbxref=GeneID:4708,HGNC:HGNC:7697,MIM:603838;Name=NDUFB2;description=NADH:ubiquinone oxidoreductase subunit B2;gbkey=Gene;gene=NDUFB2;gene_biotype=protein_coding;gene_synonym=AGGG,CI-AGGG"
1896237,NC_000007.14,BestRefSeq%2CGnomon,gene,140713328,140924929,.,-,.,"ID=gene-BRAF;Dbxref=GeneID:673,HGNC:HGNC:1097,MIM:164757;Name=BRAF;description=B-Raf proto-oncogene%2C serine/threonine kinase;gbkey=Gene;gene=BRAF;gene_biotype=protein_coding;gene_synonym=B-raf,B-RAF1,BRAF-1,BRAF1,NS7,RAFB1"
1896955,NC_000007.14,Gnomon,gene,140925092,140993771,.,+,.,ID=gene-LOC105375536;Dbxref=GeneID:105375536;Name=LOC105375536;description=uncharacterized LOC105375536;gbkey=Gene;gene=LOC105375536;gene_biotype=lncRNA
1896964,NC_000007.14,Gnomon,gene,140982026,140996752,.,-,.,ID=gene-LOC107986720;Dbxref=GeneID:107986720;Name=LOC107986720;description=uncharacterized LOC107986720;gbkey=Gene;gene=LOC107986720;gene_biotype=lncRNA
1896972,NC_000007.14,BestRefSeq,gene,141002610,141014952,.,-,.,"ID=gene-MRPS33;Dbxref=GeneID:51650,HGNC:HGNC:16634,MIM:611993;Name=MRPS33;description=mitochondrial ribosomal protein S33;gbkey=Gene;gene=MRPS33;gene_biotype=protein_coding;gene_synonym=CGI-139,MRP-S33,mS33,PTD003,S33mt"
1896996,NC_000007.14,Gnomon,gene,141052594,141054600,.,+,.,ID=gene-LOC107986719;Dbxref=GeneID:107986719;Name=LOC107986719;description=uncharacterized LOC107986719;gbkey=Gene;gene=LOC107986719;gene_biotype=lncRNA
1897001,NC_000007.14,Gnomon,gene,141056880,141070291,.,+,.,ID=gene-LOC105375537;Dbxref=GeneID:105375537;Name=LOC105375537;description=uncharacterized LOC105375537;gbkey=Gene;gene=LOC105375537;gene_biotype=lncRNA
1897010,NC_000007.14,BestRefSeq%2CGnomon,gene,141074064,141511296,.,+,.,"ID=gene-TMEM178B;Dbxref=GeneID:100507421,HGNC:HGNC:44112;Name=TMEM178B;description=transmembrane protein 178B;gbkey=Gene;gene=TMEM178B;gene_biotype=protein_coding"
1897057,NC_000007.14,Gnomon,gene,141367135,141369243,.,+,.,ID=gene-LOC124901760;Dbxref=GeneID:124901760;Name=LOC124901760;description=uncharacterized LOC124901760;gbkey=Gene;gene=LOC124901760;gene_biotype=lncRNA
1897073,NC_000007.14,BestRefSeq,gene,141500140,141551344,.,-,.,"ID=gene-AGK-DT;Dbxref=GeneID:105375538,HGNC:HGNC:55356;Name=AGK-DT;description=AGK divergent transcript;gbkey=Gene;gene=AGK-DT;gene_biotype=lncRNA"
1897107,NC_000007.14,BestRefSeq%2CGnomon,gene,141551410,141655244,.,+,.,"ID=gene-AGK;Dbxref=GeneID:55750,HGNC:HGNC:21869,MIM:610345;Name=AGK;description=acylglycerol kinase;gbkey=Gene;gene=AGK;gene_biotype=protein_coding;gene_synonym=CATC5,CTRCT38,MTDPS10,MULK"
1897245,NC_000007.14,BestRefSeq,gene,141656728,141702166,.,-,.,"ID=gene-DENND11;Dbxref=GeneID:57189,HGNC:HGNC:29472,MIM:620122;Name=DENND11;description=DENN domain containing 11;gbkey=Gene;gene=DENND11;gene_biotype=protein_coding;gene_synonym=KIAA1147,LCHN,PRO2561"
1897269,NC_000007.14,BestRefSeq,gene,141704338,141738230,.,-,.,"ID=gene-WEE2-AS1;Dbxref=GeneID:285962,HGNC:HGNC:48669;Name=WEE2-AS1;description=WEE2 antisense RNA 1;gbkey=Gene;gene=WEE2-AS1;gene_biotype=lncRNA"
1897278,NC_000007.14,BestRefSeq,gene,141708353,141731271,.,+,.,"ID=gene-WEE2;Dbxref=GeneID:494551,HGNC:HGNC:19684,MIM:614084;Name=WEE2;description=WEE2 oocyte meiosis inhibiting kinase;gbkey=Gene;gene=WEE2;gene_biotype=protein_coding;gene_synonym=OOMD5,OZEMA5,WEE1B"
1897309,NC_000007.14,BestRefSeq%2CGnomon,gene,141738321,141750488,.,+,.,"ID=gene-SSBP1;Dbxref=GeneID:6742,HGNC:HGNC:11317,MIM:600439;Name=SSBP1;description=single stranded DNA binding protein 1;gbkey=Gene;gene=SSBP1;gene_biotype=protein_coding;gene_synonym=Mt-SSB,mtSSB,OPA13,SOSS-B1,SSBP"
1897439,NC_000007.14,BestRefSeq,gene,141764097,141765197,.,+,.,"ID=gene-TAS2R3;Dbxref=GeneID:50831,HGNC:HGNC:14910,MIM:604868;Name=TAS2R3;description=taste 2 receptor member 3;gbkey=Gene;gene=TAS2R3;gene_biotype=protein_coding;gene_synonym=T2R3"
1897443,NC_000007.14,BestRefSeq,gene,141776674,141781691,.,+,.,"ID=gene-TAS2R4;Dbxref=GeneID:50832,HGNC:HGNC:14911,MIM:604869;Name=TAS2R4;description=taste 2 receptor member 4;gbkey=Gene;gene=TAS2R4;gene_biotype=protein_coding;gene_synonym=T2R4"
1897448,NC_000007.14,BestRefSeq,gene,141790217,141791367,.,+,.,"ID=gene-TAS2R5;Dbxref=GeneID:54429,HGNC:HGNC:14912,MIM:605062;Name=TAS2R5;description=taste 2 receptor member 5;gbkey=Gene;gene=TAS2R5;gene_biotype=protein_coding;gene_synonym=T2R5"
1897457,NC_000007.14,BestRefSeq%2CGnomon,gene,141836278,141841485,.,-,.,"ID=gene-PRSS37;Dbxref=GeneID:136242,HGNC:HGNC:29211;Name=PRSS37;description=serine protease 37;gbkey=Gene;gene=PRSS37;gene_biotype=protein_coding;gene_synonym=TRYX2"
1897534,NC_000007.14,BestRefSeq,gene,141916399,141920625,.,+,.,"ID=gene-OR9A4;Dbxref=GeneID:130075,HGNC:HGNC:15095;Name=OR9A4;description=olfactory receptor family 9 subfamily A member 4;gbkey=Gene;gene=OR9A4;gene_biotype=protein_coding"
1897539,NC_000007.14,BestRefSeq%2CGnomon,gene,141927357,141946974,.,-,.,"ID=gene-CLEC5A;Dbxref=GeneID:23601,HGNC:HGNC:2054,MIM:604987;Name=CLEC5A;description=C-type lectin domain containing 5A;gbkey=Gene;gene=CLEC5A;gene_biotype=protein_coding;gene_synonym=CLECSF5,MDL-1,MDL1"
1897585,NC_000007.14,Gnomon,gene,141929932,141931849,.,+,.,ID=gene-LOC124901761;Dbxref=GeneID:124901761;Name=LOC124901761;description=uncharacterized LOC124901761;gbkey=Gene;gene=LOC124901761;gene_biotype=lncRNA
1897593,NC_000007.14,BestRefSeq,gene,141972631,141973773,.,-,.,"ID=gene-TAS2R38;Dbxref=GeneID:5726,HGNC:HGNC:9584,MIM:607751;Name=TAS2R38;description=taste 2 receptor member 38;gbkey=Gene;gene=TAS2R38;gene_biotype=protein_coding;gene_synonym=PTC,T2R38,T2R61,THIOT"
1897597,NC_000007.14,BestRefSeq%2CGnomon,gene,141986518,142106747,.,+,.,"ID=gene-MGAM;Dbxref=GeneID:8972,HGNC:HGNC:7043,MIM:154360;Name=MGAM;description=maltase-glucoamylase;gbkey=Gene;gene=MGAM;gene_biotype=protein_coding;gene_synonym=MG,MGA"
1899228,NC_000007.14,BestRefSeq%2CGnomon,gene,142111718,142222324,.,+,.,"ID=gene-MGAM2;Dbxref=GeneID:93432,HGNC:HGNC:28101;Name=MGAM2;description=maltase-glucoamylase 2 (putative);gbkey=Gene;gene=MGAM2;gene_biotype=protein_coding"
1899626,NC_000007.14,BestRefSeq,gene,142252143,142258058,.,-,.,"ID=gene-PRSS58;Dbxref=GeneID:136541,HGNC:HGNC:39125;Name=PRSS58;description=serine protease 58;gbkey=Gene;gene=PRSS58;gene_biotype=protein_coding;gene_synonym=PRSS1,TRY1,TRYX3,UNQ2540"
1899647,NC_000007.14,Curated Genomic,gene,142299011,142813287,.,+,.,"ID=gene-TRB;Dbxref=GeneID:6957,HGNC:HGNC:12155;Name=TRB;description=T cell receptor beta locus;gbkey=Gene;gene=TRB;gene_biotype=other;gene_synonym=TCRB,TRB@"
1899664,NC_000007.14,Curated Genomic,gene,142300998,142301432,.,+,.,"ID=gene-TRBV2;Dbxref=GeneID:28620,HGNC:HGNC:12195,IMGT/GENE-DB:TRBV2;Name=TRBV2;description=T cell receptor beta variable 2;end_range=142301432,.;gbkey=Gene;gene=TRBV2;gene_biotype=V_segment;gene_synonym=TCRBV22S1A2N1T,TCRBV2S1;partial=true"
1899673,NC_000007.14,Curated Genomic,gene,142308589,142309048,.,+,.,"ID=gene-TRBV3-1;Dbxref=GeneID:28619,HGNC:HGNC:12212,IMGT/GENE-DB:TRBV3-1;Name=TRBV3-1;description=T cell receptor beta variable 3-1;end_range=142309048,.;gbkey=Gene;gene=TRBV3-1;gene_biotype=V_segment;gene_synonym=TCRBV3S1,TCRBV9S1A1T,TRBV31;partial=true"
1899682,NC_000007.14,Curated Genomic,gene,142313213,142313666,.,+,.,"ID=gene-TRBV4-1;Dbxref=GeneID:28617,HGNC:HGNC:12215,IMGT/GENE-DB:TRBV4-1;Name=TRBV4-1;description=T cell receptor beta variable 4-1;end_range=142313666,.;gbkey=Gene;gene=TRBV4-1;gene_biotype=V_segment;gene_synonym=BV07S1J2.7,TCRBV4S1,TCRBV7S1A1N2T,TRBV41;partial=true"
1899691,NC_000007.14,Curated Genomic,gene,142321075,142321544,.,+,.,"ID=gene-TRBV5-1;Dbxref=GeneID:28614,HGNC:HGNC:12218,IMGT/GENE-DB:TRBV5-1;Name=TRBV5-1;description=T cell receptor beta variable 5-1;end_range=142321544,.;gbkey=Gene;gene=TRBV5-1;gene_biotype=V_segment;gene_synonym=TCRBV5S1,TCRBV5S1A1T,TRBV51;partial=true"
1899700,NC_000007.14,Curated Genomic,gene,142328354,142328786,.,+,.,"ID=gene-TRBV6-1;Dbxref=GeneID:28606,HGNC:HGNC:12226,IMGT/GENE-DB:TRBV6-1;Name=TRBV6-1;description=T cell receptor beta variable 6-1;end_range=142328786,.;gbkey=Gene;gene=TRBV6-1;gene_biotype=V_segment;gene_synonym=TCRBV13S3,TCRBV6S1,TRBV61;partial=true"
1899709,NC_000007.14,Gnomon,gene,142329908,142336719,.,-,.,ID=gene-LOC105375539;Dbxref=GeneID:105375539;Name=LOC105375539;description=uncharacterized LOC105375539;gbkey=Gene;gene=LOC105375539;gene_biotype=lncRNA
1899724,NC_000007.14,Curated Genomic,gene,142345532,142345985,.,+,.,"ID=gene-TRBV4-2;Dbxref=GeneID:28616,HGNC:HGNC:12216,IMGT/GENE-DB:TRBV4-2;Name=TRBV4-2;description=T cell receptor beta variable 4-2;end_range=142345985,.;gbkey=Gene;gene=TRBV4-2;gene_biotype=V_segment;gene_synonym=TCRBV4S2,TCRBV7S3A2,TCRBV7S3A2T,TRBV42;partial=true"
1899733,NC_000007.14,Curated Genomic,gene,142349232,142349664,.,+,.,"ID=gene-TRBV6-3;Dbxref=GeneID:28604,HGNC:HGNC:12228,IMGT/GENE-DB:TRBV6-3;Name=TRBV6-3;description=T cell receptor beta variable 6-3;end_range=142349664,.;gbkey=Gene;gene=TRBV6-3;gene_biotype=V_segment;gene_synonym=TCRBV13S9/13S2A1T,TCRBV6S3,TRBV63;partial=true"
1899742,NC_000007.14,Curated Genomic,gene,142352866,142353358,.,+,.,"ID=gene-TRBV7-2;Dbxref=GeneID:28596,HGNC:HGNC:12236,IMGT/GENE-DB:TRBV7-2;Name=TRBV7-2;description=T cell receptor beta variable 7-2;end_range=142353358,.;gbkey=Gene;gene=TRBV7-2;gene_biotype=V_segment;gene_synonym=TCRBV6S5A1N1,TCRBV6S5A2,TCRBV7S2,TRBV72;partial=true"
1899769,NC_000007.14,Curated Genomic,gene,142380827,142381261,.,+,.,"ID=gene-TRBV6-4;Dbxref=GeneID:28603,HGNC:HGNC:12229,IMGT/GENE-DB:TRBV6-4;Name=TRBV6-4;description=T cell receptor beta variable 6-4;end_range=142381261,.;gbkey=Gene;gene=TRBV6-4;gene_biotype=V_segment;gene_synonym=TCRBV13S5,TCRBV6S4,TRBV64;partial=true"
1899778,NC_000007.14,Curated Genomic,gene,142384379,142384841,.,+,.,"ID=gene-TRBV7-3;Dbxref=GeneID:28595,HGNC:HGNC:12237,IMGT/GENE-DB:TRBV7-3;Name=TRBV7-3;description=T cell receptor beta variable 7-3;end_range=142384841,.;gbkey=Gene;gene=TRBV7-3;gene_biotype=V_segment;gene_synonym=TCRBV6S1A1N1,TCRBV7S3,TRBV73;partial=true"
1899805,NC_000007.14,Curated Genomic,gene,142391938,142392412,.,+,.,"ID=gene-TRBV9;Dbxref=GeneID:28586,HGNC:HGNC:12246,IMGT/GENE-DB:TRBV9;Name=TRBV9;description=T cell receptor beta variable 9;end_range=142392412,.;gbkey=Gene;gene=TRBV9;gene_biotype=V_segment;gene_synonym=TCRBV1S1A1N1,TCRBV9S1;partial=true"
1899814,NC_000007.14,Curated Genomic,gene,142399928,142400377,.,+,.,"ID=gene-TRBV10-1;Dbxref=GeneID:28585,HGNC:HGNC:12177,IMGT/GENE-DB:TRBV10-1;Name=TRBV10-1;description=T cell receptor beta variable 10-1;end_range=142400377,.;gbkey=Gene;gene=TRBV10-1;gene_biotype=V_segment;gene_synonym=TCRBV10S1,TCRBV12S2,TCRBV12S2A1T,TRBV101;partial=true"
1899823,NC_000007.14,Curated Genomic,gene,142407689,142408136,.,+,.,"ID=gene-TRBV11-1;Dbxref=GeneID:28582,HGNC:HGNC:12180,IMGT/GENE-DB:TRBV11-1;Name=TRBV11-1;description=T cell receptor beta variable 11-1;end_range=142408136,.;gbkey=Gene;gene=TRBV11-1;gene_biotype=V_segment;gene_synonym=TCRBV11S1,TCRBV21S1,TRBV111;partial=true"
1899839,NC_000007.14,Curated Genomic,gene,142425016,142425465,.,+,.,"ID=gene-TRBV10-2;Dbxref=GeneID:28584,HGNC:HGNC:12178,IMGT/GENE-DB:TRBV10-2;Name=TRBV10-2;description=T cell receptor beta variable 10-2;end_range=142425465,.;gbkey=Gene;gene=TRBV10-2;gene_biotype=V_segment;gene_synonym=TCRBV10S2,TCRBV12S3,TRBV102;partial=true"
1899848,NC_000007.14,Curated Genomic,gene,142433956,142434394,.,+,.,"ID=gene-TRBV11-2;Dbxref=GeneID:28581,HGNC:HGNC:12181,IMGT/GENE-DB:TRBV11-2;Name=TRBV11-2;description=T cell receptor beta variable 11-2;end_range=142434394,.;gbkey=Gene;gene=TRBV11-2;gene_biotype=V_segment;gene_synonym=TCRBV11S2,TCRBV21S3A2N2T,TRBV112;partial=true"
1899868,NC_000007.14,Curated Genomic,gene,142451013,142451448,.,+,.,"ID=gene-TRBV6-5;Dbxref=GeneID:28602,HGNC:HGNC:12230,IMGT/GENE-DB:TRBV6-5;Name=TRBV6-5;description=T cell receptor beta variable 6-5;end_range=142451448,.;gbkey=Gene;gene=TRBV6-5;gene_biotype=V_segment;gene_synonym=TCRBV13S1,TCRBV6S5,TRBV65;partial=true"
1899877,NC_000007.14,Curated Genomic,gene,142455174,142455635,.,+,.,"ID=gene-TRBV7-4;Dbxref=GeneID:28594,HGNC:HGNC:12238,IMGT/GENE-DB:TRBV7-4;Name=TRBV7-4;description=T cell receptor beta variable 7-4;end_range=142455635,.;gbkey=Gene;gene=TRBV7-4;gene_biotype=V_segment;gene_synonym=TCRBV6S8A2T,TCRBV7S4,TRBV74;partial=true"
1899886,NC_000007.14,Gnomon,gene,142461093,142469433,.,-,.,ID=gene-LOC107986855;Dbxref=GeneID:107986855;Name=LOC107986855;description=uncharacterized LOC107986855;gbkey=Gene;gene=LOC107986855;gene_biotype=lncRNA
1899890,NC_000007.14,Curated Genomic,gene,142463117,142463581,.,+,.,"ID=gene-TRBV5-4;Dbxref=GeneID:28611,HGNC:HGNC:12221,IMGT/GENE-DB:TRBV5-4;Name=TRBV5-4;description=T cell receptor beta variable 5-4;end_range=142463581,.;gbkey=Gene;gene=TRBV5-4;gene_biotype=V_segment;gene_synonym=TCRBV5S4,TCRBV5S6A3N2T,TRBV54;partial=true"
1899899,NC_000007.14,Curated Genomic,gene,142469581,142470013,.,+,.,"ID=gene-TRBV6-6;Dbxref=GeneID:28601,HGNC:HGNC:12231,IMGT/GENE-DB:TRBV6-6;Name=TRBV6-6;description=T cell receptor beta variable 6-6;end_range=142470013,.;gbkey=Gene;gene=TRBV6-6;gene_biotype=V_segment;gene_synonym=TCRBV13S6A2T,TCRBV6S6,TRBV66;partial=true"
1899917,NC_000007.14,BestRefSeq,gene,142474527,142474603,.,+,.,"ID=gene-MIR11400;Dbxref=GeneID:113839523,HGNC:HGNC:54160,miRBase:MI0036559;Name=MIR11400;description=microRNA 11400;gbkey=Gene;gene=MIR11400;gene_biotype=miRNA"
1899922,NC_000007.14,Curated Genomic,gene,142482555,142483019,.,+,.,"ID=gene-TRBV5-5;Dbxref=GeneID:28610,HGNC:HGNC:12222,IMGT/GENE-DB:TRBV5-5;Name=TRBV5-5;description=T cell receptor beta variable 5-5;end_range=142483019,.;gbkey=Gene;gene=TRBV5-5;gene_biotype=V_segment;gene_synonym=TCRBV5S3A2T,TCRBV5S5,TRBV55;partial=true"
1899940,NC_000007.14,Curated Genomic,gene,142492177,142492673,.,+,.,"ID=gene-TRBV7-6;Dbxref=GeneID:28592,HGNC:HGNC:12240,IMGT/GENE-DB:TRBV7-6;Name=TRBV7-6;description=T cell receptor beta variable 7-6;end_range=142492673,.;gbkey=Gene;gene=TRBV7-6;gene_biotype=V_segment;gene_synonym=TCRBV6S3A1N1T,TCRBV7S6,TRBV76;partial=true"
1899949,NC_000007.14,Curated Genomic,gene,142500069,142500534,.,+,.,"ID=gene-TRBV5-6;Dbxref=GeneID:28609,HGNC:HGNC:12223,IMGT/GENE-DB:TRBV5-6;Name=TRBV5-6;description=T cell receptor beta variable 5-6;end_range=142500534,.;gbkey=Gene;gene=TRBV5-6;gene_biotype=V_segment;gene_synonym=TCRBV5S2,TCRBV5S6,TRBV56;partial=true"
1899958,NC_000007.14,Curated Genomic,gene,142507382,142507810,.,+,.,"ID=gene-TRBV6-8;Dbxref=GeneID:28599,HGNC:HGNC:12233,IMGT/GENE-DB:TRBV6-8;Name=TRBV6-8;description=T cell receptor beta variable 6-8;end_range=142507810,.;gbkey=Gene;gene=TRBV6-8;gene_biotype=V_segment;gene_synonym=TCRBV13S7P,TCRBV6S8,TRBV68;partial=true"
1899967,NC_000007.14,Curated Genomic,gene,142511626,142512127,.,+,.,"ID=gene-TRBV7-7;Dbxref=GeneID:28591,HGNC:HGNC:12241,IMGT/GENE-DB:TRBV7-7;Name=TRBV7-7;description=T cell receptor beta variable 7-7;end_range=142512127,.;gbkey=Gene;gene=TRBV7-7;gene_biotype=V_segment;gene_synonym=TCRBV6S6A2T,TCRBV7S7,TRBV77;partial=true"
1899976,NC_000007.14,Curated Genomic,gene,142520090,142520556,.,+,.,"ID=gene-TRBV5-7;Dbxref=GeneID:28608,HGNC:HGNC:12224,IMGT/GENE-DB:TRBV5-7;Name=TRBV5-7;description=T cell receptor beta variable 5-7 (non-functional);end_range=142520556,.;gbkey=Gene;gene=TRBV5-7;gene_biotype=V_segment;gene_synonym=TCRBV5S7,TCRBV5S7P,TRBV57;partial=true"
1899985,NC_000007.14,Curated Genomic,gene,142529290,142529762,.,+,.,"ID=gene-TRBV7-9;Dbxref=GeneID:28589,HGNC:HGNC:12243,IMGT/GENE-DB:TRBV7-9;Name=TRBV7-9;description=T cell receptor beta variable 7-9;end_range=142529762,.;gbkey=Gene;gene=TRBV7-9;gene_biotype=V_segment;gene_synonym=TCRB,TCRBV6S4A1,TCRBV7S9,TRBV79;partial=true"
1899994,NC_000007.14,Curated Genomic,gene,142535809,142536292,.,+,.,"ID=gene-TRBV13;Dbxref=GeneID:28574,HGNC:HGNC:12188,IMGT/GENE-DB:TRBV13;Name=TRBV13;description=T cell receptor beta variable 13;end_range=142536292,.;gbkey=Gene;gene=TRBV13;gene_biotype=V_segment;gene_synonym=TCRBV13S1,TCRBV23S1A2T;partial=true"
1900003,NC_000007.14,Curated Genomic,gene,142544236,142544685,.,+,.,"ID=gene-TRBV10-3;Dbxref=GeneID:28583,HGNC:HGNC:12179,IMGT/GENE-DB:TRBV10-3;Name=TRBV10-3;description=T cell receptor beta variable 10-3;end_range=142544685,.;gbkey=Gene;gene=TRBV10-3;gene_biotype=V_segment;gene_synonym=TCRBV10S3,TCRBV12S1A1N2,TRBV103;partial=true"
1900012,NC_000007.14,Curated Genomic,gene,142554881,142555318,.,+,.,"ID=gene-TRBV11-3;Dbxref=GeneID:28580,HGNC:HGNC:12182,IMGT/GENE-DB:TRBV11-3;Name=TRBV11-3;description=T cell receptor beta variable 11-3;end_range=142555318,.;gbkey=Gene;gene=TRBV11-3;gene_biotype=V_segment;gene_synonym=TCRBV11S3,TCRBV21S2A2,TRBV113;partial=true"
1900021,NC_000007.14,Curated Genomic,gene,142560485,142560931,.,+,.,"ID=gene-TRBV12-3;Dbxref=GeneID:28577,HGNC:HGNC:12185,IMGT/GENE-DB:TRBV12-3;Name=TRBV12-3;description=T cell receptor beta variable 12-3;end_range=142560931,.;gbkey=Gene;gene=TRBV12-3;gene_biotype=V_segment;gene_synonym=TCRBV12S3,TCRBV8S1,TRBV123;partial=true"
1900030,NC_000007.14,Curated Genomic,gene,142563799,142564245,.,+,.,"ID=gene-TRBV12-4;Dbxref=GeneID:28576,HGNC:HGNC:12186,IMGT/GENE-DB:TRBV12-4;Name=TRBV12-4;description=T cell receptor beta variable 12-4;end_range=142564245,.;gbkey=Gene;gene=TRBV12-4;gene_biotype=V_segment;gene_synonym=TCRBV12S4,TCRBV8S2A1T,TRBV124;partial=true"
1900039,NC_000007.14,Curated Genomic,gene,142580981,142581427,.,+,.,"ID=gene-TRBV12-5;Dbxref=GeneID:28575,HGNC:HGNC:12187,IMGT/GENE-DB:TRBV12-5;Name=TRBV12-5;description=T cell receptor beta variable 12-5;end_range=142581427,.;gbkey=Gene;gene=TRBV12-5;gene_biotype=V_segment;gene_synonym=TCRBV12S5,TCRBV8S3,TRBV125;partial=true"
1900048,NC_000007.14,Curated Genomic,gene,142587927,142588359,.,+,.,"ID=gene-TRBV14;Dbxref=GeneID:28573,HGNC:HGNC:12189,IMGT/GENE-DB:TRBV14;Name=TRBV14;description=T cell receptor beta variable 14;end_range=142588359,.;gbkey=Gene;gene=TRBV14;gene_biotype=V_segment;gene_synonym=TCRBV14S1,TCRBV16S1A1N1;partial=true"
1900057,NC_000007.14,Curated Genomic,gene,142593005,142593473,.,+,.,"ID=gene-TRBV15;Dbxref=GeneID:28572,HGNC:HGNC:12190,IMGT/GENE-DB:TRBV15;Name=TRBV15;description=T cell receptor beta variable 15;end_range=142593473,.;gbkey=Gene;gene=TRBV15;gene_biotype=V_segment;gene_synonym=TCRBV15S1,TCRBV24S1A3T;partial=true"
1900076,NC_000007.14,Curated Genomic,gene,142601628,142602360,.,+,.,"ID=gene-TRBV17;Dbxref=GeneID:28570,HGNC:HGNC:12192,IMGT/GENE-DB:TRBV17;Name=TRBV17;description=T cell receptor beta variable 17 (non-functional);end_range=142602360,.;gbkey=Gene;gene=TRBV17;gene_biotype=V_segment;gene_synonym=TCRBV17S1,TCRBV26S1P;partial=true"
1900085,NC_000007.14,Curated Genomic,gene,142615797,142616415,.,+,.,"ID=gene-TRBV18;Dbxref=GeneID:28569,HGNC:HGNC:12193,IMGT/GENE-DB:TRBV18;Name=TRBV18;description=T cell receptor beta variable 18;end_range=142616415,.;gbkey=Gene;gene=TRBV18;gene_biotype=V_segment;gene_synonym=TCRBV18S1;partial=true"
1900094,NC_000007.14,Curated Genomic,gene,142619057,142619532,.,+,.,"ID=gene-TRBV19;Dbxref=GeneID:28568,HGNC:HGNC:12194,IMGT/GENE-DB:TRBV19;Name=TRBV19;description=T cell receptor beta variable 19;end_range=142619532,.;gbkey=Gene;gene=TRBV19;gene_biotype=V_segment;gene_synonym=TCRBV17S1A1T,TCRBV19S1;partial=true"
1900103,NC_000007.14,Curated Genomic,gene,142626727,142627399,.,+,.,"ID=gene-TRBV20-1;Dbxref=GeneID:28567,HGNC:HGNC:12196,IMGT/GENE-DB:TRBV20-1;Name=TRBV20-1;description=T cell receptor beta variable 20-1;end_range=142627399,.;gbkey=Gene;gene=TRBV20-1;gene_biotype=V_segment;gene_synonym=TCRBV20S1,TCRBV2S1,TRBV201;partial=true"
1900139,NC_000007.14,Curated Genomic,gene,142656737,142657213,.,+,.,"ID=gene-TRBV24-1;Dbxref=GeneID:28563,HGNC:HGNC:12203,IMGT/GENE-DB:TRBV24-1;Name=TRBV24-1;description=T cell receptor beta variable 24-1;end_range=142657213,.;gbkey=Gene;gene=TRBV24-1;gene_biotype=V_segment;gene_synonym=TCRBV15S1,TCRBV24S1,TRBV241;partial=true"
1900151,NC_000007.14,Curated Genomic,gene,142670777,142671244,.,+,.,"ID=gene-TRBV25-1;Dbxref=GeneID:28562,HGNC:HGNC:12205,IMGT/GENE-DB:TRBV25-1;Name=TRBV25-1;description=T cell receptor beta variable 25-1;end_range=142671244,.;gbkey=Gene;gene=TRBV25-1;gene_biotype=V_segment;gene_synonym=TCRBV11S1A1T,TCRBV25S1,TRBV251;partial=true"
1900192,NC_000007.14,Curated Genomic,gene,142715389,142715861,.,+,.,"ID=gene-TRBV27;Dbxref=GeneID:28560,HGNC:HGNC:12208,IMGT/GENE-DB:TRBV27;Name=TRBV27;description=T cell receptor beta variable 27;end_range=142715861,.;gbkey=Gene;gene=TRBV27;gene_biotype=V_segment;gene_synonym=TCRBV14S1,TCRBV27S1;partial=true"
1900201,NC_000007.14,Curated Genomic,gene,142720680,142721160,.,+,.,"ID=gene-TRBV28;Dbxref=GeneID:28559,HGNC:HGNC:12209,IMGT/GENE-DB:TRBV28;Name=TRBV28;description=T cell receptor beta variable 28;end_range=142721160,.;gbkey=Gene;gene=TRBV28;gene_biotype=V_segment;gene_synonym=TCRBV28S1,TCRBV3S1;partial=true"
1900211,NC_000007.14,Curated Genomic,gene,142740273,142740894,.,+,.,"ID=gene-TRBV29-1;Dbxref=GeneID:28558,HGNC:HGNC:12210,IMGT/GENE-DB:TRBV29-1;Name=TRBV29-1;description=T cell receptor beta variable 29-1;end_range=142740894,.;gbkey=Gene;gene=TRBV29-1;gene_biotype=V_segment;gene_synonym=TCRBV29S1,TCRBV4S1A1T,TRBV291;partial=true"
1900220,NC_000007.14,BestRefSeq,gene,142749472,142753072,.,+,.,"ID=gene-PRSS1;Dbxref=GeneID:5644,HGNC:HGNC:9475,MIM:276000;Name=PRSS1;description=serine protease 1;gbkey=Gene;gene=PRSS1;gene_biotype=protein_coding;gene_synonym=TRP1,TRY1,TRY4,TRYP1"
1900262,NC_000007.14,Gnomon,gene,142764231,142765107,.,-,.,ID=gene-LOC124901763;Dbxref=GeneID:124901763;Name=LOC124901763;description=uncharacterized LOC124901763;gbkey=Gene;gene=LOC124901763;gene_biotype=lncRNA
1900266,NC_000007.14,BestRefSeq,gene,142770970,142774560,.,+,.,"ID=gene-PRSS2;Dbxref=GeneID:5645,HGNC:HGNC:9483,MIM:601564;Name=PRSS2;description=serine protease 2;gbkey=Gene;gene=PRSS2;gene_biotype=protein_coding;gene_synonym=TRY2,TRY8,TRYP2"
1900298,NC_000007.14,Curated Genomic,gene,142786213,142786224,.,+,.,"ID=gene-TRBD1;Dbxref=GeneID:28637,HGNC:HGNC:12158,IMGT/GENE-DB:TRBD1,MIM:615447;Name=TRBD1;description=T cell receptor beta diversity 1;end_range=142786224,.;gbkey=Gene;gene=TRBD1;gene_biotype=D_segment;gene_synonym=TCRBD1;partial=true;start_range=.,142786213"
1900308,NC_000007.14,Curated Genomic,gene,142786880,142786927,.,+,.,"ID=gene-TRBJ1-1;Dbxref=GeneID:28635,HGNC:HGNC:12162,IMGT/GENE-DB:TRBJ1-1;Name=TRBJ1-1;description=T cell receptor beta joining 1-1;end_range=142786927,.;gbkey=Gene;gene=TRBJ1-1;gene_biotype=J_segment;gene_synonym=TCRBJ1S1,TRBJ11;partial=true;start_range=.,142786880"
1900315,NC_000007.14,Curated Genomic,gene,142787017,142787064,.,+,.,"ID=gene-TRBJ1-2;Dbxref=GeneID:28634,HGNC:HGNC:12163,IMGT/GENE-DB:TRBJ1-2;Name=TRBJ1-2;description=T cell receptor beta joining 1-2;end_range=142787064,.;gbkey=Gene;gene=TRBJ1-2;gene_biotype=J_segment;gene_synonym=TCRBJ1S2,TRBJ12;partial=true;start_range=.,142787017"
1900322,NC_000007.14,Curated Genomic,gene,142787630,142787679,.,+,.,"ID=gene-TRBJ1-3;Dbxref=GeneID:28633,HGNC:HGNC:12164,IMGT/GENE-DB:TRBJ1-3;Name=TRBJ1-3;description=T cell receptor beta joining 1-3;end_range=142787679,.;gbkey=Gene;gene=TRBJ1-3;gene_biotype=J_segment;gene_synonym=TCRBJ1S3,TRBJ13;partial=true;start_range=.,142787630"
1900329,NC_000007.14,Curated Genomic,gene,142788225,142788275,.,+,.,"ID=gene-TRBJ1-4;Dbxref=GeneID:28632,HGNC:HGNC:12165,IMGT/GENE-DB:TRBJ1-4;Name=TRBJ1-4;description=T cell receptor beta joining 1-4;end_range=142788275,.;gbkey=Gene;gene=TRBJ1-4;gene_biotype=J_segment;gene_synonym=TCRBJ1S4,TRBJ14;partial=true;start_range=.,142788225"
1900336,NC_000007.14,Curated Genomic,gene,142788498,142788547,.,+,.,"ID=gene-TRBJ1-5;Dbxref=GeneID:28631,HGNC:HGNC:12166,IMGT/GENE-DB:TRBJ1-5;Name=TRBJ1-5;description=T cell receptor beta joining 1-5;end_range=142788547,.;gbkey=Gene;gene=TRBJ1-5;gene_biotype=J_segment;gene_synonym=TCRBJ1S5,TRBJ15;partial=true;start_range=.,142788498"
1900343,NC_000007.14,Curated Genomic,gene,142788988,142789040,.,+,.,"ID=gene-TRBJ1-6;Dbxref=GeneID:28630,HGNC:HGNC:12167,IMGT/GENE-DB:TRBJ1-6;Name=TRBJ1-6;description=T cell receptor beta joining 1-6;end_range=142789040,.;gbkey=Gene;gene=TRBJ1-6;gene_biotype=J_segment;gene_synonym=TCRBJ1S6,TRBJ16;partial=true;start_range=.,142788988"
1900350,NC_000007.14,Curated Genomic,gene,142791694,142793141,.,+,.,"ID=gene-TRBC1;Dbxref=GeneID:28639,HGNC:HGNC:12156,IMGT/GENE-DB:TRBC1,MIM:186930;Name=TRBC1;description=T cell receptor beta constant 1;gbkey=Gene;gene=TRBC1;gene_biotype=C_region;gene_synonym=BV05S1J2.2,TCRB,TCRBC1;partial=true;start_range=.,142791694"
1900360,NC_000007.14,Curated Genomic,gene,142795705,142795720,.,+,.,"ID=gene-TRBD2;Dbxref=GeneID:28636,HGNC:HGNC:12159,IMGT/GENE-DB:TRBD2,MIM:615448;Name=TRBD2;description=T cell receptor beta diversity 2;end_range=142795720,.;gbkey=Gene;gene=TRBD2;gene_biotype=D_segment;gene_synonym=TCRBD2;partial=true;start_range=.,142795705"
1900370,NC_000007.14,Gnomon,gene,142795982,142796691,.,-,.,ID=gene-LOC124901762;Dbxref=GeneID:124901762;Name=LOC124901762;description=uncharacterized LOC124901762;gbkey=Gene;gene=LOC124901762;gene_biotype=lncRNA
1900374,NC_000007.14,Curated Genomic,gene,142796365,142796414,.,+,.,"ID=gene-TRBJ2-1;Dbxref=GeneID:28629,HGNC:HGNC:12168,IMGT/GENE-DB:TRBJ2-1;Name=TRBJ2-1;description=T cell receptor beta joining 2-1;end_range=142796414,.;gbkey=Gene;gene=TRBJ2-1;gene_biotype=J_segment;gene_synonym=TCRBJ2S1,TRBJ21;partial=true;start_range=.,142796365"
1900381,NC_000007.14,Curated Genomic,gene,142796560,142796610,.,+,.,"ID=gene-TRBJ2-2;Dbxref=GeneID:28628,HGNC:HGNC:12169,IMGT/GENE-DB:TRBJ2-2;Name=TRBJ2-2;description=T cell receptor beta joining 2-2;end_range=142796610,.;gbkey=Gene;gene=TRBJ2-2;gene_biotype=J_segment;gene_synonym=TCRBJ2S2,TRBJ22;partial=true;start_range=.,142796560"
1900393,NC_000007.14,Curated Genomic,gene,142796847,142796895,.,+,.,"ID=gene-TRBJ2-3;Dbxref=GeneID:28626,HGNC:HGNC:12171,IMGT/GENE-DB:TRBJ2-3;Name=TRBJ2-3;description=T cell receptor beta joining 2-3;end_range=142796895,.;gbkey=Gene;gene=TRBJ2-3;gene_biotype=J_segment;gene_synonym=TCRBJ2S3,TRBJ23;partial=true;start_range=.,142796847"
1900400,NC_000007.14,Curated Genomic,gene,142796998,142797047,.,+,.,"ID=gene-TRBJ2-4;Dbxref=GeneID:28625,HGNC:HGNC:12172,IMGT/GENE-DB:TRBJ2-4;Name=TRBJ2-4;description=T cell receptor beta joining 2-4;end_range=142797047,.;gbkey=Gene;gene=TRBJ2-4;gene_biotype=J_segment;gene_synonym=TCRBJ2S4,TRBJ24;partial=true;start_range=.,142796998"
1900407,NC_000007.14,Curated Genomic,gene,142797119,142797166,.,+,.,"ID=gene-TRBJ2-5;Dbxref=GeneID:28624,HGNC:HGNC:12173,IMGT/GENE-DB:TRBJ2-5;Name=TRBJ2-5;description=T cell receptor beta joining 2-5;end_range=142797166,.;gbkey=Gene;gene=TRBJ2-5;gene_biotype=J_segment;gene_synonym=TCRBJ2S5,TRBJ25;partial=true;start_range=.,142797119"
1900414,NC_000007.14,Curated Genomic,gene,142797239,142797291,.,+,.,"ID=gene-TRBJ2-6;Dbxref=GeneID:28623,HGNC:HGNC:12174,IMGT/GENE-DB:TRBJ2-6;Name=TRBJ2-6;description=T cell receptor beta joining 2-6;end_range=142797291,.;gbkey=Gene;gene=TRBJ2-6;gene_biotype=J_segment;gene_synonym=TCRBJ2S6,TRBJ26;partial=true;start_range=.,142797239"
1900418,NC_000007.14,Curated Genomic,gene,142797456,142797502,.,+,.,"ID=gene-TRBJ2-7;Dbxref=GeneID:28622,HGNC:HGNC:12175,IMGT/GENE-DB:TRBJ2-7;Name=TRBJ2-7;description=T cell receptor beta joining 2-7;end_range=142797502,.;gbkey=Gene;gene=TRBJ2-7;gene_biotype=J_segment;gene_synonym=TCRBJ2S7,TRBJ27;partial=true;start_range=.,142797456"
1900425,NC_000007.14,Curated Genomic,gene,142801041,142802529,.,+,.,"ID=gene-TRBC2;Dbxref=GeneID:28638,HGNC:HGNC:12157,IMGT/GENE-DB:TRBC2,MIM:615445;Name=TRBC2;description=T cell receptor beta constant 2;gbkey=Gene;gene=TRBC2;gene_biotype=C_region;gene_synonym=TCRBC2;partial=true;start_range=.,142801041"
1900440,NC_000007.14,Curated Genomic,gene,142812586,142813287,.,-,.,"ID=gene-TRBV30;Dbxref=GeneID:28557,HGNC:HGNC:12214,IMGT/GENE-DB:TRBV30;Name=TRBV30;description=T cell receptor beta variable 30;gbkey=Gene;gene=TRBV30;gene_biotype=V_segment;gene_synonym=TCRBV20S1A1N2,TCRBV30S1;partial=true;start_range=.,142812586"
1900449,NC_000007.14,Gnomon,gene,142814197,142817436,.,+,.,ID=gene-LOC105375541;Dbxref=GeneID:105375541;Name=LOC105375541;description=uncharacterized LOC105375541;gbkey=Gene;gene=LOC105375541;gene_biotype=lncRNA
1900455,NC_000007.14,BestRefSeq%2CGnomon,gene,142855076,142871093,.,+,.,"ID=gene-EPHB6;Dbxref=GeneID:2051,HGNC:HGNC:3396,MIM:602757;Name=EPHB6;description=EPH receptor B6;gbkey=Gene;gene=EPHB6;gene_biotype=protein_coding;gene_synonym=HEP"
1900844,NC_000007.14,BestRefSeq,gene,142871208,142885745,.,-,.,"ID=gene-TRPV6;Dbxref=GeneID:55503,HGNC:HGNC:14006,MIM:606680;Name=TRPV6;description=transient receptor potential cation channel subfamily V member 6;gbkey=Gene;gene=TRPV6;gene_biotype=protein_coding;gene_synonym=ABP/ZF,CAT1,CATL,ECAC2,HRPTTN,HSA277909,LP6728,ZFAB"
1900880,NC_000007.14,BestRefSeq,gene,142908101,142933746,.,-,.,"ID=gene-TRPV5;Dbxref=GeneID:56302,HGNC:HGNC:3145,MIM:606679;Name=TRPV5;description=transient receptor potential cation channel subfamily V member 5;gbkey=Gene;gene=TRPV5;gene_biotype=protein_coding;gene_synonym=CAT2,ECAC1,OTRPC3"
1900912,NC_000007.14,Gnomon,gene,142935727,142936950,.,-,.,ID=gene-LOC105375542;Dbxref=GeneID:105375542;Name=LOC105375542;description=uncharacterized LOC105375542;gbkey=Gene;gene=LOC105375542;gene_biotype=lncRNA
1900916,NC_000007.14,BestRefSeq,gene,142939484,142940868,.,+,.,"ID=gene-LLCFC1;Dbxref=GeneID:135927,HGNC:HGNC:21750,MIM:618946;Name=LLCFC1;description=LLLL and CFNLAS motif containing 1;gbkey=Gene;gene=LLCFC1;gene_biotype=protein_coding;gene_synonym=C7orf34,ctm-1,SOF1"
1900926,NC_000007.14,BestRefSeq%2CGnomon,gene,142941114,142962363,.,-,.,"ID=gene-KEL;Dbxref=GeneID:3792,HGNC:HGNC:6308,MIM:613883;Name=KEL;description=Kell metallo-endopeptidase (Kell blood group);gbkey=Gene;gene=KEL;gene_biotype=protein_coding;gene_synonym=CD238,ECE3,Kell"
1901048,NC_000007.14,BestRefSeq,gene,143026200,143027132,.,-,.,"ID=gene-OR9A2;Dbxref=GeneID:135924,HGNC:HGNC:15093;Name=OR9A2;description=olfactory receptor family 9 subfamily A member 2;gbkey=Gene;gene=OR9A2;gene_biotype=protein_coding"
1901052,NC_000007.14,Gnomon,gene,143029260,143040932,.,-,.,ID=gene-LOC105375544;Dbxref=GeneID:105375544;Name=LOC105375544;description=uncharacterized LOC105375544;gbkey=Gene;gene=LOC105375544;gene_biotype=lncRNA
1901059,NC_000007.14,BestRefSeq,gene,143052341,143053282,.,+,.,"ID=gene-OR6V1;Dbxref=GeneID:346517,HGNC:HGNC:15090;Name=OR6V1;description=olfactory receptor family 6 subfamily V member 1;gbkey=Gene;gene=OR6V1;gene_biotype=protein_coding;gene_synonym=GPR138"
1901068,NC_000007.14,BestRefSeq,gene,143132077,143139739,.,+,.,"ID=gene-PIP;Dbxref=GeneID:5304,HGNC:HGNC:8993,MIM:176720;Name=PIP;description=prolactin induced protein;gbkey=Gene;gene=PIP;gene_biotype=protein_coding;gene_synonym=BRST-2,GCDFP-15,GCDFP15,GPIP4"
1901078,NC_000007.14,BestRefSeq,gene,143183419,143184435,.,+,.,"ID=gene-TAS2R39;Dbxref=GeneID:259285,HGNC:HGNC:18886;Name=TAS2R39;description=taste 2 receptor member 39;gbkey=Gene;gene=TAS2R39;gene_biotype=protein_coding;gene_synonym=T2R39,T2R57"
1901084,NC_000007.14,Gnomon,gene,143202056,143206714,.,-,.,ID=gene-LOC124901764;Dbxref=GeneID:124901764;Name=LOC124901764;description=uncharacterized LOC124901764;gbkey=Gene;gene=LOC124901764;gene_biotype=lncRNA
1901088,NC_000007.14,BestRefSeq,gene,143222037,143223079,.,+,.,"ID=gene-TAS2R40;Dbxref=GeneID:259286,HGNC:HGNC:18885,MIM:613964;Name=TAS2R40;description=taste 2 receptor member 40;gbkey=Gene;gene=TAS2R40;gene_biotype=protein_coding;gene_synonym=GPR60,T2R40,T2R58"
1901092,NC_000007.14,Gnomon,gene,143237575,143263207,.,+,.,ID=gene-LOC105375546;Dbxref=GeneID:105375546;Name=LOC105375546;description=uncharacterized LOC105375546;gbkey=Gene;gene=LOC105375546;gene_biotype=lncRNA
1901107,NC_000007.14,BestRefSeq,gene,143255299,143286334,.,-,.,"ID=gene-TMEM139-AS1;Dbxref=GeneID:105375545,HGNC:HGNC:40988;Name=TMEM139-AS1;description=TMEM139 antisense RNA 1;gbkey=Gene;gene=TMEM139-AS1;gene_biotype=lncRNA"
1901116,NC_000007.14,BestRefSeq,gene,143263441,143269115,.,+,.,"ID=gene-GSTK1;Dbxref=GeneID:373156,HGNC:HGNC:16906,MIM:602321;Name=GSTK1;description=glutathione S-transferase kappa 1;gbkey=Gene;gene=GSTK1;gene_biotype=protein_coding;gene_synonym=GST,GST 13-13,GST13,GST13-13,GSTK1-1,hGSTK1"
1901180,NC_000007.14,BestRefSeq,gene,143284899,143288049,.,+,.,"ID=gene-TMEM139;Dbxref=GeneID:135932,HGNC:HGNC:22058,MIM:616524;Name=TMEM139;description=transmembrane protein 139;gbkey=Gene;gene=TMEM139;gene_biotype=protein_coding"
1901247,NC_000007.14,BestRefSeq,gene,143288351,143307696,.,+,.,"ID=gene-CASP2;Dbxref=GeneID:835,HGNC:HGNC:1503,MIM:600639;Name=CASP2;description=caspase 2;gbkey=Gene;gene=CASP2;gene_biotype=protein_coding;gene_synonym=CASP-2,ICH1,MRT80,NEDD-2,NEDD2,PPP1R57"
1901314,NC_000007.14,BestRefSeq,gene,143316111,143352083,.,+,.,"ID=gene-CLCN1;Dbxref=GeneID:1180,HGNC:HGNC:2019,MIM:118425;Name=CLCN1;description=chloride voltage-gated channel 1;gbkey=Gene;gene=CLCN1;gene_biotype=protein_coding;gene_synonym=CLC1"
1901390,NC_000007.14,BestRefSeq%2CGnomon,gene,143353400,143382304,.,-,.,"ID=gene-FAM131B;Dbxref=GeneID:9715,HGNC:HGNC:22202,MIM:619282;Name=FAM131B;description=family with sequence similarity 131 member B;gbkey=Gene;gene=FAM131B;gene_biotype=protein_coding"
1901530,NC_000007.14,BestRefSeq,gene,143361706,143364265,.,+,.,"ID=gene-FAM131B-AS1;Dbxref=GeneID:101928397,HGNC:HGNC:55208;Name=FAM131B-AS1;description=FAM131B antisense RNA 1;gbkey=Gene;gene=FAM131B-AS1;gene_biotype=lncRNA"
1901535,NC_000007.14,BestRefSeq,gene,143379155,143381025,.,-,.,"ID=gene-FAM131B-AS2;Dbxref=GeneID:100507507,HGNC:HGNC:56141;Name=FAM131B-AS2;description=FAM131B antisense RNA 2;gbkey=Gene;gene=FAM131B-AS2;gene_biotype=lncRNA"
1901545,NC_000007.14,BestRefSeq%2CGnomon,gene,143381345,143391111,.,+,.,"ID=gene-ZYX;Dbxref=GeneID:7791,HGNC:HGNC:13200,MIM:602002;Name=ZYX;description=zyxin;gbkey=Gene;gene=ZYX;gene_biotype=protein_coding;gene_synonym=ESP-2,HED-2"
1901636,NC_000007.14,BestRefSeq,gene,143382686,143382800,.,+,.,"ID=gene-MIR6892;Dbxref=GeneID:102465538,HGNC:HGNC:50053,miRBase:MI0022739;Name=MIR6892;description=microRNA 6892;gbkey=Gene;gene=MIR6892;gene_biotype=miRNA;gene_synonym=hsa-mir-6892"
1901643,NC_000007.14,BestRefSeq,gene,143391129,143408856,.,-,.,"ID=gene-EPHA1;Dbxref=GeneID:2041,HGNC:HGNC:3385,MIM:179610;Name=EPHA1;description=EPH receptor A1;gbkey=Gene;gene=EPHA1;gene_biotype=protein_coding;gene_synonym=EPH,EPHT,EPHT1"
1901690,NC_000007.14,BestRefSeq,gene,143407813,143523449,.,+,.,"ID=gene-EPHA1-AS1;Dbxref=GeneID:285965,HGNC:HGNC:27799;Name=EPHA1-AS1;description=EPHA1 antisense RNA 1;gbkey=Gene;gene=EPHA1-AS1;gene_biotype=lncRNA"
1901702,NC_000007.14,BestRefSeq,gene,143443453,143444409,.,+,.,"ID=gene-TAS2R60;Dbxref=GeneID:338398,HGNC:HGNC:20639,MIM:613968;Name=TAS2R60;description=taste 2 receptor member 60;gbkey=Gene;gene=TAS2R60;gene_biotype=protein_coding;gene_synonym=T2R56,T2R60"
1901708,NC_000007.14,BestRefSeq,gene,143477873,143478796,.,+,.,"ID=gene-TAS2R41;Dbxref=GeneID:259287,HGNC:HGNC:18883,MIM:613965;Name=TAS2R41;description=taste 2 receptor member 41;gbkey=Gene;gene=TAS2R41;gene_biotype=protein_coding;gene_synonym=T2R41,T2R59"
1901715,NC_000007.14,Gnomon,gene,143492977,143496772,.,+,.,ID=gene-LOC105375547;Dbxref=GeneID:105375547;Name=LOC105375547;description=uncharacterized LOC105375547;gbkey=Gene;gene=LOC105375547;gene_biotype=lncRNA
1901729,NC_000007.14,BestRefSeq,gene,143571801,143574387,.,+,.,"ID=gene-CTAGE15;Dbxref=GeneID:441294,HGNC:HGNC:37295;Name=CTAGE15;description=CTAGE family member 15;gbkey=Gene;gene=CTAGE15;gene_biotype=protein_coding;gene_synonym=cTAGE-15,CTAGE15P"
1901734,NC_000007.14,Gnomon,gene,143588770,143620914,.,-,.,ID=gene-LOC101928466;Dbxref=GeneID:101928466;Name=LOC101928466;description=uncharacterized LOC101928466;gbkey=Gene;gene=LOC101928466;gene_biotype=lncRNA
1901769,NC_000007.14,BestRefSeq%2CGnomon,gene,143620974,143730410,.,+,.,"ID=gene-TCAF2;Dbxref=GeneID:285966,HGNC:HGNC:26878,MIM:616252;Name=TCAF2;description=TRPM8 channel associated factor 2;gbkey=Gene;gene=TCAF2;gene_biotype=protein_coding;gene_synonym=FAM115C,FAM139A,GATD9,GATD9B"
1901905,NC_000007.14,BestRefSeq,gene,143755089,143757696,.,-,.,"ID=gene-CTAGE6;Dbxref=GeneID:340307,HGNC:HGNC:28644;Name=CTAGE6;description=CTAGE family member 6;gbkey=Gene;gene=CTAGE6;gene_biotype=protein_coding;gene_synonym=CTAGE6P"
1901928,NC_000007.14,Gnomon,gene,143836763,143860209,.,+,.,ID=gene-LOC112267988;Dbxref=GeneID:112267988;Name=LOC112267988;description=uncharacterized LOC112267988;gbkey=Gene;gene=LOC112267988;gene_biotype=lncRNA
1901957,NC_000007.14,BestRefSeq%2CGnomon,gene,143851375,143902176,.,-,.,"ID=gene-TCAF1;Dbxref=GeneID:9747,HGNC:HGNC:22201,MIM:616251;Name=TCAF1;description=TRPM8 channel associated factor 1;gbkey=Gene;gene=TCAF1;gene_biotype=protein_coding;gene_synonym=FAM115A,GATD9A"
1902104,NC_000007.14,Gnomon,gene,143885451,143901953,.,+,.,ID=gene-LOC105375549;Dbxref=GeneID:105375549;Name=LOC105375549;description=uncharacterized LOC105375549;gbkey=Gene;gene=LOC105375549;gene_biotype=lncRNA
1902123,NC_000007.14,BestRefSeq,gene,143935233,143936186,.,+,.,"ID=gene-OR2F2;Dbxref=GeneID:135948,HGNC:HGNC:8247;Name=OR2F2;description=olfactory receptor family 2 subfamily F member 2;gbkey=Gene;gene=OR2F2;gene_biotype=protein_coding;gene_synonym=OR7-1"
1902129,NC_000007.14,BestRefSeq,gene,143954844,143964360,.,+,.,"ID=gene-OR2F1;Dbxref=GeneID:26211,HGNC:HGNC:8246,MIM:608497;Name=OR2F1;description=olfactory receptor family 2 subfamily F member 1;gbkey=Gene;gene=OR2F1;gene_biotype=protein_coding;gene_synonym=7M1-2,OLF3,OR14-60,OR2F3,OR2F3P,OR2F4,OR2F5,OR7-139,OR7-140"
1902138,NC_000007.14,BestRefSeq,gene,144000320,144008793,.,+,.,"ID=gene-OR6B1;Dbxref=GeneID:135946,HGNC:HGNC:8354;Name=OR6B1;description=olfactory receptor family 6 subfamily B member 1;gbkey=Gene;gene=OR6B1;gene_biotype=protein_coding;gene_synonym=OR7-3,OR7-9"
1902145,NC_000007.14,BestRefSeq,gene,144048948,144058845,.,+,.,"ID=gene-OR2A5;Dbxref=GeneID:393046,HGNC:HGNC:8232;Name=OR2A5;description=olfactory receptor family 2 subfamily A member 5;gbkey=Gene;gene=OR2A5;gene_biotype=protein_coding;gene_synonym=OR2A11P,OR2A26,OR2A8,OR7-138,OR7-141"
1902150,NC_000007.14,BestRefSeq,gene,144069811,144075870,.,+,.,"ID=gene-OR2A25;Dbxref=GeneID:392138,HGNC:HGNC:19562;Name=OR2A25;description=olfactory receptor family 2 subfamily A member 25;gbkey=Gene;gene=OR2A25;gene_biotype=protein_coding;gene_synonym=OR2A24P,OR2A25P,OR2A27"
1902162,NC_000007.14,BestRefSeq,gene,144086278,144098953,.,+,.,"ID=gene-OR2A12;Dbxref=GeneID:346525,HGNC:HGNC:15082;Name=OR2A12;description=olfactory receptor family 2 subfamily A member 12;gbkey=Gene;gene=OR2A12;gene_biotype=protein_coding;gene_synonym=OR2A12P,OR2A16P"
1902167,NC_000007.14,BestRefSeq,gene,144109583,144110539,.,+,.,"ID=gene-OR2A2;Dbxref=GeneID:442361,HGNC:HGNC:8230;Name=OR2A2;description=olfactory receptor family 2 subfamily A member 2;gbkey=Gene;gene=OR2A2;gene_biotype=protein_coding;gene_synonym=OR2A17P,OR2A2P,OR7-11,OST008"
1902172,NC_000007.14,BestRefSeq,gene,144123176,144131188,.,+,.,"ID=gene-OR2A14;Dbxref=GeneID:135941,HGNC:HGNC:15084;Name=OR2A14;description=olfactory receptor family 2 subfamily A member 14;gbkey=Gene;gene=OR2A14;gene_biotype=protein_coding;gene_synonym=OR2A14P,OR2A6,OST182"
1902180,NC_000007.14,BestRefSeq,gene,144183466,144186080,.,+,.,"ID=gene-CTAGE4;Dbxref=GeneID:100128553,HGNC:HGNC:24772,MIM:608910;Name=CTAGE4;description=CTAGE family member 4;gbkey=Gene;gene=CTAGE4;gene_biotype=protein_coding;gene_synonym=cTAGE-4"
1902184,NC_000007.14,BestRefSeq,gene,144186083,144195879,.,-,.,"ID=gene-ARHGEF35;Dbxref=GeneID:445328,HGNC:HGNC:33846;Name=ARHGEF35;description=Rho guanine nucleotide exchange factor 35;gbkey=Gene;gene=ARHGEF35;gene_biotype=protein_coding;gene_synonym=ARHGEF5L"
1902193,NC_000007.14,BestRefSeq,gene,144195321,144299589,.,+,.,"ID=gene-ARHGEF35-AS1;Dbxref=GeneID:101928605,HGNC:HGNC:41292;Name=ARHGEF35-AS1;description=ARHGEF35 antisense RNA 1;gbkey=Gene;gene=ARHGEF35-AS1;gene_biotype=lncRNA"
1902210,NC_000007.14,BestRefSeq,gene,144228244,144239605,.,-,.,"ID=gene-OR2A42;Dbxref=GeneID:402317,HGNC:HGNC:31230;Name=OR2A42;description=olfactory receptor family 2 subfamily A member 42;gbkey=Gene;gene=OR2A42;gene_biotype=protein_coding"
1902218,NC_000007.14,BestRefSeq,gene,144238573,144355718,.,-,.,"ID=gene-OR2A1-AS1;Dbxref=GeneID:101928492,HGNC:HGNC:49168;Name=OR2A1-AS1;description=OR2A1 antisense RNA 1;gbkey=Gene;gene=OR2A1-AS1;gene_biotype=lncRNA"
1902230,NC_000007.14,BestRefSeq,gene,144257663,144264792,.,-,.,"ID=gene-OR2A7;Dbxref=GeneID:401427,HGNC:HGNC:8234;Name=OR2A7;description=olfactory receptor family 2 subfamily A member 7;gbkey=Gene;gene=OR2A7;gene_biotype=protein_coding;gene_synonym=HSDJ0798C17,OR2A21"
1902250,NC_000007.14,BestRefSeq,gene,144266674,144269288,.,-,.,"ID=gene-CTAGE8;Dbxref=GeneID:100142659,HGNC:HGNC:37294;Name=CTAGE8;description=CTAGE family member 8;gbkey=Gene;gene=CTAGE8;gene_biotype=protein_coding;gene_synonym=CTAGE4"
1902259,NC_000007.14,BestRefSeq%2CGnomon,gene,144312079,144322737,.,+,.,"ID=gene-OR2A1;Dbxref=GeneID:346528,HGNC:HGNC:8229;Name=OR2A1;description=olfactory receptor family 2 subfamily A member 1;gbkey=Gene;gene=OR2A1;gene_biotype=protein_coding"
1902272,NC_000007.14,BestRefSeq%2CGnomon,gene,144355402,144380632,.,+,.,"ID=gene-ARHGEF5;Dbxref=GeneID:7984,HGNC:HGNC:13209,MIM:600888;Name=ARHGEF5;description=Rho guanine nucleotide exchange factor 5;gbkey=Gene;gene=ARHGEF5;gene_biotype=protein_coding;gene_synonym=GEF5,P60,TIM,TIM1"
1902321,NC_000007.14,Gnomon,gene,144386463,144390957,.,+,.,ID=gene-LOC124901817;Dbxref=GeneID:124901817;Name=LOC124901817;description=uncharacterized LOC124901817;gbkey=Gene;gene=LOC124901817;gene_biotype=lncRNA
1902325,NC_000007.14,BestRefSeq%2CGnomon,gene,144396900,144410227,.,-,.,"ID=gene-NOBOX;Dbxref=GeneID:135935,HGNC:HGNC:22448,MIM:610934;Name=NOBOX;description=NOBOX oogenesis homeobox;gbkey=Gene;gene=NOBOX;gene_biotype=protein_coding;gene_synonym=OG-2,OG2,OG2X,POF5,TCAG_12042"
1902370,NC_000007.14,BestRefSeq%2CGnomon,gene,144451941,144836437,.,-,.,"ID=gene-TPK1;Dbxref=GeneID:27010,HGNC:HGNC:17358,MIM:606370;Name=TPK1;description=thiamin pyrophosphokinase 1;gbkey=Gene;gene=TPK1;gene_biotype=protein_coding;gene_synonym=HTPK1,PP20,THMD5"
1903094,NC_000007.14,Gnomon,gene,144976903,144979502,.,+,.,ID=gene-LOC105375552;Dbxref=GeneID:105375552;Name=LOC105375552;description=uncharacterized LOC105375552;gbkey=Gene;gene=LOC105375552;gene_biotype=lncRNA
1903120,NC_000007.14,BestRefSeq,gene,145675278,145681390,.,-,.,ID=gene-LOC105375553;Dbxref=GeneID:105375553;Name=LOC105375553;description=uncharacterized LOC105375553;gbkey=Gene;gene=LOC105375553;gene_biotype=lncRNA
1903132,NC_000007.14,Gnomon,gene,145781653,145810306,.,-,.,ID=gene-LOC124901765;Dbxref=GeneID:124901765;Name=LOC124901765;description=uncharacterized LOC124901765;gbkey=Gene;gene=LOC124901765;gene_biotype=lncRNA
1903149,NC_000007.14,BestRefSeq%2CGnomon,gene,146116801,148420998,.,+,.,"ID=gene-CNTNAP2;Dbxref=GeneID:26047,HGNC:HGNC:13830,MIM:604569;Name=CNTNAP2;description=contactin associated protein 2;gbkey=Gene;gene=CNTNAP2;gene_biotype=protein_coding;gene_synonym=AUTS15,CASPR2,CDFE,NRXN4,PTHSL1"
1903243,NC_000007.14,BestRefSeq,gene,147080938,147097609,.,-,.,"ID=gene-CNTNAP2-AS1;Dbxref=GeneID:101928700,HGNC:HGNC:40657;Name=CNTNAP2-AS1;description=CNTNAP2 antisense RNA 1;gbkey=Gene;gene=CNTNAP2-AS1;gene_biotype=lncRNA"
1903251,NC_000007.14,BestRefSeq,gene,147378017,147378121,.,-,.,"ID=gene-MIR548F4;Dbxref=GeneID:100313895,HGNC:HGNC:35308,miRBase:MI0006377;Name=MIR548F4;description=microRNA 548f-4;gbkey=Gene;gene=MIR548F4;gene_biotype=miRNA;gene_synonym=hsa-mir-548f-4,MIR548F-4,MIRN548F4"
1903260,NC_000007.14,Gnomon,gene,147557456,147561387,.,-,.,ID=gene-LOC107986721;Dbxref=GeneID:107986721;Name=LOC107986721;description=uncharacterized LOC107986721;gbkey=Gene;gene=LOC107986721;gene_biotype=lncRNA
1903269,NC_000007.14,BestRefSeq,gene,147671679,147673144,.,+,.,ID=gene-LOC105375556;Dbxref=GeneID:105375556;Name=LOC105375556;description=uncharacterized LOC105375556;gbkey=Gene;gene=LOC105375556;gene_biotype=lncRNA
1903315,NC_000007.14,Gnomon,gene,148381638,148436767,.,-,.,ID=gene-LOC105375554;Dbxref=GeneID:105375554;Name=LOC105375554;description=uncharacterized LOC105375554;gbkey=Gene;gene=LOC105375554;gene_biotype=lncRNA
1903336,NC_000007.14,cmsearch,gene,148389645,148389859,.,+,.,ID=gene-LOC124901859;Dbxref=GeneID:124901859;Name=LOC124901859;description=small nucleolar RNA U3;gbkey=Gene;gene=LOC124901859;gene_biotype=snoRNA
1903353,NC_000007.14,Gnomon,gene,148543561,148572231,.,-,.,ID=gene-LOC124901766;Dbxref=GeneID:124901766;Name=LOC124901766;description=uncharacterized LOC124901766;gbkey=Gene;gene=LOC124901766;gene_biotype=lncRNA
1903372,NC_000007.14,BestRefSeq,gene,148590766,148615860,.,+,.,"ID=gene-C7orf33;Dbxref=GeneID:202865,HGNC:HGNC:21724;Name=C7orf33;description=chromosome 7 open reading frame 33;gbkey=Gene;gene=C7orf33;gene_biotype=protein_coding"
1903382,NC_000007.14,Gnomon,gene,148603568,148608408,.,-,.,"ID=gene-LOC124901818;Dbxref=GeneID:124901818;Name=LOC124901818;description=protein GVQW1-like;end_range=148608408,.;gbkey=Gene;gene=LOC124901818;gene_biotype=protein_coding;partial=true"
1903396,NC_000007.14,Gnomon,gene,148624340,148625440,.,-,.,ID=gene-LOC105375557;Dbxref=GeneID:105375557;Name=LOC105375557;description=uncharacterized LOC105375557;gbkey=Gene;gene=LOC105375557;gene_biotype=lncRNA
1903407,NC_000007.14,BestRefSeq,gene,148697756,148801110,.,+,.,"ID=gene-CUL1;Dbxref=GeneID:8454,HGNC:HGNC:2551,MIM:603134;Name=CUL1;description=cullin 1;gbkey=Gene;gene=CUL1;gene_biotype=protein_coding"
1903690,NC_000007.14,BestRefSeq%2CGnomon,gene,148807383,148884291,.,-,.,"ID=gene-EZH2;Dbxref=GeneID:2146,HGNC:HGNC:3527,MIM:601573;Name=EZH2;description=enhancer of zeste 2 polycomb repressive complex 2 subunit;gbkey=Gene;gene=EZH2;gene_biotype=protein_coding;gene_synonym=ENX-1,ENX1,EZH2b,KMT6,KMT6A,WVS,WVS2"
1905328,NC_000007.14,Gnomon,gene,148885189,148887796,.,+,.,ID=gene-LOC124901767;Dbxref=GeneID:124901767;Name=LOC124901767;description=uncharacterized LOC124901767;gbkey=Gene;gene=LOC124901767;gene_biotype=lncRNA
1905335,NC_000007.14,BestRefSeq,gene,148941488,148941571,.,+,.,"ID=gene-RNY5;Dbxref=GeneID:6090,HGNC:HGNC:10248,MIM:601824;Name=RNY5;description=RNA%2C Ro60-associated Y5;gbkey=Gene;gene=RNY5;gene_biotype=Y_RNA;gene_synonym=hY5,Y5"
1905340,NC_000007.14,BestRefSeq,gene,148963315,148963410,.,+,.,"ID=gene-RNY4;Dbxref=GeneID:6086,HGNC:HGNC:10244,MIM:601823;Name=RNY4;description=RNA%2C Ro60-associated Y4;gbkey=Gene;gene=RNY4;gene_biotype=Y_RNA;gene_synonym=HY4,Y4"
1905347,NC_000007.14,Gnomon,gene,148967034,148970770,.,+,.,ID=gene-LOC124901768;Dbxref=GeneID:124901768;Name=LOC124901768;description=uncharacterized LOC124901768;gbkey=Gene;gene=LOC124901768;gene_biotype=lncRNA
1905363,NC_000007.14,BestRefSeq,gene,148983755,148983856,.,+,.,"ID=gene-RNY3;Dbxref=GeneID:6085,HGNC:HGNC:10243,MIM:601822;Name=RNY3;description=RNA%2C Ro60-associated Y3;gbkey=Gene;gene=RNY3;gene_biotype=Y_RNA;gene_synonym=HY3,Y3"
1905366,NC_000007.14,BestRefSeq,gene,148987136,148987248,.,-,.,"ID=gene-RNY1;Dbxref=GeneID:6084,HGNC:HGNC:10242,MIM:601821;Name=RNY1;description=RNA%2C Ro60-associated Y1;gbkey=Gene;gene=RNY1;gene_biotype=Y_RNA;gene_synonym=HY1,Y1"
1905374,NC_000007.14,BestRefSeq,gene,148987527,148989429,.,+,.,"ID=gene-GHET1;Dbxref=GeneID:102723099,HGNC:HGNC:49425,MIM:619888;Name=GHET1;description=gastric carcinoma proliferation enhancing transcript 1;gbkey=Gene;gene=GHET1;gene_biotype=lncRNA;gene_synonym=lncRNA-GHET1"
1905378,NC_000007.14,BestRefSeq,gene,149003051,149028505,.,-,.,"ID=gene-PDIA4;Dbxref=GeneID:9601,HGNC:HGNC:30167,MIM:620018;Name=PDIA4;description=protein disulfide isomerase family A member 4;gbkey=Gene;gene=PDIA4;gene_biotype=protein_coding;gene_synonym=ERp-72,ERP70,ERP72"
1905522,NC_000007.14,BestRefSeq,gene,149069641,149090718,.,-,.,"ID=gene-ZNF786;Dbxref=GeneID:136051,HGNC:HGNC:21806;Name=ZNF786;description=zinc finger protein 786;gbkey=Gene;gene=ZNF786;gene_biotype=protein_coding"
1905540,NC_000007.14,BestRefSeq,gene,149102784,149126324,.,-,.,"ID=gene-ZNF425;Dbxref=GeneID:155054,HGNC:HGNC:20690,MIM:619507;Name=ZNF425;description=zinc finger protein 425;gbkey=Gene;gene=ZNF425;gene_biotype=protein_coding"
1905563,NC_000007.14,BestRefSeq%2CGnomon,gene,149126408,149183042,.,+,.,"ID=gene-ZNF398;Dbxref=GeneID:57541,HGNC:HGNC:18373,MIM:618593;Name=ZNF398;description=zinc finger protein 398;gbkey=Gene;gene=ZNF398;gene_biotype=protein_coding;gene_synonym=P51,P71,ZER6"
1905633,NC_000007.14,Gnomon,gene,149142964,149147361,.,-,.,ID=gene-LOC107986856;Dbxref=GeneID:107986856;Name=LOC107986856;description=uncharacterized LOC107986856;gbkey=Gene;gene=LOC107986856;gene_biotype=lncRNA
1905670,NC_000007.14,BestRefSeq%2CGnomon,gene,149195546,149226243,.,+,.,"ID=gene-ZNF282;Dbxref=GeneID:8427,HGNC:HGNC:13076,MIM:603397;Name=ZNF282;description=zinc finger protein 282;gbkey=Gene;gene=ZNF282;gene_biotype=protein_coding;gene_synonym=HUB1"
1905740,NC_000007.14,BestRefSeq,gene,149239651,149255606,.,+,.,"ID=gene-ZNF212;Dbxref=GeneID:7988,HGNC:HGNC:13004,MIM:602386;Name=ZNF212;description=zinc finger protein 212;gbkey=Gene;gene=ZNF212;gene_biotype=protein_coding;gene_synonym=C2H2-150,ZNF182,ZNFC150"
1905752,NC_000007.14,Gnomon,gene,149255974,149262341,.,-,.,ID=gene-LOC124901769;Dbxref=GeneID:124901769;Name=LOC124901769;description=uncharacterized LOC124901769;gbkey=Gene;gene=LOC124901769;gene_biotype=lncRNA
1905758,NC_000007.14,BestRefSeq%2CGnomon,gene,149262196,149284994,.,+,.,"ID=gene-ZNF783;Dbxref=GeneID:100289678,HGNC:HGNC:27222;Name=ZNF783;description=zinc finger protein 783;gbkey=Gene;gene=ZNF783;gene_biotype=protein_coding"
1905838,NC_000007.14,tRNAscan-SE,gene,149310190,149310261,.,+,.,"ID=gene-TRC-GCA1-1;Dbxref=GeneID:100189144,HGNC:HGNC:34706;Name=TRC-GCA1-1;description=tRNA-Cys (anticodon GCA) 1-1;gbkey=Gene;gene=TRC-GCA1-1;gene_biotype=tRNA"
1905847,NC_000007.14,tRNAscan-SE,gene,149331129,149331200,.,+,.,"ID=gene-TRC-GCA9-2;Dbxref=GeneID:100189413,HGNC:HGNC:34982;Name=TRC-GCA9-2;description=tRNA-Cys (anticodon GCA) 9-2;gbkey=Gene;gene=TRC-GCA9-2;gene_biotype=tRNA"
1905851,NC_000007.14,tRNAscan-SE,gene,149355675,149355746,.,-,.,"ID=gene-TRC-GCA13-1;Dbxref=GeneID:100189357,HGNC:HGNC:34925;Name=TRC-GCA13-1;description=tRNA-Cys (anticodon GCA) 13-1;gbkey=Gene;gene=TRC-GCA13-1;gene_biotype=tRNA"
1905855,NC_000007.14,Gnomon,gene,149369806,149371336,.,+,.,ID=gene-LOC124901770;Dbxref=GeneID:124901770;Name=LOC124901770;description=uncharacterized LOC124901770;gbkey=Gene;gene=LOC124901770;gene_biotype=lncRNA
1905860,NC_000007.14,tRNAscan-SE,gene,149375759,149375830,.,-,.,"ID=gene-TRC-GCA18-1;Dbxref=GeneID:100189049,HGNC:HGNC:34608;Name=TRC-GCA18-1;description=tRNA-Cys (anticodon GCA) 18-1;gbkey=Gene;gene=TRC-GCA18-1;gene_biotype=tRNA"
1905863,NC_000007.14,tRNAscan-SE,gene,149377510,149377581,.,-,.,"ID=gene-TRC-GCA10-1;Dbxref=GeneID:100189305,HGNC:HGNC:34871;Name=TRC-GCA10-1;description=tRNA-Cys (anticodon GCA) 10-1;gbkey=Gene;gene=TRC-GCA10-1;gene_biotype=tRNA"
1905866,NC_000007.14,Gnomon,gene,149397183,149401481,.,-,.,ID=gene-LOC105375559;Dbxref=GeneID:105375559;Name=LOC105375559;description=uncharacterized LOC105375559;gbkey=Gene;gene=LOC105375559;gene_biotype=lncRNA
1905874,NC_000007.14,Gnomon,gene,149398204,149401456,.,+,.,ID=gene-LOC101928733;Dbxref=GeneID:101928733;Name=LOC101928733;description=uncharacterized LOC101928733;gbkey=Gene;gene=LOC101928733;gene_biotype=lncRNA
1905878,NC_000007.14,tRNAscan-SE,gene,149415138,149415209,.,-,.,"ID=gene-TRC-GCA11-1;Dbxref=GeneID:100189008,HGNC:HGNC:34566;Name=TRC-GCA11-1;description=tRNA-Cys (anticodon GCA) 11-1;gbkey=Gene;gene=TRC-GCA11-1;gene_biotype=tRNA"
1905887,NC_000007.14,BestRefSeq%2CGnomon,gene,149431363,149461062,.,-,.,"ID=gene-ZNF777;Dbxref=GeneID:27153,HGNC:HGNC:22213,MIM:619298;Name=ZNF777;description=zinc finger protein 777;gbkey=Gene;gene=ZNF777;gene_biotype=protein_coding"
1905921,NC_000007.14,BestRefSeq%2CGnomon,gene,149472696,149497809,.,-,.,"ID=gene-ZNF746;Dbxref=GeneID:155061,HGNC:HGNC:21948,MIM:613914;Name=ZNF746;description=zinc finger protein 746;gbkey=Gene;gene=ZNF746;gene_biotype=protein_coding;gene_synonym=PARIS"
1906008,NC_000007.14,tRNAscan-SE,gene,149546540,149546611,.,+,.,"ID=gene-TRC-GCA16-1;Dbxref=GeneID:100189146,HGNC:HGNC:34708;Name=TRC-GCA16-1;description=tRNA-Cys (anticodon GCA) 16-1;gbkey=Gene;gene=TRC-GCA16-1;gene_biotype=tRNA"
1906031,NC_000007.14,tRNAscan-SE,gene,149556711,149556780,.,+,.,"ID=gene-TRC-GCA22-1;Dbxref=GeneID:100189029,HGNC:HGNC:34588;Name=TRC-GCA22-1;description=tRNA-Cys (anticodon GCA) 22-1;gbkey=Gene;gene=TRC-GCA22-1;gene_biotype=tRNA"
1906034,NC_000007.14,tRNAscan-SE,gene,149584725,149584796,.,+,.,"ID=gene-TRC-GCA15-1;Dbxref=GeneID:100189267,HGNC:HGNC:34830;Name=TRC-GCA15-1;description=tRNA-Cys (anticodon GCA) 15-1;gbkey=Gene;gene=TRC-GCA15-1;gene_biotype=tRNA"
1906037,NC_000007.14,tRNAscan-SE,gene,149589073,149589144,.,-,.,"ID=gene-TRC-GCA3-1;Dbxref=GeneID:100189097,HGNC:HGNC:34658;Name=TRC-GCA3-1;description=tRNA-Cys (anticodon GCA) 3-1;gbkey=Gene;gene=TRC-GCA3-1;gene_biotype=tRNA"
1906040,NC_000007.14,tRNAscan-SE,gene,149595214,149595285,.,-,.,"ID=gene-TRC-GCA23-1;Dbxref=GeneID:100189194,HGNC:HGNC:34757;Name=TRC-GCA23-1;description=tRNA-Cys (anticodon GCA) 23-1;gbkey=Gene;gene=TRC-GCA23-1;gene_biotype=tRNA"
1906043,NC_000007.14,tRNAscan-SE,gene,149597955,149598026,.,+,.,"ID=gene-TRC-GCA20-1;Dbxref=GeneID:100189355,HGNC:HGNC:34923;Name=TRC-GCA20-1;description=tRNA-Cys (anticodon GCA) 20-1;gbkey=Gene;gene=TRC-GCA20-1;gene_biotype=tRNA"
1906052,NC_000007.14,tRNAscan-SE,gene,149608376,149608447,.,+,.,"ID=gene-TRS-AGA5-1;Dbxref=GeneID:100189432,HGNC:HGNC:35001;Name=TRS-AGA5-1;description=tRNA-Ser (AGA) 5-1;gbkey=Gene;gene=TRS-AGA5-1;gene_biotype=tRNA"
1906055,NC_000007.14,tRNAscan-SE,gene,149613065,149613136,.,-,.,"ID=gene-TRC-GCA19-1;Dbxref=GeneID:100189177,HGNC:HGNC:34739;Name=TRC-GCA19-1;description=tRNA-Cys (anticodon GCA) 19-1;gbkey=Gene;gene=TRC-GCA19-1;gene_biotype=tRNA"
1906064,NC_000007.14,tRNAscan-SE,gene,149635687,149635758,.,+,.,"ID=gene-TRC-GCA9-3;Dbxref=GeneID:100189376,HGNC:HGNC:34944;Name=TRC-GCA9-3;description=tRNA-Cys (anticodon GCA) 9-3;gbkey=Gene;gene=TRC-GCA9-3;gene_biotype=tRNA"
1906067,NC_000007.14,tRNAscan-SE,gene,149646955,149647026,.,-,.,"ID=gene-TRC-GCA12-1;Dbxref=GeneID:100189075,HGNC:HGNC:34634;Name=TRC-GCA12-1;description=tRNA-Cys (anticodon GCA) 12-1;gbkey=Gene;gene=TRC-GCA12-1;gene_biotype=tRNA"
1906070,NC_000007.14,tRNAscan-SE,gene,149664824,149664895,.,+,.,"ID=gene-TRC-GCA21-1;Dbxref=GeneID:100189375,HGNC:HGNC:34943;Name=TRC-GCA21-1;description=tRNA-Cys (anticodon GCA) 21-1;gbkey=Gene;gene=TRC-GCA21-1;gene_biotype=tRNA"
1906073,NC_000007.14,tRNAscan-SE,gene,149691181,149691252,.,-,.,"ID=gene-TRC-GCA17-1;Dbxref=GeneID:100189289,HGNC:HGNC:34855;Name=TRC-GCA17-1;description=tRNA-Cys (anticodon GCA) 17-1;gbkey=Gene;gene=TRC-GCA17-1;gene_biotype=tRNA"
1906076,NC_000007.14,tRNAscan-SE,gene,149707669,149707740,.,+,.,"ID=gene-TRC-GCA9-4;Dbxref=GeneID:100189379,HGNC:HGNC:34947;Name=TRC-GCA9-4;description=tRNA-Cys (anticodon GCA) 9-4;gbkey=Gene;gene=TRC-GCA9-4;gene_biotype=tRNA"
1906085,NC_000007.14,BestRefSeq%2CGnomon,gene,149714951,149734575,.,+,.,"ID=gene-KRBA1;Dbxref=GeneID:84626,HGNC:HGNC:22228;Name=KRBA1;description=KRAB-A domain containing 1;gbkey=Gene;gene=KRBA1;gene_biotype=protein_coding"
1907184,NC_000007.14,Gnomon,gene,149739874,149742300,.,-,.,ID=gene-LOC124901771;Dbxref=GeneID:124901771;Name=LOC124901771;description=uncharacterized LOC124901771;gbkey=Gene;gene=LOC124901771;gene_biotype=lncRNA
1907190,NC_000007.14,BestRefSeq%2CGnomon,gene,149764182,149776530,.,-,.,"ID=gene-ZNF467;Dbxref=GeneID:168544,HGNC:HGNC:23154,MIM:614040;Name=ZNF467;description=zinc finger protein 467;gbkey=Gene;gene=ZNF467;gene_biotype=protein_coding;gene_synonym=EZI,Zfp467"
1907418,NC_000007.14,BestRefSeq%2CGnomon,gene,149838375,149867479,.,+,.,"ID=gene-ZNF862;Dbxref=GeneID:643641,HGNC:HGNC:34519;Name=ZNF862;description=zinc finger protein 862;gbkey=Gene;gene=ZNF862;gene_biotype=protein_coding"
1907543,NC_000007.14,BestRefSeq,gene,149867694,149873862,.,-,.,"ID=gene-ATP6V0E2-AS1;Dbxref=GeneID:401431,HGNC:HGNC:44180;Name=ATP6V0E2-AS1;description=ATP6V0E2 antisense RNA 1;gbkey=Gene;gene=ATP6V0E2-AS1;gene_biotype=lncRNA"
1907549,NC_000007.14,BestRefSeq,gene,149872964,149880713,.,+,.,"ID=gene-ATP6V0E2;Dbxref=GeneID:155066,HGNC:HGNC:21723,MIM:611019;Name=ATP6V0E2;description=ATPase H+ transporting V0 subunit e2;gbkey=Gene;gene=ATP6V0E2;gene_biotype=protein_coding;gene_synonym=ATP6V0E2L,C7orf32"
1907646,NC_000007.14,BestRefSeq%2CGnomon,gene,149881360,150323545,.,-,.,"ID=gene-ACTR3C;Dbxref=GeneID:653857,HGNC:HGNC:37282;Name=ACTR3C;description=actin related protein 3C;gbkey=Gene;gene=ACTR3C;gene_biotype=protein_coding;gene_synonym=ARP11"
1907985,NC_000007.14,Gnomon,gene,149931137,149950545,.,-,.,ID=gene-LOC124901772;Dbxref=GeneID:124901772;Name=LOC124901772;description=uncharacterized LOC124901772;gbkey=Gene;gene=LOC124901772;gene_biotype=lncRNA
1907998,NC_000007.14,BestRefSeq,gene,150041355,150045372,.,+,.,"ID=gene-LOC100134040;Dbxref=GeneID:100134040,MIM:615171;Name=LOC100134040;description=uncharacterized LOC100134040;gbkey=Gene;gene=LOC100134040;gene_biotype=lncRNA"
1908020,NC_000007.14,BestRefSeq,gene,150309499,150338156,.,+,.,"ID=gene-LRRC61;Dbxref=GeneID:65999,HGNC:HGNC:21704;Name=LRRC61;description=leucine rich repeat containing 61;gbkey=Gene;gene=LRRC61;gene_biotype=protein_coding;gene_synonym=HSPC295"
1908053,NC_000007.14,BestRefSeq%2CGnomon,gene,150338329,150341629,.,-,.,"ID=gene-RARRES2;Dbxref=GeneID:5919,HGNC:HGNC:9868,MIM:601973;Name=RARRES2;description=retinoic acid receptor responder 2;gbkey=Gene;gene=RARRES2;gene_biotype=protein_coding;gene_synonym=HP10433,TIG2"
1908074,NC_000007.14,Gnomon,gene,150341845,150358146,.,+,.,ID=gene-LOC107986858;Dbxref=GeneID:107986858;Name=LOC107986858;description=uncharacterized LOC107986858;gbkey=Gene;gene=LOC107986858;gene_biotype=lncRNA
1908081,NC_000007.14,BestRefSeq,gene,150362658,150372943,.,-,.,"ID=gene-REPIN1-AS1;Dbxref=GeneID:105375563,HGNC:HGNC:41201;Name=REPIN1-AS1;description=REPIN1 antisense RNA 1;gbkey=Gene;gene=REPIN1-AS1;gene_biotype=lncRNA"
1908133,NC_000007.14,BestRefSeq%2CGnomon,gene,150368096,150374039,.,+,.,"ID=gene-REPIN1;Dbxref=GeneID:29803,HGNC:HGNC:17922,MIM:619039;Name=REPIN1;description=replication initiator 1;gbkey=Gene;gene=REPIN1;gene_biotype=protein_coding;gene_synonym=AP4,RIP60,Zfp464,ZNF464"
1908355,NC_000007.14,BestRefSeq%2CGnomon,gene,150379330,150398630,.,+,.,"ID=gene-ZNF775;Dbxref=GeneID:285971,HGNC:HGNC:28501;Name=ZNF775;description=zinc finger protein 775;gbkey=Gene;gene=ZNF775;gene_biotype=protein_coding"
1908407,NC_000007.14,BestRefSeq,gene,150379845,150383991,.,-,.,"ID=gene-ZNF775-AS1;Dbxref=GeneID:105375564,HGNC:HGNC:41202;Name=ZNF775-AS1;description=ZNF775 antisense RNA 1;gbkey=Gene;gene=ZNF775-AS1;gene_biotype=lncRNA"
1908429,NC_000007.14,BestRefSeq%2CGnomon,gene,150400702,150412470,.,+,.,ID=gene-LOC728743;Dbxref=GeneID:728743;Name=LOC728743;description=zinc finger domain-containing protein LOC728743;gbkey=Gene;gene=LOC728743;gene_biotype=protein_coding
1908521,NC_000007.14,Gnomon,gene,150415337,150421106,.,+,.,ID=gene-LOC124901773;Dbxref=GeneID:124901773;Name=LOC124901773;description=uncharacterized LOC124901773;gbkey=Gene;gene=LOC124901773;gene_biotype=lncRNA
1908529,NC_000007.14,BestRefSeq,gene,150433654,150448140,.,+,.,"ID=gene-LINC00996;Dbxref=GeneID:285972,HGNC:HGNC:27800;Name=LINC00996;description=long intergenic non-protein coding RNA 996;gbkey=Gene;gene=LINC00996;gene_biotype=lncRNA"
1908541,NC_000007.14,BestRefSeq%2CGnomon,gene,150450630,150479393,.,+,.,"ID=gene-GIMAP8;Dbxref=GeneID:155038,HGNC:HGNC:21792,MIM:616962;Name=GIMAP8;description=GTPase%2C IMAP family member 8;gbkey=Gene;gene=GIMAP8;gene_biotype=protein_coding;gene_synonym=IAN-9,IAN6,IAN9,IANT"
1908574,NC_000007.14,BestRefSeq,gene,150514872,150521073,.,+,.,"ID=gene-GIMAP7;Dbxref=GeneID:168537,HGNC:HGNC:22404,MIM:616961;Name=GIMAP7;description=GTPase%2C IMAP family member 7;gbkey=Gene;gene=GIMAP7;gene_biotype=protein_coding;gene_synonym=hIAN7,IAN7"
1908581,NC_000007.14,Gnomon,gene,150549075,150564102,.,-,.,ID=gene-LOC107986860;Dbxref=GeneID:107986860;Name=LOC107986860;description=endogenous retrovirus group K member 19 Env polyprotein-like;gbkey=Gene;gene=LOC107986860;gene_biotype=protein_coding
1908587,NC_000007.14,BestRefSeq,gene,150567390,150573953,.,+,.,"ID=gene-GIMAP4;Dbxref=GeneID:55303,HGNC:HGNC:21872,MIM:608087;Name=GIMAP4;description=GTPase%2C IMAP family member 4;gbkey=Gene;gene=GIMAP4;gene_biotype=protein_coding;gene_synonym=IAN-1,IAN1,IMAP4,MSTP062"
1908606,NC_000007.14,BestRefSeq,gene,150625375,150632385,.,-,.,"ID=gene-GIMAP6;Dbxref=GeneID:474344,HGNC:HGNC:21918,MIM:616960;Name=GIMAP6;description=GTPase%2C IMAP family member 6;gbkey=Gene;gene=GIMAP6;gene_biotype=protein_coding;gene_synonym=IAN-2,IAN-6,IAN2,IAN6"
1908635,NC_000007.14,Gnomon,gene,150648304,150687713,.,-,.,ID=gene-LOC124901774;Dbxref=GeneID:124901774;Name=LOC124901774;description=uncharacterized LOC124901774;gbkey=Gene;gene=LOC124901774;gene_biotype=lncRNA
1908652,NC_000007.14,BestRefSeq,gene,150685706,150693641,.,+,.,"ID=gene-GIMAP2;Dbxref=GeneID:26157,HGNC:HGNC:21789,MIM:608085;Name=GIMAP2;description=GTPase%2C IMAP family member 2;gbkey=Gene;gene=GIMAP2;gene_biotype=protein_coding;gene_synonym=HIMAP2,IAN12,IMAP2"
1908661,NC_000007.14,BestRefSeq,gene,150716613,150743646,.,+,.,"ID=gene-GIMAP1-GIMAP5;Dbxref=GeneID:100527949,HGNC:HGNC:51257;Name=GIMAP1-GIMAP5;description=GIMAP1-GIMAP5 readthrough;gbkey=Gene;gene=GIMAP1-GIMAP5;gene_biotype=protein_coding"
1908684,NC_000007.14,BestRefSeq,gene,150716613,150724284,.,+,.,"ID=gene-GIMAP1;Dbxref=GeneID:170575,HGNC:HGNC:23237,MIM:608084;Name=GIMAP1;description=GTPase%2C IMAP family member 1;gbkey=Gene;gene=GIMAP1;gene_biotype=protein_coding;gene_synonym=HIMAP1,IAN2,IMAP1,IMAP38"
1908697,NC_000007.14,BestRefSeq,gene,150737418,150743646,.,+,.,"ID=gene-GIMAP5;Dbxref=GeneID:55340,HGNC:HGNC:18005,MIM:608086;Name=GIMAP5;description=GTPase%2C IMAP family member 5;gbkey=Gene;gene=GIMAP5;gene_biotype=protein_coding;gene_synonym=HIMAP3,IAN-5,IAN4,IAN4L1,IAN5,IMAP3,IROD,NCPH2"
1908712,NC_000007.14,Gnomon,gene,150761587,150782061,.,-,.,ID=gene-LOC105375566;Dbxref=GeneID:105375566;Name=LOC105375566;description=uncharacterized LOC105375566;gbkey=Gene;gene=LOC105375566;gene_biotype=lncRNA
1908749,NC_000007.14,BestRefSeq%2CGnomon,gene,150791301,150801360,.,-,.,"ID=gene-TMEM176B;Dbxref=GeneID:28959,HGNC:HGNC:29596,MIM:610385;Name=TMEM176B;description=transmembrane protein 176B;gbkey=Gene;gene=TMEM176B;gene_biotype=protein_coding;gene_synonym=LR8,MS4B2"
1908903,NC_000007.14,BestRefSeq%2CGnomon,gene,150800769,150805118,.,+,.,"ID=gene-TMEM176A;Dbxref=GeneID:55365,HGNC:HGNC:24930,MIM:610334;Name=TMEM176A;description=transmembrane protein 176A;gbkey=Gene;gene=TMEM176A;gene_biotype=protein_coding;gene_synonym=GS188,HCA112,MS4B1"
1908967,NC_000007.14,Gnomon,gene,150818964,150877130,.,-,.,ID=gene-LOC105375567;Dbxref=GeneID:105375567;Name=LOC105375567;description=uncharacterized LOC105375567;gbkey=Gene;gene=LOC105375567;gene_biotype=lncRNA
1908979,NC_000007.14,Gnomon,gene,150826381,150833101,.,+,.,ID=gene-LOC124901775;Dbxref=GeneID:124901775;Name=LOC124901775;description=uncharacterized LOC124901775;gbkey=Gene;gene=LOC124901775;gene_biotype=lncRNA
1908989,NC_000007.14,BestRefSeq%2CGnomon,gene,150852120,150861504,.,+,.,"ID=gene-AOC1;Dbxref=GeneID:26,HGNC:HGNC:80,MIM:104610;Name=AOC1;description=amine oxidase copper containing 1;gbkey=Gene;gene=AOC1;gene_biotype=protein_coding;gene_synonym=ABP,ABP1,DAO,DAO1,KAO,KDAO"
1909058,NC_000007.14,BestRefSeq%2CGnomon,gene,150944961,150978321,.,-,.,"ID=gene-KCNH2;Dbxref=GeneID:3757,HGNC:HGNC:6251,MIM:152427;Name=KCNH2;description=potassium voltage-gated channel subfamily H member 2;gbkey=Gene;gene=KCNH2;gene_biotype=protein_coding;gene_synonym=ERG-1,ERG1,H-ERG,HERG,HERG1,Kv11.1,LQT2,SQT1"
1909419,NC_000007.14,Gnomon,gene,150975318,150977355,.,+,.,ID=gene-LOC124901776;Dbxref=GeneID:124901776;Name=LOC124901776;description=uncharacterized LOC124901776;gbkey=Gene;gene=LOC124901776;gene_biotype=lncRNA
1909438,NC_000007.14,BestRefSeq,gene,150991017,151014588,.,+,.,"ID=gene-NOS3;Dbxref=GeneID:4846,HGNC:HGNC:7876,MIM:163729;Name=NOS3;description=nitric oxide synthase 3;gbkey=Gene;gene=NOS3;gene_biotype=protein_coding;gene_synonym=ECNOS,eNOS"
1909621,NC_000007.14,BestRefSeq%2CGnomon,gene,151012209,151024499,.,-,.,"ID=gene-ATG9B;Dbxref=GeneID:285973,HGNC:HGNC:21899,MIM:612205;Name=ATG9B;description=autophagy related 9B;gbkey=Gene;gene=ATG9B;gene_biotype=protein_coding;gene_synonym=APG9L2,NOS3AS,SONE"
1909752,NC_000007.14,Gnomon,gene,151024995,151028258,.,-,.,ID=gene-LOC124901777;Dbxref=GeneID:124901777;Name=LOC124901777;description=uncharacterized LOC124901777;gbkey=Gene;gene=LOC124901777;gene_biotype=lncRNA
1909769,NC_000007.14,BestRefSeq,gene,151028450,151047782,.,+,.,"ID=gene-ABCB8;Dbxref=GeneID:11194,HGNC:HGNC:49,MIM:605464;Name=ABCB8;description=ATP binding cassette subfamily B member 8;gbkey=Gene;gene=ABCB8;gene_biotype=protein_coding;gene_synonym=EST328128,M-ABC1,MABC1,MITOSUR"
1909909,NC_000007.14,BestRefSeq,gene,151048292,151052756,.,+,.,"ID=gene-ASIC3;Dbxref=GeneID:9311,HGNC:HGNC:101,MIM:611741;Name=ASIC3;description=acid sensing ion channel subunit 3;gbkey=Gene;gene=ASIC3;gene_biotype=protein_coding;gene_synonym=ACCN3,DRASIC,SLNAC1,TNaC1"
1909996,NC_000007.14,BestRefSeq,gene,151053815,151057897,.,-,.,"ID=gene-CDK5;Dbxref=GeneID:1020,HGNC:HGNC:1774,MIM:123831;Name=CDK5;description=cyclin dependent kinase 5;gbkey=Gene;gene=CDK5;gene_biotype=protein_coding;gene_synonym=LIS7,PSSALRE"
1910050,NC_000007.14,BestRefSeq,gene,151058200,151076527,.,+,.,"ID=gene-SLC4A2;Dbxref=GeneID:6522,HGNC:HGNC:11028,MIM:109280;Name=SLC4A2;description=solute carrier family 4 member 2;gbkey=Gene;gene=SLC4A2;gene_biotype=protein_coding;gene_synonym=AE2,BND3L,EPB3L1,HKB3,NBND3,OPTB9"
1910245,NC_000007.14,BestRefSeq,gene,151061928,151061978,.,+,.,ID=gene-LOC128092247;Dbxref=GeneID:128092247;Name=LOC128092247;description=uncharacterized LOC128092247;gbkey=Gene;gene=LOC128092247;gene_biotype=protein_coding
1910257,NC_000007.14,BestRefSeq%2CGnomon,gene,151076624,151080809,.,-,.,"ID=gene-FASTK;Dbxref=GeneID:10922,HGNC:HGNC:24676,MIM:606965;Name=FASTK;description=Fas activated serine/threonine kinase;gbkey=Gene;gene=FASTK;gene_biotype=protein_coding;gene_synonym=FAST"
1910468,NC_000007.14,BestRefSeq,gene,151081085,151083493,.,-,.,"ID=gene-TMUB1;Dbxref=GeneID:83590,HGNC:HGNC:21709,MIM:614792;Name=TMUB1;description=transmembrane and ubiquitin like domain containing 1;gbkey=Gene;gene=TMUB1;gene_biotype=protein_coding;gene_synonym=C7orf21,DULP,HOPS,SB144"
1910485,NC_000007.14,BestRefSeq%2CGnomon,gene,151085867,151144434,.,+,.,"ID=gene-AGAP3;Dbxref=GeneID:116988,HGNC:HGNC:16923,MIM:616813;Name=AGAP3;description=ArfGAP with GTPase domain%2C ankyrin repeat and PH domain 3;gbkey=Gene;gene=AGAP3;gene_biotype=protein_coding;gene_synonym=AGAP-3,CENTG3,cnt-g3,CRAG,MRIP-1"
1911088,NC_000007.14,Gnomon,gene,151089003,151105125,.,+,.,ID=gene-LOC124901778;Dbxref=GeneID:124901778;Name=LOC124901778;description=uncharacterized LOC124901778;gbkey=Gene;gene=LOC124901778;gene_biotype=lncRNA
1911120,NC_000007.14,BestRefSeq,gene,151148009,151167694,.,-,.,"ID=gene-GBX1;Dbxref=GeneID:2636,HGNC:HGNC:4185,MIM:603354;Name=GBX1;description=gastrulation brain homeobox 1;gbkey=Gene;gene=GBX1;gene_biotype=protein_coding;gene_synonym=Huh-17"
1911133,NC_000007.14,BestRefSeq,gene,151175698,151187792,.,-,.,"ID=gene-ASB10;Dbxref=GeneID:136371,HGNC:HGNC:17185,MIM:615054;Name=ASB10;description=ankyrin repeat and SOCS box containing 10;gbkey=Gene;gene=ASB10;gene_biotype=protein_coding;gene_synonym=GLC1F"
1911172,NC_000007.14,BestRefSeq,gene,151190873,151205496,.,-,.,"ID=gene-IQCA1L;Dbxref=GeneID:392843,HGNC:HGNC:22831;Name=IQCA1L;description=IQ motif containing with AAA domain 1 like;gbkey=Gene;gene=IQCA1L;gene_biotype=protein_coding;gene_synonym=IQCA1P1"
1911216,NC_000007.14,BestRefSeq,gene,151207837,151227205,.,-,.,"ID=gene-ABCF2-H2BK1;Dbxref=GeneID:114483834,HGNC:HGNC:54751;Name=ABCF2-H2BK1;description=ABCF2-H2BK1 readthrough;gbkey=Gene;gene=ABCF2-H2BK1;gene_biotype=protein_coding;gene_synonym=ABCF2-H2BE1"
1911267,NC_000007.14,BestRefSeq,gene,151207837,151210488,.,-,.,"ID=gene-H2BK1;Dbxref=GeneID:114483833,HGNC:HGNC:53833;Name=H2BK1;description=H2B.K variant histone 1;gbkey=Gene;gene=H2BK1;gene_biotype=protein_coding;gene_synonym=H2BE1"
1911273,NC_000007.14,BestRefSeq,gene,151211484,151227205,.,-,.,"ID=gene-ABCF2;Dbxref=GeneID:10061,HGNC:HGNC:71,MIM:612510;Name=ABCF2;description=ATP binding cassette subfamily F member 2;gbkey=Gene;gene=ABCF2;gene_biotype=protein_coding;gene_synonym=ABC28,EST133090,HUSSY-18,HUSSY18"
1911316,NC_000007.14,BestRefSeq,gene,151232483,151238822,.,+,.,"ID=gene-CHPF2;Dbxref=GeneID:54480,HGNC:HGNC:29270,MIM:608037;Name=CHPF2;description=chondroitin polymerizing factor 2;gbkey=Gene;gene=CHPF2;gene_biotype=protein_coding;gene_synonym=chPF-2,ChSy-3,CSGLCA-T,CSGlcAT"
1911378,NC_000007.14,BestRefSeq,gene,151238421,151238538,.,+,.,"ID=gene-MIR671;Dbxref=GeneID:768213,HGNC:HGNC:33134,MIM:615245,miRBase:MI0003760;Name=MIR671;description=microRNA 671;gbkey=Gene;gene=MIR671;gene_biotype=miRNA;gene_synonym=hsa-mir-671,mir-671,MIRN671"
1911385,NC_000007.14,BestRefSeq%2CGnomon,gene,151238780,151277149,.,-,.,"ID=gene-SMARCD3;Dbxref=GeneID:6604,HGNC:HGNC:11108,MIM:601737;Name=SMARCD3;description=SWI/SNF related%2C matrix associated%2C actin dependent regulator of chromatin%2C subfamily d%2C member 3;gbkey=Gene;gene=SMARCD3;gene_biotype=protein_coding;gene_synonym=BAF60C,CRACD3,Rsc6p"
1911537,NC_000007.14,Gnomon,gene,151239661,151240979,.,+,.,ID=gene-LOC124901779;Dbxref=GeneID:124901779;Name=LOC124901779;description=uncharacterized LOC124901779;gbkey=Gene;gene=LOC124901779;gene_biotype=lncRNA
1911579,NC_000007.14,BestRefSeq%2CGnomon,gene,151341812,151378449,.,+,.,"ID=gene-NUB1;Dbxref=GeneID:51667,HGNC:HGNC:17623,MIM:607981;Name=NUB1;description=negative regulator of ubiquitin like proteins 1;gbkey=Gene;gene=NUB1;gene_biotype=protein_coding;gene_synonym=BS4,NUB1L,NYREN18"
1911901,NC_000007.14,BestRefSeq%2CGnomon,gene,151368955,151410712,.,-,.,"ID=gene-WDR86;Dbxref=GeneID:349136,HGNC:HGNC:28020;Name=WDR86;description=WD repeat domain 86;gbkey=Gene;gene=WDR86;gene_biotype=protein_coding"
1912118,NC_000007.14,BestRefSeq,gene,151409161,151413354,.,+,.,"ID=gene-WDR86-AS1;Dbxref=GeneID:100131176,HGNC:HGNC:41186;Name=WDR86-AS1;description=WDR86 antisense RNA 1;gbkey=Gene;gene=WDR86-AS1;gene_biotype=lncRNA"
1912141,NC_000007.14,BestRefSeq%2CGnomon,gene,151428832,151440813,.,-,.,"ID=gene-CRYGN;Dbxref=GeneID:155051,HGNC:HGNC:20458,MIM:609603;Name=CRYGN;description=crystallin gamma N;gbkey=Gene;gene=CRYGN;gene_biotype=protein_coding"
1912172,NC_000007.14,Gnomon,gene,151432292,151436161,.,-,.,ID=gene-LOC124901780;Dbxref=GeneID:124901780;Name=LOC124901780;description=uncharacterized LOC124901780;gbkey=Gene;gene=LOC124901780;gene_biotype=protein_coding
1912180,NC_000007.14,BestRefSeq,gene,151433489,151433639,.,-,.,"ID=gene-MIR3907;Dbxref=GeneID:100500835,HGNC:HGNC:38988,miRBase:MI0016410;Name=MIR3907;description=microRNA 3907;gbkey=Gene;gene=MIR3907;gene_biotype=miRNA"
1912210,NC_000007.14,BestRefSeq%2CGnomon,gene,151466012,151519895,.,-,.,"ID=gene-RHEB;Dbxref=GeneID:6009,HGNC:HGNC:10011,MIM:601293;Name=RHEB;description=Ras homolog%2C mTORC1 binding;gbkey=Gene;gene=RHEB;gene_biotype=protein_coding;gene_synonym=RHEB2"
1912307,NC_000007.14,BestRefSeq%2CGnomon,gene,151556127,151877115,.,-,.,"ID=gene-PRKAG2;Dbxref=GeneID:51422,HGNC:HGNC:9386,MIM:602743;Name=PRKAG2;description=protein kinase AMP-activated non-catalytic subunit gamma 2;gbkey=Gene;gene=PRKAG2;gene_biotype=protein_coding;gene_synonym=AAKG,AAKG2,CMH6,H91620p,WPWS"
1913314,NC_000007.14,BestRefSeq,gene,151806338,151810820,.,+,.,"ID=gene-PRKAG2-AS2;Dbxref=GeneID:644090,HGNC:HGNC:40467;Name=PRKAG2-AS2;description=PRKAG2 antisense RNA 2;gbkey=Gene;gene=PRKAG2-AS2;gene_biotype=lncRNA"
1913335,NC_000007.14,BestRefSeq,gene,151877042,151879223,.,+,.,"ID=gene-PRKAG2-AS1;Dbxref=GeneID:100505483,HGNC:HGNC:40468;Name=PRKAG2-AS1;description=PRKAG2 antisense RNA 1;gbkey=Gene;gene=PRKAG2-AS1;gene_biotype=lncRNA"
1913357,NC_000007.14,Gnomon,gene,151946929,151954922,.,-,.,ID=gene-LOC105375570;Dbxref=GeneID:105375570;Name=LOC105375570;description=uncharacterized LOC105375570;gbkey=Gene;gene=LOC105375570;gene_biotype=lncRNA
1913364,NC_000007.14,Gnomon,gene,151955199,151956345,.,-,.,ID=gene-LOC105375571;Dbxref=GeneID:105375571;Name=LOC105375571;description=uncharacterized LOC105375571;gbkey=Gene;gene=LOC105375571;gene_biotype=lncRNA
1913368,NC_000007.14,BestRefSeq%2CGnomon,gene,151956446,152019929,.,+,.,"ID=gene-GALNTL5;Dbxref=GeneID:168391,HGNC:HGNC:21725,MIM:615133;Name=GALNTL5;description=polypeptide N-acetylgalactosaminyltransferase like 5;gbkey=Gene;gene=GALNTL5;gene_biotype=protein_coding;gene_synonym=GalNAc-T5L,GALNACT19,GALNT15"
1913527,NC_000007.14,BestRefSeq%2CGnomon,gene,152025674,152122340,.,+,.,"ID=gene-GALNT11;Dbxref=GeneID:63917,HGNC:HGNC:19875,MIM:615130;Name=GALNT11;description=polypeptide N-acetylgalactosaminyltransferase 11;gbkey=Gene;gene=GALNT11;gene_biotype=protein_coding;gene_synonym=GALNAC-T11,GALNACT11"
1914246,NC_000007.14,cmsearch,gene,152068900,152069005,.,-,.,ID=gene-LOC124901844;Dbxref=GeneID:124901844;Name=LOC124901844;description=small nucleolar RNA U13;gbkey=Gene;gene=LOC124901844;gene_biotype=snoRNA
1914251,NC_000007.14,Gnomon,gene,152101195,152134572,.,-,.,ID=gene-LOC731075;Dbxref=GeneID:731075;Name=LOC731075;description=uncharacterized LOC731075;gbkey=Gene;gene=LOC731075;gene_biotype=lncRNA
1914268,NC_000007.14,BestRefSeq,gene,152134925,152436003,.,-,.,"ID=gene-KMT2C;Dbxref=GeneID:58508,HGNC:HGNC:13726,MIM:606833;Name=KMT2C;description=lysine methyltransferase 2C;gbkey=Gene;gene=KMT2C;gene_biotype=protein_coding;gene_synonym=HALR,KLEFS2,MLL3"
1914432,NC_000007.14,BestRefSeq,gene,152464124,152465545,.,+,.,"ID=gene-LINC01003;Dbxref=GeneID:100128822,HGNC:HGNC:48957;Name=LINC01003;description=long intergenic non-protein coding RNA 1003;gbkey=Gene;gene=LINC01003;gene_biotype=lncRNA"
1914446,NC_000007.14,cmsearch,gene,152595923,152596030,.,+,.,ID=gene-LOC124901846;Dbxref=GeneID:124901846;Name=LOC124901846;description=small nucleolar RNA U13;gbkey=Gene;gene=LOC124901846;gene_biotype=snoRNA
1914455,NC_000007.14,cmsearch,gene,152609313,152609434,.,+,.,ID=gene-LOC124900247;Dbxref=GeneID:124900247;Name=LOC124900247;description=small nucleolar RNA SNORA26;gbkey=Gene;gene=LOC124900247;gene_biotype=snoRNA
1914458,NC_000007.14,BestRefSeq,gene,152644776,152676141,.,-,.,"ID=gene-XRCC2;Dbxref=GeneID:7516,HGNC:HGNC:12829,MIM:600375;Name=XRCC2;description=X-ray repair cross complementing 2;gbkey=Gene;gene=XRCC2;gene_biotype=protein_coding;gene_synonym=FANCU,POF17,SPGF50"
1914484,NC_000007.14,BestRefSeq,gene,152759752,152855378,.,+,.,"ID=gene-ACTR3B;Dbxref=GeneID:57180,HGNC:HGNC:17256;Name=ACTR3B;description=actin related protein 3B;gbkey=Gene;gene=ACTR3B;gene_biotype=protein_coding;gene_synonym=ARP11,ARP3BETA"
1914798,NC_000007.14,Gnomon,gene,153181743,153302997,.,+,.,ID=gene-LOC102723686;Dbxref=GeneID:102723686;Name=LOC102723686;description=uncharacterized LOC102723686;gbkey=Gene;gene=LOC102723686;gene_biotype=lncRNA
1914821,NC_000007.14,Gnomon,gene,153389160,153396996,.,+,.,ID=gene-LOC105375577;Dbxref=GeneID:105375577;Name=LOC105375577;description=uncharacterized LOC105375577;gbkey=Gene;gene=LOC105375577;gene_biotype=lncRNA
1914826,NC_000007.14,BestRefSeq,gene,153399919,153412234,.,-,.,"ID=gene-LINC01287;Dbxref=GeneID:103724390,HGNC:HGNC:50351;Name=LINC01287;description=long intergenic non-protein coding RNA 1287;gbkey=Gene;gene=LINC01287;gene_biotype=lncRNA;gene_synonym=TCONS_l2_00027522"
1914834,NC_000007.14,Gnomon,gene,153423960,153434593,.,-,.,ID=gene-LOC105375578;Dbxref=GeneID:105375578;Name=LOC105375578;description=uncharacterized LOC105375578;gbkey=Gene;gene=LOC105375578;gene_biotype=lncRNA
1914850,NC_000007.14,Gnomon,gene,153507058,153508337,.,+,.,ID=gene-LOC105375579;Dbxref=GeneID:105375579;Name=LOC105375579;description=uncharacterized LOC105375579;gbkey=Gene;gene=LOC105375579;gene_biotype=lncRNA
1914854,NC_000007.14,Gnomon,gene,153523237,153524231,.,-,.,ID=gene-LOC107986750;Dbxref=GeneID:107986750;Name=LOC107986750;description=uncharacterized LOC107986750;gbkey=Gene;gene=LOC107986750;gene_biotype=lncRNA
1914860,NC_000007.14,BestRefSeq%2CGnomon,gene,153748133,154894285,.,+,.,"ID=gene-DPP6;Dbxref=GeneID:1804,HGNC:HGNC:3010,MIM:126141;Name=DPP6;description=dipeptidyl peptidase like 6;gbkey=Gene;gene=DPP6;gene_biotype=protein_coding;gene_synonym=DPL1,DPPX,MRD33,VF2"
1915489,NC_000007.14,Gnomon,gene,153855279,153865566,.,+,.,ID=gene-LOC107986722;Dbxref=GeneID:107986722;Name=LOC107986722;description=uncharacterized LOC107986722;gbkey=Gene;gene=LOC107986722;gene_biotype=lncRNA
1915507,NC_000007.14,BestRefSeq,gene,154055585,154060570,.,-,.,ID=gene-LOC101929998;Dbxref=GeneID:101929998;Name=LOC101929998;description=uncharacterized LOC101929998;gbkey=Gene;gene=LOC101929998;gene_biotype=lncRNA
1915521,NC_000007.14,Gnomon,gene,154237201,154241969,.,-,.,ID=gene-LOC105375582;Dbxref=GeneID:105375582;Name=LOC105375582;description=uncharacterized LOC105375582;gbkey=Gene;gene=LOC105375582;gene_biotype=lncRNA
1915530,NC_000007.14,Gnomon,gene,154614946,154624869,.,-,.,ID=gene-LOC105375581;Dbxref=GeneID:105375581;Name=LOC105375581;description=uncharacterized LOC105375581;gbkey=Gene;gene=LOC105375581;gene_biotype=lncRNA
1915548,NC_000007.14,Gnomon,gene,154825747,154867583,.,-,.,ID=gene-LOC105375580;Dbxref=GeneID:105375580;Name=LOC105375580;description=uncharacterized LOC105375580;gbkey=Gene;gene=LOC105375580;gene_biotype=lncRNA
1915562,NC_000007.14,BestRefSeq,gene,154928517,154949490,.,+,.,"ID=gene-PAXIP1-AS2;Dbxref=GeneID:100132707,HGNC:HGNC:48958;Name=PAXIP1-AS2;description=PAXIP1 antisense RNA 2;gbkey=Gene;gene=PAXIP1-AS2;gene_biotype=lncRNA;gene_synonym=PAXIP1OS"
1915584,NC_000007.14,BestRefSeq%2CGnomon,gene,154943690,155003411,.,-,.,"ID=gene-PAXIP1;Dbxref=GeneID:22976,HGNC:HGNC:8624,MIM:608254;Name=PAXIP1;description=PAX interacting protein 1;gbkey=Gene;gene=PAXIP1;gene_biotype=protein_coding;gene_synonym=CAGF28,CAGF29,PACIP1,PAXIP1L,PTIP,TNRC2"
1915791,NC_000007.14,Gnomon,gene,154970054,154974905,.,-,.,ID=gene-LOC124901781;Dbxref=GeneID:124901781;Name=LOC124901781;description=uncharacterized LOC124901781;gbkey=Gene;gene=LOC124901781;gene_biotype=lncRNA
1915801,NC_000007.14,BestRefSeq,gene,155003433,155005703,.,+,.,"ID=gene-PAXIP1-DT;Dbxref=GeneID:202781,HGNC:HGNC:27328;Name=PAXIP1-DT;description=PAXIP1 divergent transcript;gbkey=Gene;gene=PAXIP1-DT;gene_biotype=lncRNA;gene_synonym=PAXIP1-AS1"
1915808,NC_000007.14,BestRefSeq,gene,155067067,155071557,.,-,.,"ID=gene-HTR5A-AS1;Dbxref=GeneID:100128264,HGNC:HGNC:48956;Name=HTR5A-AS1;description=HTR5A antisense RNA 1;gbkey=Gene;gene=HTR5A-AS1;gene_biotype=lncRNA;gene_synonym=HTR5AOS"
1915816,NC_000007.14,BestRefSeq,gene,155070324,155087392,.,+,.,"ID=gene-HTR5A;Dbxref=GeneID:3361,HGNC:HGNC:5300,MIM:601305;Name=HTR5A;description=5-hydroxytryptamine receptor 5A;gbkey=Gene;gene=HTR5A;gene_biotype=protein_coding;gene_synonym=5-HT5A"
1915830,NC_000007.14,Gnomon,gene,155169336,155173319,.,+,.,ID=gene-LOC105375584;Dbxref=GeneID:105375584;Name=LOC105375584;description=uncharacterized LOC105375584;gbkey=Gene;gene=LOC105375584;gene_biotype=lncRNA
1915842,NC_000007.14,Gnomon,gene,155195585,155198455,.,-,.,ID=gene-LOC124901782;Dbxref=GeneID:124901782;Name=LOC124901782;description=uncharacterized LOC124901782;gbkey=Gene;gene=LOC124901782;gene_biotype=lncRNA
1915856,NC_000007.14,Gnomon,gene,155205704,155217161,.,+,.,ID=gene-LOC124901783;Dbxref=GeneID:124901783;Name=LOC124901783;description=uncharacterized LOC124901783;gbkey=Gene;gene=LOC124901783;gene_biotype=lncRNA
1915863,NC_000007.14,Gnomon,gene,155209132,155210045,.,-,.,ID=gene-LOC124901786;Dbxref=GeneID:124901786;Name=LOC124901786;description=uncharacterized LOC124901786;gbkey=Gene;gene=LOC124901786;gene_biotype=lncRNA
1915867,NC_000007.14,Gnomon,gene,155213311,155217342,.,-,.,ID=gene-LOC124901784;Dbxref=GeneID:124901784;Name=LOC124901784;description=uncharacterized LOC124901784;gbkey=Gene;gene=LOC124901784;gene_biotype=lncRNA
1915873,NC_000007.14,Gnomon,gene,155222044,155227236,.,-,.,ID=gene-LOC124901785;Dbxref=GeneID:124901785;Name=LOC124901785;description=uncharacterized LOC124901785;gbkey=Gene;gene=LOC124901785;gene_biotype=lncRNA
1915884,NC_000007.14,Gnomon,gene,155226125,155227067,.,+,.,ID=gene-LOC124901787;Dbxref=GeneID:124901787;Name=LOC124901787;description=uncharacterized LOC124901787;gbkey=Gene;gene=LOC124901787;gene_biotype=lncRNA
1915892,NC_000007.14,Gnomon,gene,155238269,155254106,.,-,.,ID=gene-LOC105375587;Dbxref=GeneID:105375587;Name=LOC105375587;description=uncharacterized LOC105375587;gbkey=Gene;gene=LOC105375587;gene_biotype=lncRNA
1915914,NC_000007.14,Gnomon,gene,155262893,155266679,.,-,.,ID=gene-LOC105375588;Dbxref=GeneID:105375588;Name=LOC105375588;description=uncharacterized LOC105375588;gbkey=Gene;gene=LOC105375588;gene_biotype=lncRNA
1915931,NC_000007.14,BestRefSeq,gene,155267201,155268053,.,+,.,ID=gene-LOC105375589;Dbxref=GeneID:105375589;Name=LOC105375589;description=uncharacterized LOC105375589;gbkey=Gene;gene=LOC105375589;gene_biotype=lncRNA
1915938,NC_000007.14,BestRefSeq,gene,155288596,155298980,.,-,.,"ID=gene-INSIG1-DT;Dbxref=GeneID:105375591,HGNC:HGNC:55155;Name=INSIG1-DT;description=INSIG1 divergent transcript;gbkey=Gene;gene=INSIG1-DT;gene_biotype=lncRNA"
1915954,NC_000007.14,BestRefSeq,gene,155297878,155310235,.,+,.,"ID=gene-INSIG1;Dbxref=GeneID:3638,HGNC:HGNC:6083,MIM:602055;Name=INSIG1;description=insulin induced gene 1;gbkey=Gene;gene=INSIG1;gene_biotype=protein_coding;gene_synonym=CL6"
1916047,NC_000007.14,Gnomon,gene,155310193,155337461,.,-,.,ID=gene-LOC105375592;Dbxref=GeneID:105375592;Name=LOC105375592;description=uncharacterized LOC105375592;gbkey=Gene;gene=LOC105375592;gene_biotype=lncRNA
1916065,NC_000007.14,BestRefSeq,gene,155356988,155367933,.,-,.,"ID=gene-BLACE;Dbxref=GeneID:338436,HGNC:HGNC:20484,MIM:608450;Name=BLACE;description=B cell acute lymphoblastic leukemia expressed;gbkey=Gene;gene=BLACE;gene_biotype=lncRNA"
1916073,NC_000007.14,Gnomon,gene,155364181,155371031,.,+,.,ID=gene-LOC105375593;Dbxref=GeneID:105375593;Name=LOC105375593;description=uncharacterized LOC105375593;gbkey=Gene;gene=LOC105375593;gene_biotype=lncRNA
1916088,NC_000007.14,BestRefSeq,gene,155382076,155401782,.,+,.,"ID=gene-LINC03010;Dbxref=GeneID:100286906,HGNC:HGNC:56135;Name=LINC03010;description=long intergenic non-protein coding RNA 3010;gbkey=Gene;gene=LINC03010;gene_biotype=lncRNA"
1916097,NC_000007.14,Gnomon,gene,155414700,155418829,.,+,.,ID=gene-LOC105375594;Dbxref=GeneID:105375594;Name=LOC105375594;description=uncharacterized LOC105375594;gbkey=Gene;gene=LOC105375594;gene_biotype=lncRNA
1916108,NC_000007.14,BestRefSeq,gene,155421206,155457118,.,-,.,"ID=gene-EN2-DT;Dbxref=GeneID:121832807,HGNC:HGNC:55659;Name=EN2-DT;description=EN2 divergent transcript;gbkey=Gene;gene=EN2-DT;gene_biotype=lncRNA"
1916121,NC_000007.14,BestRefSeq,gene,155458129,155464831,.,+,.,"ID=gene-EN2;Dbxref=GeneID:2020,HGNC:HGNC:3343,MIM:131310;Name=EN2;description=engrailed homeobox 2;gbkey=Gene;gene=EN2;gene_biotype=protein_coding"
1916146,NC_000007.14,BestRefSeq,gene,155501129,155546559,.,-,.,"ID=gene-CNPY1;Dbxref=GeneID:285888,HGNC:HGNC:27786,MIM:612493;Name=CNPY1;description=canopy FGF signaling regulator 1;gbkey=Gene;gene=CNPY1;gene_biotype=protein_coding"
1916292,NC_000007.14,BestRefSeq,gene,155641916,155644406,.,-,.,"ID=gene-RBM33-DT;Dbxref=GeneID:100506302,HGNC:HGNC:56024;Name=RBM33-DT;description=RBM33 divergent transcript;gbkey=Gene;gene=RBM33-DT;gene_biotype=lncRNA"
1916300,NC_000007.14,BestRefSeq,gene,155644661,155781480,.,+,.,"ID=gene-RBM33;Dbxref=GeneID:155435,HGNC:HGNC:27223,MIM:620833;Name=RBM33;description=RNA binding motif protein 33;gbkey=Gene;gene=RBM33;gene_biotype=protein_coding;gene_synonym=PRR8"
1916367,NC_000007.14,BestRefSeq%2CGnomon,gene,155799980,155812463,.,-,.,"ID=gene-SHH;Dbxref=GeneID:6469,HGNC:HGNC:10848,MIM:600725;Name=SHH;description=sonic hedgehog signaling molecule;gbkey=Gene;gene=SHH;gene_biotype=protein_coding;gene_synonym=HHG1,HLP3,HPE3,MCOPCB5,ShhNC,SMMCI,TPT,TPTPS"
1916443,NC_000007.14,Gnomon,gene,155951285,155955749,.,+,.,ID=gene-LOC124901788;Dbxref=GeneID:124901788;Name=LOC124901788;description=uncharacterized LOC124901788;gbkey=Gene;gene=LOC124901788;gene_biotype=lncRNA
1916451,NC_000007.14,BestRefSeq,gene,155961341,155968962,.,+,.,ID=gene-LOC389602;Dbxref=GeneID:389602;Name=LOC389602;description=uncharacterized LOC389602;gbkey=Gene;gene=LOC389602;gene_biotype=lncRNA
1916472,NC_000007.14,Gnomon,gene,156012681,156033398,.,+,.,ID=gene-LOC105375597;Dbxref=GeneID:105375597;Name=LOC105375597;description=uncharacterized LOC105375597;gbkey=Gene;gene=LOC105375597;gene_biotype=lncRNA
1916479,NC_000007.14,Gnomon,gene,156030618,156034564,.,-,.,ID=gene-LOC124901789;Dbxref=GeneID:124901789;Name=LOC124901789;description=uncharacterized LOC124901789;gbkey=Gene;gene=LOC124901789;gene_biotype=lncRNA
1916497,NC_000007.14,Gnomon,gene,156139991,156145989,.,-,.,ID=gene-LOC105375603;Dbxref=GeneID:105375603;Name=LOC105375603;description=uncharacterized LOC105375603;gbkey=Gene;gene=LOC105375603;gene_biotype=lncRNA
1916504,NC_000007.14,Gnomon,gene,156147369,156158167,.,+,.,ID=gene-LOC105375602;Dbxref=GeneID:105375602;Name=LOC105375602;description=uncharacterized LOC105375602;gbkey=Gene;gene=LOC105375602;gene_biotype=lncRNA
1916515,NC_000007.14,Gnomon,gene,156194064,156203664,.,+,.,ID=gene-LOC105375601;Dbxref=GeneID:105375601;Name=LOC105375601;description=uncharacterized LOC105375601;gbkey=Gene;gene=LOC105375601;gene_biotype=lncRNA
1916520,NC_000007.14,Gnomon,gene,156203813,156208745,.,+,.,ID=gene-LOC124901790;Dbxref=GeneID:124901790;Name=LOC124901790;description=uncharacterized LOC124901790;gbkey=Gene;gene=LOC124901790;gene_biotype=lncRNA
1916529,NC_000007.14,Gnomon,gene,156223471,156236167,.,+,.,ID=gene-LOC124901791;Dbxref=GeneID:124901791;Name=LOC124901791;description=uncharacterized LOC124901791;gbkey=Gene;gene=LOC124901791;gene_biotype=lncRNA
1916543,NC_000007.14,Gnomon,gene,156432369,156433006,.,-,.,ID=gene-LOC105375599;Dbxref=GeneID:105375599;Name=LOC105375599;description=uncharacterized LOC105375599;gbkey=Gene;gene=LOC105375599;gene_biotype=lncRNA
1916547,NC_000007.14,BestRefSeq,gene,156437789,156445588,.,-,.,ID=gene-LOC285889;Dbxref=GeneID:285889;Name=LOC285889;description=uncharacterized LOC285889;gbkey=Gene;gene=LOC285889;gene_biotype=lncRNA
1916554,NC_000007.14,Gnomon,gene,156460358,156465101,.,-,.,ID=gene-LOC124901792;Dbxref=GeneID:124901792;Name=LOC124901792;description=uncharacterized LOC124901792;gbkey=Gene;gene=LOC124901792;gene_biotype=lncRNA
1916558,NC_000007.14,BestRefSeq,gene,156472099,156640535,.,-,.,"ID=gene-RNF32-DT;Dbxref=GeneID:100506380,HGNC:HGNC:48971,MIM:610242;Name=RNF32-DT;description=RNF32 divergent transcript;gbkey=Gene;gene=RNF32-DT;gene_biotype=lncRNA;gene_synonym=C7orf13,LINC01006,MY040"
1916569,NC_000007.14,Gnomon,gene,156523626,156525310,.,+,.,ID=gene-LOC112268012;Dbxref=GeneID:112268012;Name=LOC112268012;description=uncharacterized LOC112268012;gbkey=Gene;gene=LOC112268012;gene_biotype=lncRNA
1916578,NC_000007.14,BestRefSeq,gene,156540491,156541101,.,+,.,"ID=gene-LINC00244;Dbxref=GeneID:64433,HGNC:HGNC:13245;Name=LINC00244;description=long intergenic non-protein coding RNA 244;gbkey=Gene;gene=LINC00244;gene_biotype=lncRNA;gene_synonym=C7orf4,NCRNA00244"
1916598,NC_000007.14,BestRefSeq%2CGnomon,gene,156640204,156677130,.,+,.,"ID=gene-RNF32;Dbxref=GeneID:140545,HGNC:HGNC:17118,MIM:610241;Name=RNF32;description=ring finger protein 32;gbkey=Gene;gene=RNF32;gene_biotype=protein_coding;gene_synonym=FKSG33,HSD15,LMBR2"
1917159,NC_000007.14,BestRefSeq,gene,156654185,156659959,.,-,.,"ID=gene-RNF32-AS1;Dbxref=GeneID:101927858,HGNC:HGNC:40798;Name=RNF32-AS1;description=RNF32 antisense RNA 1;gbkey=Gene;gene=RNF32-AS1;gene_biotype=lncRNA"
1917178,NC_000007.14,BestRefSeq%2CGnomon,gene,156669012,156893183,.,-,.,"ID=gene-LMBR1;Dbxref=GeneID:64327,HGNC:HGNC:13243,MIM:605522;Name=LMBR1;description=limb development membrane protein 1;gbkey=Gene;gene=LMBR1;gene_biotype=protein_coding;gene_synonym=ACHP,C7orf2,DIF14,LSS,PPD2,THYP,TPT,TPTPS,ZRS"
1917974,NC_000007.14,Gnomon,gene,156893398,156921981,.,+,.,ID=gene-LOC102723795;Dbxref=GeneID:102723795;Name=LOC102723795;description=uncharacterized LOC102723795;gbkey=Gene;gene=LOC102723795;gene_biotype=lncRNA
1917999,NC_000007.14,Gnomon,gene,156937414,156939681,.,-,.,ID=gene-LOC105375604;Dbxref=GeneID:105375604;Name=LOC105375604;description=uncharacterized threonine-rich GPI-anchored glycoprotein PJ4664.02-like;gbkey=Gene;gene=LOC105375604;gene_biotype=misc_RNA
1918006,NC_000007.14,Gnomon,gene,156942557,156945784,.,+,.,ID=gene-LOC105375605;Dbxref=GeneID:105375605;Name=LOC105375605;description=uncharacterized LOC105375605;gbkey=Gene;gene=LOC105375605;gene_biotype=lncRNA
1918016,NC_000007.14,BestRefSeq%2CGnomon,gene,156949712,156973176,.,+,.,"ID=gene-NOM1;Dbxref=GeneID:64434,HGNC:HGNC:13244,MIM:611269;Name=NOM1;description=nucleolar protein with MIF4G domain 1;gbkey=Gene;gene=NOM1;gene_biotype=protein_coding;gene_synonym=C7orf3,PPP1R113,SGD1"
1918088,NC_000007.14,BestRefSeq,gene,157004854,157010663,.,-,.,"ID=gene-MNX1;Dbxref=GeneID:3110,HGNC:HGNC:4979,MIM:142994;Name=MNX1;description=motor neuron and pancreas homeobox 1;gbkey=Gene;gene=MNX1;gene_biotype=protein_coding;gene_synonym=HB9,HLXB9,HOXHB9,SCRA1"
1918106,NC_000007.14,BestRefSeq,gene,157006307,157007120,.,+,.,"ID=gene-MNX1-AS2;Dbxref=GeneID:105375606,HGNC:HGNC:40278;Name=MNX1-AS2;description=MNX1 antisense RNA 2;gbkey=Gene;gene=MNX1-AS2;gene_biotype=lncRNA"
1918116,NC_000007.14,BestRefSeq,gene,157010857,157016424,.,+,.,"ID=gene-MNX1-AS1;Dbxref=GeneID:645249,HGNC:HGNC:48954;Name=MNX1-AS1;description=MNX1 antisense RNA 1 (head to head);gbkey=Gene;gene=MNX1-AS1;gene_biotype=lncRNA;gene_synonym=CCAT5,MAYA"
1918145,NC_000007.14,Gnomon,gene,157111165,157124009,.,+,.,ID=gene-LOC105375607;Dbxref=GeneID:105375607;Name=LOC105375607;description=uncharacterized LOC105375607;gbkey=Gene;gene=LOC105375607;gene_biotype=lncRNA
1918170,NC_000007.14,BestRefSeq%2CGnomon,gene,157138926,157269370,.,+,.,"ID=gene-UBE3C;Dbxref=GeneID:9690,HGNC:HGNC:16803,MIM:614454;Name=UBE3C;description=ubiquitin protein ligase E3C;gbkey=Gene;gene=UBE3C;gene_biotype=protein_coding;gene_synonym=HECTH2,NDSMBA,NEDSMBA,RAUL"
1918356,NC_000007.14,Gnomon,gene,157288240,157295108,.,-,.,ID=gene-LOC124901803;Dbxref=GeneID:124901803;Name=LOC124901803;description=uncharacterized LOC124901803;gbkey=Gene;gene=LOC124901803;gene_biotype=protein_coding
1918403,NC_000007.14,BestRefSeq%2CGnomon,gene,157337004,157417439,.,+,.,"ID=gene-DNAJB6;Dbxref=GeneID:10049,HGNC:HGNC:14888,MIM:611332;Name=DNAJB6;description=DnaJ heat shock protein family (Hsp40) member B6;gbkey=Gene;gene=DNAJB6;gene_biotype=protein_coding;gene_synonym=DJ4,DnaJ,HHDJ1,HSJ-2,HSJ2,LGMD1D,LGMD1E,LGMDD1,MRJ,MSJ-1"
1918642,NC_000007.14,BestRefSeq,gene,157466231,157499716,.,+,.,ID=gene-LOC101927914;Dbxref=GeneID:101927914;Name=LOC101927914;description=uncharacterized LOC101927914;gbkey=Gene;gene=LOC101927914;gene_biotype=lncRNA
1918654,NC_000007.14,BestRefSeq,gene,157501406,157503906,.,+,.,ID=gene-LOC105375610;Dbxref=GeneID:105375610;Name=LOC105375610;description=uncharacterized LOC105375610;gbkey=Gene;gene=LOC105375610;gene_biotype=lncRNA
1918679,NC_000007.14,BestRefSeq%2CGnomon,gene,157539056,158587823,.,-,.,"ID=gene-PTPRN2;Dbxref=GeneID:5799,HGNC:HGNC:9677,MIM:601698;Name=PTPRN2;description=protein tyrosine phosphatase receptor type N2;gbkey=Gene;gene=PTPRN2;gene_biotype=protein_coding;gene_synonym=IA-2beta,IAR,ICAAR,PTPRP,R-PTP-N2"
1919214,NC_000007.14,BestRefSeq,gene,157574336,157574422,.,-,.,"ID=gene-MIR153-2;Dbxref=GeneID:406945,HGNC:HGNC:31540,miRBase:MI0000464;Name=MIR153-2;description=microRNA 153-2;gbkey=Gene;gene=MIR153-2;gene_biotype=miRNA;gene_synonym=mir-153-2,MIRN153-2"
1919225,NC_000007.14,Gnomon,gene,157609875,157613146,.,-,.,ID=gene-LOC105375615;Dbxref=GeneID:105375615;Name=LOC105375615;description=uncharacterized LOC105375615;gbkey=Gene;gene=LOC105375615;gene_biotype=lncRNA
1919229,NC_000007.14,Gnomon,gene,157613939,157618771,.,+,.,ID=gene-LOC105375614;Dbxref=GeneID:105375614;Name=LOC105375614;description=uncharacterized LOC105375614;gbkey=Gene;gene=LOC105375614;gene_biotype=lncRNA
1919272,NC_000007.14,BestRefSeq,gene,157854585,157866092,.,+,.,"ID=gene-PTPRN2-AS1;Dbxref=GeneID:100506585,HGNC:HGNC:40488;Name=PTPRN2-AS1;description=PTPRN2 antisense RNA 1;gbkey=Gene;gene=PTPRN2-AS1;gene_biotype=lncRNA"
1919294,NC_000007.14,Gnomon,gene,157987160,157989040,.,+,.,ID=gene-LOC105375613;Dbxref=GeneID:105375613;Name=LOC105375613;description=uncharacterized LOC105375613;gbkey=Gene;gene=LOC105375613;gene_biotype=lncRNA
1919432,NC_000007.14,BestRefSeq,gene,158532718,158532813,.,-,.,"ID=gene-MIR595;Dbxref=GeneID:693180,HGNC:HGNC:32851,miRBase:MI0003607;Name=MIR595;description=microRNA 595;gbkey=Gene;gene=MIR595;gene_biotype=miRNA;gene_synonym=hsa-mir-595,MIRN595"
1919443,NC_000007.14,Gnomon,gene,158571832,158582505,.,-,.,ID=gene-LOC124901793;Dbxref=GeneID:124901793;Name=LOC124901793;description=uncharacterized LOC124901793;gbkey=Gene;gene=LOC124901793;gene_biotype=lncRNA
1919449,NC_000007.14,BestRefSeq,gene,158590629,158591933,.,+,.,"ID=gene-LINC01022;Dbxref=GeneID:105375616,HGNC:HGNC:48998;Name=LINC01022;description=long intergenic non-protein coding RNA 1022;gbkey=Gene;gene=LINC01022;gene_biotype=lncRNA"
1919453,NC_000007.14,BestRefSeq,gene,158591616,158591696,.,+,.,"ID=gene-MIR5707;Dbxref=GeneID:100847032,HGNC:HGNC:43449,miRBase:MI0019315;Name=MIR5707;description=microRNA 5707;gbkey=Gene;gene=MIR5707;gene_biotype=miRNA"
1919462,NC_000007.14,BestRefSeq%2CGnomon,gene,158631169,158704804,.,-,.,"ID=gene-NCAPG2;Dbxref=GeneID:54892,HGNC:HGNC:21904,MIM:608532;Name=NCAPG2;description=non-SMC condensin II complex subunit G2;gbkey=Gene;gene=NCAPG2;gene_biotype=protein_coding;gene_synonym=3KS,CAP-G2,CAPG2,hCAP-G2,LUZP5,MTB"
1920522,NC_000007.14,BestRefSeq%2CGnomon,gene,158730997,158829509,.,-,.,"ID=gene-ESYT2;Dbxref=GeneID:57488,HGNC:HGNC:22211,MIM:616691;Name=ESYT2;description=extended synaptotagmin 2;gbkey=Gene;gene=ESYT2;gene_biotype=protein_coding;gene_synonym=CHR2SYT,E-Syt2,FAM62B"
1920932,NC_000007.14,BestRefSeq%2CGnomon,gene,158839245,158958698,.,+,.,"ID=gene-DYNC2I1;Dbxref=GeneID:55112,HGNC:HGNC:21862,MIM:615462;Name=DYNC2I1;description=dynein 2 intermediate chain 1;gbkey=Gene;gene=DYNC2I1;gene_biotype=protein_coding;gene_synonym=CFAP163,DIC6,FAP163,SRPS6,SRTD8,WDR60"
1922101,NC_000007.14,Gnomon,gene,158855138,158856522,.,-,.,ID=gene-LOC124901796;Dbxref=GeneID:124901796;Name=LOC124901796;description=uncharacterized LOC124901796;gbkey=Gene;gene=LOC124901796;gene_biotype=lncRNA
1922123,NC_000007.14,Gnomon,gene,158959618,158960392,.,+,.,ID=gene-LOC124901794;Dbxref=GeneID:124901794;Name=LOC124901794;description=uncharacterized LOC124901794;gbkey=Gene;gene=LOC124901794;gene_biotype=protein_coding
1922127,NC_000007.14,Gnomon,gene,158974301,158981822,.,+,.,ID=gene-LOC124901795;Dbxref=GeneID:124901795;Name=LOC124901795;description=uncharacterized LOC124901795;gbkey=Gene;gene=LOC124901795;gene_biotype=lncRNA
1922139,NC_000007.14,BestRefSeq,gene,159008354,159026238,.,+,.,"ID=gene-LINC00689;Dbxref=GeneID:154822,HGNC:HGNC:27217;Name=LINC00689;description=long intergenic non-protein coding RNA 689;gbkey=Gene;gene=LINC00689;gene_biotype=lncRNA;gene_synonym=STORM"
1922154,NC_000007.14,BestRefSeq,gene,159028175,159144867,.,-,.,"ID=gene-VIPR2;Dbxref=GeneID:7434,HGNC:HGNC:12695,MIM:601970;Name=VIPR2;description=vasoactive intestinal peptide receptor 2;gbkey=Gene;gene=VIPR2;gene_biotype=protein_coding;gene_synonym=C16DUPq36.3,DUP7q36.3,PACAP-R-3,PACAP-R3,VIP-R-2,VPAC2,VPAC2R,VPCAP2R"
